name,alcohol,image_link,category
1000억_유산균_막걸리,5,https://storage.googleapis.com/cheersmate/images/1000%E1%84%8B%E1%85%A5%E1%86%A8_%E1%84%8B%E1%85%B2%E1%84%89%E1%85%A1%E1%86%AB%E1%84%80%E1%85%B2%E1%86%AB_%E1%84%86%E1%85%A1%E1%86%A8%E1%84%80%E1%85%A5%E1%86%AF%E1%84%85%E1%85%B5.png,막걸리
1000억_프리바이오_막걸리,5,https://storage.googleapis.com/cheersmate/images/1000%E1%84%8B%E1%85%A5%E1%86%A8_%E1%84%91%E1%85%B3%E1%84%85%E1%85%B5%E1%84%87%E1%85%A1%E1%84%8B%E1%85%B5%E1%84%8B%E1%85%A9_%E1%84%86%E1%85%A1%E1%86%A8%E1%84%80%E1%85%A5%E1%86%AF%E1%84%85%E1%85%B5.png,막걸리
1000억막걸리프리바이오,5,https://dbscthumb-phinf.pstatic.net/4776_000_3/20200824211414848_3VYTFRKKT.png/fe87_527_i1.png?type=m4500_4500_fst_n&wm=Y,막걸리
1000억유산균막걸리,5,https://dbscthumb-phinf.pstatic.net/4776_000_3/20200824211745693_5GX8P72WC.png/fe87_528_i1.png?type=m4500_4500_fst_n&wm=Y,막걸리
1932새싹땅콩햅쌀막걸리,6,https://dbscthumb-phinf.pstatic.net/4776_000_1/20170529155654649_UCG6KNQ0X.jpg/fe87_112_i1.jpg?type=m4500_4500_fst_n&wm=Y,막걸리
1932새싹땅콩흑미막걸리,6,https://dbscthumb-phinf.pstatic.net/4776_000_1/20170529155600621_18IACGCNU.jpg/fe87_111_i1.jpg?type=m4500_4500_fst_n&wm=Y,막걸리
g12골디락스,12,https://dbscthumb-phinf.pstatic.net/4776_000_3/20220323113635016_X2OFH4FIJ.jpg/fe87_531_i1.jpg?type=m4500_4500_fst_n&wm=Y,막걸리
JMT_막걸리,9.7,https://storage.googleapis.com/cheersmate/images/JMT_%E1%84%86%E1%85%A1%E1%86%A8%E1%84%80%E1%85%A5%E1%86%AF%E1%84%85%E1%85%B5.png,막걸리
가덕순쌀막걸리,6,https://dbscthumb-phinf.pstatic.net/4776_000_2/20190726180526179_0TTMYF538.jpg/fe87_420_i1.jpg?type=m4500_4500_fst_n&wm=Y,막걸리
가야막걸리,6,https://storage.googleapis.com/cheersmate/images/%E1%84%80%E1%85%A1%E1%84%8B%E1%85%A3%E1%84%86%E1%85%A1%E1%86%A8%E1%84%80%E1%85%A5%E1%86%AF%E1%84%85%E1%85%B5.png,막걸리
가와지탁주_10,10,https://storage.googleapis.com/cheersmate/images/%E1%84%80%E1%85%A1%E1%84%8B%E1%85%AA%E1%84%8C%E1%85%B5%E1%84%90%E1%85%A1%E1%86%A8%E1%84%8C%E1%85%AE_10.png,막걸리
가와지탁주_8,8,https://storage.googleapis.com/cheersmate/images/%E1%84%80%E1%85%A1%E1%84%8B%E1%85%AA%E1%84%8C%E1%85%B5%E1%84%90%E1%85%A1%E1%86%A8%E1%84%8C%E1%85%AE_8.png,막걸리
가평잣막걸리,6,https://storage.googleapis.com/cheersmate/images/%E1%84%80%E1%85%A1%E1%84%91%E1%85%A7%E1%86%BC%E1%84%8C%E1%85%A1%E1%86%BA%E1%84%86%E1%85%A1%E1%86%A8%E1%84%80%E1%85%A5%E1%86%AF%E1%84%85%E1%85%B5.png,막걸리
가평잣생막걸리,6,https://storage.googleapis.com/cheersmate/images/%E1%84%80%E1%85%A1%E1%84%91%E1%85%A7%E1%86%BC%E1%84%8C%E1%85%A1%E1%86%BA%E1%84%89%E1%85%A2%E1%86%BC%E1%84%86%E1%85%A1%E1%86%A8%E1%84%80%E1%85%A5%E1%86%AF%E1%84%85%E1%85%B5.png,막걸리
걍즐겨,8,https://dbscthumb-phinf.pstatic.net/4776_000_2/20200824200514070_BKRPRP92K.jpg/fe87_502_i1.jpg?type=m4500_4500_fst_n&wm=Y,막걸리
경주법주_쌀막걸리,6,https://storage.googleapis.com/cheersmate/images/%E1%84%80%E1%85%A7%E1%86%BC%E1%84%8C%E1%85%AE%E1%84%87%E1%85%A5%E1%86%B8%E1%84%8C%E1%85%AE_%E1%84%8A%E1%85%A1%E1%86%AF%E1%84%86%E1%85%A1%E1%86%A8%E1%84%80%E1%85%A5%E1%86%AF%E1%84%85%E1%85%B5.png,막걸리
구름을벗삼아,6,https://dbscthumb-phinf.pstatic.net/4776_000_1/20170113200854803_A2QJ493XH.jpg/fe87_058_i1.jpg?type=m4500_4500_fst_n&wm=Y,막걸리
구절초꽃술_11도,11,https://storage.googleapis.com/cheersmate/images/%E1%84%80%E1%85%AE%E1%84%8C%E1%85%A5%E1%86%AF%E1%84%8E%E1%85%A9%E1%84%81%E1%85%A9%E1%86%BE%E1%84%89%E1%85%AE%E1%86%AF_11%E1%84%83%E1%85%A9.png,막걸리
구절초꽃술_8도,8,https://storage.googleapis.com/cheersmate/images/%E1%84%80%E1%85%AE%E1%84%8C%E1%85%A5%E1%86%AF%E1%84%8E%E1%85%A9%E1%84%81%E1%85%A9%E1%86%BE%E1%84%89%E1%85%AE%E1%86%AF_8%E1%84%83%E1%85%A9.png,막걸리
국순당_생막걸리,6,https://storage.googleapis.com/cheersmate/images/%E1%84%80%E1%85%AE%E1%86%A8%E1%84%89%E1%85%AE%E1%86%AB%E1%84%83%E1%85%A1%E1%86%BC_%E1%84%89%E1%85%A2%E1%86%BC%E1%84%86%E1%85%A1%E1%86%A8%E1%84%80%E1%85%A5%E1%86%AF%E1%84%85%E1%85%B5_%E1%84%8B%E1%85%AE%E1%84%80%E1%85%AE%E1%86%A8%E1%84%89%E1%85%A2%E1%86%BC.png,막걸리
국순당_생막걸리_우국생,6,https://storage.googleapis.com/cheersmate/images/%E1%84%80%E1%85%AE%E1%86%A8%E1%84%89%E1%85%AE%E1%86%AB%E1%84%83%E1%85%A1%E1%86%BC_%E1%84%89%E1%85%A2%E1%86%BC%E1%84%86%E1%85%A1%E1%86%A8%E1%84%80%E1%85%A5%E1%86%AF%E1%84%85%E1%85%B5.png,막걸리
국순당_쌀막걸리,5.8,https://storage.googleapis.com/cheersmate/images/%E1%84%80%E1%85%AE%E1%86%A8%E1%84%89%E1%85%AE%E1%86%AB%E1%84%83%E1%85%A1%E1%86%BC_%E1%84%8A%E1%85%A1%E1%86%AF%E1%84%86%E1%85%A1%E1%86%A8%E1%84%80%E1%85%A5%E1%86%AF%E1%84%85%E1%85%B5.png,막걸리
국순당_쌀바나나,4,https://storage.googleapis.com/cheersmate/images/%E1%84%80%E1%85%AE%E1%86%A8%E1%84%89%E1%85%AE%E1%86%AB%E1%84%83%E1%85%A1%E1%86%BC_%E1%84%8A%E1%85%A1%E1%86%AF%E1%84%87%E1%85%A1%E1%84%82%E1%85%A1%E1%84%82%E1%85%A1.png,막걸리
국순당_쌀복숭아,3,https://storage.googleapis.com/cheersmate/images/%E1%84%80%E1%85%AE%E1%86%A8%E1%84%89%E1%85%AE%E1%86%AB%E1%84%83%E1%85%A1%E1%86%BC_%E1%84%8A%E1%85%A1%E1%86%AF%E1%84%87%E1%85%A9%E1%86%A8%E1%84%89%E1%85%AE%E1%86%BC%E1%84%8B%E1%85%A1.png,막걸리
"그래,_그_날",5.5,https://storage.googleapis.com/cheersmate/images/%E1%84%80%E1%85%B3%E1%84%85%E1%85%A2%2C_%E1%84%80%E1%85%B3_%E1%84%82%E1%85%A1%E1%86%AF.png,막걸리
금정산성_막걸리,8,https://storage.googleapis.com/cheersmate/images/%E1%84%80%E1%85%B3%E1%86%B7%E1%84%8C%E1%85%A5%E1%86%BC%E1%84%89%E1%85%A1%E1%86%AB%E1%84%89%E1%85%A5%E1%86%BC_%E1%84%86%E1%85%A1%E1%86%A8%E1%84%80%E1%85%A5%E1%86%AF%E1%84%85%E1%85%B5.png,막걸리
금정산성막걸리,8,https://dbscthumb-phinf.pstatic.net/4776_000_1/20170522132458060_MR30GE50S.jpg/fe87_130_i1.jpg?type=m4500_4500_fst_n&wm=Y,막걸리
기다림16,9,https://dbscthumb-phinf.pstatic.net/4776_000_2/20190726165930816_TPPKTIPLO.png/fe87_396_i1.png?type=m4500_4500_fst_n&wm=Y,막걸리
기다림25,8,https://dbscthumb-phinf.pstatic.net/4776_000_2/20190726170210672_OLP5HWC02.jpg/fe87_397_i1.jpg?type=m4500_4500_fst_n&wm=Y,막걸리
기다림34,12,https://dbscthumb-phinf.pstatic.net/4776_000_2/20190726170758628_26LKBRKT3.jpg/fe87_399_i1.jpg?type=m4500_4500_fst_n&wm=Y,막걸리
김포막걸리,6,https://dbscthumb-phinf.pstatic.net/4776_000_1/20181013051043394_5YRGMJIQ0.jpg/fe87_305_i1.jpg?type=m4500_4500_fst_n&wm=Y,막걸리
까망토끼,9,https://storage.googleapis.com/cheersmate/images/%E1%84%81%E1%85%A1%E1%84%86%E1%85%A1%E1%86%BC%E1%84%90%E1%85%A9%E1%84%81%E1%85%B5.png,막걸리
까메오막걸리,6,https://dbscthumb-phinf.pstatic.net/4776_000_1/20170113202036157_D85TUP60H.jpg/fe87_077_i1.jpg?type=m4500_4500_fst_n&wm=Y,막걸리
나루생막걸리,6,https://storage.googleapis.com/cheersmate/images/%E1%84%82%E1%85%A1%E1%84%85%E1%85%AE%E1%84%89%E1%85%A2%E1%86%BC%E1%84%86%E1%85%A1%E1%86%A8%E1%84%80%E1%85%A5%E1%86%AF%E1%84%85%E1%85%B5.png,막걸리
나루생막걸리11.5,11.5,https://dbscthumb-phinf.pstatic.net/4776_000_2/20200824183256418_PHFGJWZZM.jpg/fe87_468_i1.jpg?type=m4500_4500_fst_n&wm=Y,막걸리
나루생막걸리6,6,https://dbscthumb-phinf.pstatic.net/4776_000_3/20200924202918773_GJOA57KJ4.JPG/fe87_467_i1.JPG?type=m4500_4500_fst_n&wm=Y,막걸리
느린마을_늘봄,6,https://storage.googleapis.com/cheersmate/images/%E1%84%82%E1%85%B3%E1%84%85%E1%85%B5%E1%86%AB%E1%84%86%E1%85%A1%E1%84%8B%E1%85%B3%E1%86%AF_%E1%84%82%E1%85%B3%E1%86%AF%E1%84%87%E1%85%A9%E1%86%B7.png,막걸리
느린마을막걸리,6,https://dbscthumb-phinf.pstatic.net/4776_000_3/20230323160018342_0W66D9ADK.jpg/fe87_060_i1.jpg?type=m4500_4500_fst_n&wm=Y,막걸리
다랭이팜생막걸리,6,https://dbscthumb-phinf.pstatic.net/4776_000_1/20170113200429110_0QMCRE5XX.jpg/fe87_051_i1.jpg?type=m4500_4500_fst_n&wm=Y,막걸리
다랭이팜생막걸리흑미,6,https://dbscthumb-phinf.pstatic.net/4776_000_1/20170113200506454_KABPWMDA0.jpg/fe87_052_i1.jpg?type=m4500_4500_fst_n&wm=Y,막걸리
다랭이팜유자막걸리,6,https://dbscthumb-phinf.pstatic.net/4776_000_1/20170113200429110_0QMCRE5XX.jpg/fe87_051_i1.jpg?type=m4500_4500_fst_n&wm=Y,막걸리
담은,6,https://dbscthumb-phinf.pstatic.net/4776_000_3/20230323160148027_86T5CSW65.jpg/fe87_110_i1.jpg?type=m4500_4500_fst_n&wm=Y,막걸리
담은_막걸리,6.5,https://storage.googleapis.com/cheersmate/images/%E1%84%83%E1%85%A1%E1%86%B7%E1%84%8B%E1%85%B3%E1%86%AB_%E1%84%86%E1%85%A1%E1%86%A8%E1%84%80%E1%85%A5%E1%86%AF%E1%84%85%E1%85%B5.png,막걸리
대관람차,12,https://storage.googleapis.com/cheersmate/images/%E1%84%83%E1%85%A2%E1%84%80%E1%85%AA%E1%86%AB%E1%84%85%E1%85%A1%E1%86%B7%E1%84%8E%E1%85%A1.png,막걸리
대대포생막걸리,6,https://dbscthumb-phinf.pstatic.net/4776_000_2/20200824165800449_IGNMW1L7V.jpg/fe87_433_i1.jpg?type=m4500_4500_fst_n&wm=Y,막걸리
대잎생동동주,6,https://dbscthumb-phinf.pstatic.net/4776_000_2/20200824170124806_RYRD8T46O.jpg/fe87_434_i1.jpg?type=m4500_4500_fst_n&wm=Y,막걸리
대작생막걸리,6,https://dbscthumb-phinf.pstatic.net/4776_000_2/20200824195825140_324GP6B0T.jpg/fe87_499_i1.jpg?type=m4500_4500_fst_n&wm=Y,막걸리
덕산_쌀막걸리,6.5,https://storage.googleapis.com/cheersmate/images/%E1%84%83%E1%85%A5%E1%86%A8%E1%84%89%E1%85%A1%E1%86%AB_%E1%84%8A%E1%85%A1%E1%86%AF%E1%84%86%E1%85%A1%E1%86%A8%E1%84%80%E1%85%A5%E1%86%AF%E1%84%85%E1%85%B5_%E1%84%89%E1%85%A2%E1%86%BC.png,막걸리
덕산_쌀막걸리_생,6,https://storage.googleapis.com/cheersmate/images/%E1%84%83%E1%85%A5%E1%86%A8%E1%84%89%E1%85%A1%E1%86%AB_%E1%84%8A%E1%85%A1%E1%86%AF%E1%84%86%E1%85%A1%E1%86%A8%E1%84%80%E1%85%A5%E1%86%AF%E1%84%85%E1%85%B5.png,막걸리
도구막걸리,6,https://dbscthumb-phinf.pstatic.net/4776_000_2/20190726155803330_N6EPZA7RB.jpg/fe87_376_i1.jpg?type=m4500_4500_fst_n&wm=Y,막걸리
도깨비술11,11,https://dbscthumb-phinf.pstatic.net/4776_000_3/20200824205047515_ZVA72BP7U.jpg/fe87_518_i1.jpg?type=m4500_4500_fst_n&wm=Y,막걸리
도깨비술7,7,https://dbscthumb-phinf.pstatic.net/4776_000_3/20200824204640852_C4CXQBPL5.jpg/fe87_516_i1.jpg?type=m4500_4500_fst_n&wm=Y,막걸리
도깨비술9,9,https://dbscthumb-phinf.pstatic.net/4776_000_3/20200824204640852_C4CXQBPL5.jpg/fe87_516_i1.jpg?type=m4500_4500_fst_n&wm=Y,막걸리
도문대작생막걸리,10,https://dbscthumb-phinf.pstatic.net/4776_000_1/20181013031757149_ZARUEP4U6.jpg/fe87_289_i1.jpg?type=m4500_4500_fst_n&wm=Y,막걸리
동정춘,8,https://dbscthumb-phinf.pstatic.net/4776_000_1/20181013052411973_EG8HA2DG2.jpg/fe87_307_i1.jpg?type=m4500_4500_fst_n&wm=Y,막걸리
동정춘막걸리산정호수,6,https://dbscthumb-phinf.pstatic.net/4776_000_2/20190726140234357_98MLRQ66S.jpg/fe87_329_i1.jpg?type=m4500_4500_fst_n&wm=Y,막걸리
동해동동주,6,https://dbscthumb-phinf.pstatic.net/4776_000_2/20190726160143977_DOW26BS1Y.jpg/fe87_377_i1.jpg?type=m4500_4500_fst_n&wm=Y,막걸리
두유노,6,https://dbscthumb-phinf.pstatic.net/4776_000_2/20200824200953084_BMV9XL4TH.jpg/fe87_504_i1.jpg?type=m4500_4500_fst_n&wm=Y,막걸리
만강에비친달,10,https://dbscthumb-phinf.pstatic.net/4776_000_1/20170113200354565_70DEY1IM5.jpg/fe87_049_i1.jpg?type=m4500_4500_fst_n&wm=Y,막걸리
맑은내일발효막걸리,7,https://dbscthumb-phinf.pstatic.net/4776_000_2/20200824192033822_GA7GGL0IM.jpg/fe87_486_i1.jpg?type=m4500_4500_fst_n&wm=Y,막걸리
매실막걸리,7,https://dbscthumb-phinf.pstatic.net/4776_000_1/20170522180121096_8XKUN4IHD.JPG/fe87_177_i1.JPG?type=m4500_4500_fst_n&wm=Y,막걸리
매화_마름_호랑이_막걸리,7,https://storage.googleapis.com/cheersmate/images/%E1%84%86%E1%85%A2%E1%84%92%E1%85%AA_%E1%84%86%E1%85%A1%E1%84%85%E1%85%B3%E1%86%B7_%E1%84%92%E1%85%A9%E1%84%85%E1%85%A1%E1%86%BC%E1%84%8B%E1%85%B5_%E1%84%86%E1%85%A1%E1%86%A8%E1%84%80%E1%85%A5%E1%86%AF%E1%84%85%E1%85%B5.png,막걸리
메로니아,4,https://storage.googleapis.com/cheersmate/images/%E1%84%86%E1%85%A6%E1%84%85%E1%85%A9%E1%84%82%E1%85%B5%E1%84%8B%E1%85%A1.png,막걸리
문경_오미자_막걸리,6.5,https://storage.googleapis.com/cheersmate/images/%E1%84%86%E1%85%AE%E1%86%AB%E1%84%80%E1%85%A7%E1%86%BC_%E1%84%8B%E1%85%A9%E1%84%86%E1%85%B5%E1%84%8C%E1%85%A1_%E1%84%86%E1%85%A1%E1%86%A8%E1%84%80%E1%85%A5%E1%86%AF%E1%84%85%E1%85%B5.png,막걸리
문경주조오미자생막걸리,6.5,https://dbscthumb-phinf.pstatic.net/4776_000_1/20170113201021525_BNNMKXHFB.jpg/fe87_061_i1.jpg?type=m4500_4500_fst_n&wm=Y,막걸리
문희문경오미자수제전통주,12,https://dbscthumb-phinf.pstatic.net/4776_000_1/20170113200338694_YWE1FIWVD.jpg/fe87_048_i1.jpg?type=m4500_4500_fst_n&wm=Y,막걸리
문희햇찹쌀수제전통주,13,https://dbscthumb-phinf.pstatic.net/4776_000_1/20170113201618261_XZHX5UNDW.jpg/fe87_071_i1.jpg?type=m4500_4500_fst_n&wm=Y,막걸리
미생막걸리,6,https://dbscthumb-phinf.pstatic.net/4776_000_1/20181013061306620_1KUWMGMM9.jpg/fe87_314_i1.jpg?type=m4500_4500_fst_n&wm=Y,막걸리
미소생막걸리,7,https://dbscthumb-phinf.pstatic.net/4776_000_1/20181012214730340_BDCJUZ1W6.jpg/fe87_247_i1.jpg?type=m4500_4500_fst_n&wm=Y,막걸리
미인탁주,10,https://dbscthumb-phinf.pstatic.net/4776_000_1/20181013034217923_6XFYFPG7Y.jpg/fe87_292_i1.jpg?type=m4500_4500_fst_n&wm=Y,막걸리
바랑탁,15,https://dbscthumb-phinf.pstatic.net/4776_000_2/20200824195225929_MP2CDPJ0I.jpg/fe87_497_i1.jpg?type=m4500_4500_fst_n&wm=Y,막걸리
밤동산_알밤_막걸리,6,https://storage.googleapis.com/cheersmate/images/%E1%84%87%E1%85%A1%E1%86%B7%E1%84%83%E1%85%A9%E1%86%BC%E1%84%89%E1%85%A1%E1%86%AB_%E1%84%8B%E1%85%A1%E1%86%AF%E1%84%87%E1%85%A1%E1%86%B7_%E1%84%86%E1%85%A1%E1%86%A8%E1%84%80%E1%85%A5%E1%86%AF%E1%84%85%E1%85%B5.png,막걸리
방문주탁주,15,https://dbscthumb-phinf.pstatic.net/4776_000_2/20190726143405659_RWKT3E25M.jpg/fe87_343_i1.jpg?type=m4500_4500_fst_n&wm=Y,막걸리
배꽃담은연생막걸리,10,https://dbscthumb-phinf.pstatic.net/4776_000_2/20190726140504374_5S9AALD44.jpg/fe87_330_i1.jpg?type=m4500_4500_fst_n&wm=Y,막걸리
백년향,10,https://dbscthumb-phinf.pstatic.net/4776_000_2/20190726154131667_I73NBER42.jpg/fe87_370_i1.jpg?type=m4500_4500_fst_n&wm=Y,막걸리
백련생막걸리_Snow,6,https://storage.googleapis.com/cheersmate/images/%E1%84%87%E1%85%A2%E1%86%A8%E1%84%85%E1%85%A7%E1%86%AB%E1%84%89%E1%85%A2%E1%86%BC%E1%84%86%E1%85%A1%E1%86%A8%E1%84%80%E1%85%A5%E1%86%AF%E1%84%85%E1%85%B5_Snow.png,막걸리
백련생막걸리Misty,7,https://dbscthumb-phinf.pstatic.net/4776_000_1/20170116182513588_JWOEOYNXK.jpg/fe87_083_i1.jpg?type=m4500_4500_fst_n&wm=Y,막걸리
백련생막걸리Snow,6,https://dbscthumb-phinf.pstatic.net/4776_000_1/20170116182406377_QSCXEQ60W.jpg/fe87_081_i1.jpg?type=m4500_4500_fst_n&wm=Y,막걸리
백자주,10,https://dbscthumb-phinf.pstatic.net/4776_000_1/20181013053126008_E690GWAFO.jpg/fe87_308_i1.jpg?type=m4500_4500_fst_n&wm=Y,막걸리
백화미인,18,https://storage.googleapis.com/cheersmate/images/%E1%84%87%E1%85%A2%E1%86%A8%E1%84%92%E1%85%AA%E1%84%86%E1%85%B5%E1%84%8B%E1%85%B5%E1%86%AB.png,막걸리
별산_막걸리,6.5,https://storage.googleapis.com/cheersmate/images/%E1%84%87%E1%85%A7%E1%86%AF%E1%84%89%E1%85%A1%E1%86%AB_%E1%84%86%E1%85%A1%E1%86%A8%E1%84%80%E1%85%A5%E1%86%AF%E1%84%85%E1%85%B5.png,막걸리
별산_오디스파클링,6,https://storage.googleapis.com/cheersmate/images/%E1%84%87%E1%85%A7%E1%86%AF%E1%84%89%E1%85%A1%E1%86%AB_%E1%84%8B%E1%85%A9%E1%84%83%E1%85%B5%E1%84%89%E1%85%B3%E1%84%91%E1%85%A1%E1%84%8F%E1%85%B3%E1%86%AF%E1%84%85%E1%85%B5%E1%86%BC.png,막걸리
병영설성동동주,6,https://dbscthumb-phinf.pstatic.net/4776_000_2/20190726152439491_MNIORJTXK.png/fe87_363_i1.png?type=m4500_4500_fst_n&wm=Y,막걸리
병영설성생막걸리,6,https://dbscthumb-phinf.pstatic.net/4776_000_2/20190726152214954_QUK17Q5TU.png/fe87_362_i1.png?type=m4500_4500_fst_n&wm=Y,막걸리
복순도가_손막걸리,6.5,https://storage.googleapis.com/cheersmate/images/%E1%84%87%E1%85%A9%E1%86%A8%E1%84%89%E1%85%AE%E1%86%AB%E1%84%83%E1%85%A9%E1%84%80%E1%85%A1_%E1%84%89%E1%85%A9%E1%86%AB%E1%84%86%E1%85%A1%E1%86%A8%E1%84%80%E1%85%A5%E1%86%AF%E1%84%85%E1%85%B5.png,막걸리
복순도가_탁주,10,https://storage.googleapis.com/cheersmate/images/%E1%84%87%E1%85%A9%E1%86%A8%E1%84%89%E1%85%AE%E1%86%AB%E1%84%83%E1%85%A9%E1%84%80%E1%85%A1_%E1%84%90%E1%85%A1%E1%86%A8%E1%84%8C%E1%85%AE.png,막걸리
복순도가손막걸리,6.5,https://dbscthumb-phinf.pstatic.net/4776_000_1/20170113200703070_CT9LUIG2R.jpg/fe87_056_i1.jpg?type=m4500_4500_fst_n&wm=Y,막걸리
본,17,https://storage.googleapis.com/cheersmate/images/%E1%84%87%E1%85%A9%E1%86%AB.png,막걸리
볼빨간막걸리10,10,https://dbscthumb-phinf.pstatic.net/4776_000_2/20200824201456044_9CYIGJSI8.jpg/fe87_506_i1.jpg?type=m4500_4500_fst_n&wm=Y,막걸리
볼빨간막걸리7,7,https://dbscthumb-phinf.pstatic.net/4776_000_2/20200824201225961_KRWPNU0W0.jpg/fe87_505_i1.jpg?type=m4500_4500_fst_n&wm=Y,막걸리
봉하쌀생막걸리,6,https://dbscthumb-phinf.pstatic.net/4776_000_2/20200824165432702_GELK797R1.jpg/fe87_432_i1.jpg?type=m4500_4500_fst_n&wm=Y,막걸리
부안참뽕막걸리,6,https://dbscthumb-phinf.pstatic.net/4776_000_1/20170522152728512_2AXIIPLX4.jpg/fe87_152_i1.jpg?type=m4500_4500_fst_n&wm=Y,막걸리
부자_10,10,https://storage.googleapis.com/cheersmate/images/%E1%84%87%E1%85%AE%E1%84%8C%E1%85%A1_10.png,막걸리
부자_13,13,https://storage.googleapis.com/cheersmate/images/%E1%84%87%E1%85%AE%E1%84%8C%E1%85%A1_13.png,막걸리
부자10,10,https://dbscthumb-phinf.pstatic.net/4776_000_1/20170112175209439_R80JW7O1W.jpg/fe87_012_i1.jpg?type=m4500_4500_fst_n&wm=Y,막걸리
붉은_원숭이,10.8,https://storage.googleapis.com/cheersmate/images/%E1%84%87%E1%85%AE%E1%86%B0%E1%84%8B%E1%85%B3%E1%86%AB_%E1%84%8B%E1%85%AF%E1%86%AB%E1%84%89%E1%85%AE%E1%86%BC%E1%84%8B%E1%85%B5.png,막걸리
붉은원숭이,10.8,https://dbscthumb-phinf.pstatic.net/4776_000_1/20170112175155456_M0XP15G2K.jpg/fe87_011_i1.jpg?type=m4500_4500_fst_n&wm=Y,막걸리
사화정미소,12,https://storage.googleapis.com/cheersmate/images/%E1%84%89%E1%85%A1%E1%84%92%E1%85%AA%E1%84%8C%E1%85%A5%E1%86%BC%E1%84%86%E1%85%B5%E1%84%89%E1%85%A9.png,막걸리
산막생유막걸리,6,https://dbscthumb-phinf.pstatic.net/4776_000_1/20170522193445714_N71Q2GOCS.JPG/fe87_191_i1.JPG?type=m4500_4500_fst_n&wm=Y,막걸리
삼선,10,https://dbscthumb-phinf.pstatic.net/4776_000_2/20190726154556434_9S2FI6F9I.jpg/fe87_372_i1.jpg?type=m4500_4500_fst_n&wm=Y,막걸리
삼양춘_탁주,12.5,https://storage.googleapis.com/cheersmate/images/%E1%84%89%E1%85%A1%E1%86%B7%E1%84%8B%E1%85%A3%E1%86%BC%E1%84%8E%E1%85%AE%E1%86%AB_%E1%84%90%E1%85%A1%E1%86%A8%E1%84%8C%E1%85%AE.png,막걸리
삼양춘생탁주,12.5,https://dbscthumb-phinf.pstatic.net/4776_000_1/20181013035355517_I7BH2GKXB.jpg/fe87_294_i1.jpg?type=m4500_4500_fst_n&wm=Y,막걸리
서울골드막걸리,15,https://storage.googleapis.com/cheersmate/images/%E1%84%89%E1%85%A5%E1%84%8B%E1%85%AE%E1%86%AF%E1%84%80%E1%85%A9%E1%86%AF%E1%84%83%E1%85%B3%E1%84%86%E1%85%A1%E1%86%A8%E1%84%80%E1%85%A5%E1%86%AF%E1%84%85%E1%85%B5.png,막걸리
서울막걸리,7.5,https://storage.googleapis.com/cheersmate/images/%E1%84%89%E1%85%A5%E1%84%8B%E1%85%AE%E1%86%AF%E1%84%86%E1%85%A1%E1%86%A8%E1%84%80%E1%85%A5%E1%86%AF%E1%84%85%E1%85%B5.png,막걸리
서울핑크막걸리,7.5,https://storage.googleapis.com/cheersmate/images/%E1%84%89%E1%85%A5%E1%84%8B%E1%85%AE%E1%86%AF%E1%84%91%E1%85%B5%E1%86%BC%E1%84%8F%E1%85%B3%E1%84%86%E1%85%A1%E1%86%A8%E1%84%80%E1%85%A5%E1%86%AF%E1%84%85%E1%85%B5.png,막걸리
석탄주탁주,15,https://dbscthumb-phinf.pstatic.net/4776_000_2/20190726184201385_S31Z8SZXO.jpg/fe87_341_i1.jpg?type=m4500_4500_fst_n&wm=Y,막걸리
선산_베이직,6,https://storage.googleapis.com/cheersmate/images/%E1%84%89%E1%85%A5%E1%86%AB%E1%84%89%E1%85%A1%E1%86%AB_%E1%84%87%E1%85%A6%E1%84%8B%E1%85%B5%E1%84%8C%E1%85%B5%E1%86%A8_%E1%84%8E%E1%85%AE%E1%84%89%E1%85%A5%E1%86%A8_%E1%84%89%E1%85%A5%E1%86%AB%E1%84%86%E1%85%AE%E1%86%AF%E1%84%89%E1%85%A6%E1%84%90%E1%85%B3_2023.png,막걸리
선산_베이직_추석_선물세트_2023,6,https://storage.googleapis.com/cheersmate/images/%E1%84%89%E1%85%A5%E1%86%AB%E1%84%89%E1%85%A1%E1%86%AB_%E1%84%87%E1%85%A6%E1%84%8B%E1%85%B5%E1%84%8C%E1%85%B5%E1%86%A8.png,막걸리
선산_스위트,8,https://storage.googleapis.com/cheersmate/images/%E1%84%89%E1%85%A5%E1%86%AB%E1%84%89%E1%85%A1%E1%86%AB_%E1%84%89%E1%85%B3%E1%84%8B%E1%85%B1%E1%84%90%E1%85%B3_%E1%84%8E%E1%85%AE%E1%84%89%E1%85%A5%E1%86%A8_%E1%84%89%E1%85%A5%E1%86%AB%E1%84%86%E1%85%AE%E1%86%AF%E1%84%89%E1%85%A6%E1%84%90%E1%85%B3_2023.png,막걸리
선산_스위트_추석_선물세트_2023,8,https://storage.googleapis.com/cheersmate/images/%E1%84%89%E1%85%A5%E1%86%AB%E1%84%89%E1%85%A1%E1%86%AB_%E1%84%89%E1%85%B3%E1%84%8B%E1%85%B1%E1%84%90%E1%85%B3.png,막걸리
선산_오리지널,12,https://storage.googleapis.com/cheersmate/images/%E1%84%89%E1%85%A5%E1%86%AB%E1%84%89%E1%85%A1%E1%86%AB_%E1%84%8B%E1%85%A9%E1%84%85%E1%85%B5%E1%84%8C%E1%85%B5%E1%84%82%E1%85%A5%E1%86%AF.png,막걸리
선운산의아침복분자막걸리,6,https://dbscthumb-phinf.pstatic.net/4776_000_1/20170522123454919_KF7TU50RL.jpg/fe87_122_i1.jpg?type=m4500_4500_fst_n&wm=Y,막걸리
선호_생막걸리,6,https://storage.googleapis.com/cheersmate/images/%E1%84%89%E1%85%A5%E1%86%AB%E1%84%92%E1%85%A9_%E1%84%89%E1%85%A2%E1%86%BC%E1%84%86%E1%85%A1%E1%86%A8%E1%84%80%E1%85%A5%E1%86%AF%E1%84%85%E1%85%B5.png,막걸리
선호생막걸리,6,https://dbscthumb-phinf.pstatic.net/4776_000_1/20181013060525629_3F1OK8L05.jpg/fe87_313_i1.jpg?type=m4500_4500_fst_n&wm=Y,막걸리
설레막걸리,7,https://storage.googleapis.com/cheersmate/images/%E1%84%89%E1%85%A5%E1%86%AF%E1%84%85%E1%85%A6%E1%84%86%E1%85%A1%E1%86%A8%E1%84%80%E1%85%A5%E1%86%AF%E1%84%85%E1%85%B5.png,막걸리
설성만월막걸리,8,https://dbscthumb-phinf.pstatic.net/4776_000_1/20170113200801672_EP3U3EP0J.jpg/fe87_057_i1.jpg?type=m4500_4500_fst_n&wm=Y,막걸리
설하담,8,https://dbscthumb-phinf.pstatic.net/4776_000_2/20190726163453158_PCRO5EQ00.jpg/fe87_388_i1.jpg?type=m4500_4500_fst_n&wm=Y,막걸리
성포생막걸리,6,https://dbscthumb-phinf.pstatic.net/4776_000_2/20200824181948661_RWKY053PU.jpg/fe87_463_i1.jpg?type=m4500_4500_fst_n&wm=Y,막걸리
세종_바나나주,6,https://storage.googleapis.com/cheersmate/images/%E1%84%89%E1%85%A6%E1%84%8C%E1%85%A9%E1%86%BC_%E1%84%87%E1%85%A1%E1%84%82%E1%85%A1%E1%84%82%E1%85%A1%E1%84%8C%E1%85%AE.png,막걸리
세종_알밤주,6,https://storage.googleapis.com/cheersmate/images/%E1%84%89%E1%85%A6%E1%84%8C%E1%85%A9%E1%86%BC_%E1%84%8B%E1%85%A1%E1%86%AF%E1%84%87%E1%85%A1%E1%86%B7%E1%84%8C%E1%85%AE.png,막걸리
세종_옥수수주,6,https://storage.googleapis.com/cheersmate/images/%E1%84%89%E1%85%A6%E1%84%8C%E1%85%A9%E1%86%BC_%E1%84%8B%E1%85%A9%E1%86%A8%E1%84%89%E1%85%AE%E1%84%89%E1%85%AE%E1%84%8C%E1%85%AE.png,막걸리
세종대왕_어주_탁주,13,https://storage.googleapis.com/cheersmate/images/%E1%84%89%E1%85%A6%E1%84%8C%E1%85%A9%E1%86%BC%E1%84%83%E1%85%A2%E1%84%8B%E1%85%AA%E1%86%BC_%E1%84%8B%E1%85%A5%E1%84%8C%E1%85%AE_%E1%84%90%E1%85%A1%E1%86%A8%E1%84%8C%E1%85%AE.png,막걸리
세종대왕어주탁주,13,https://dbscthumb-phinf.pstatic.net/4776_000_2/20200824171105629_VRT6QDXNZ.jpg/fe87_437_i1.jpg?type=m4500_4500_fst_n&wm=Y,막걸리
세종쌀막걸리,6,https://dbscthumb-phinf.pstatic.net/4776_000_1/20170224103944606_MO8J3ME6Q.jpg/fe87_020_i1.jpg?type=m4500_4500_fst_n&wm=Y,막걸리
소백산검은콩막걸리,6,https://dbscthumb-phinf.pstatic.net/4776_000_1/20170224173113670_EX0LST65L.jpg/fe87_097_i1.jpg?type=m4500_4500_fst_n&wm=Y,막걸리
소백산생막걸리,6,https://dbscthumb-phinf.pstatic.net/4776_000_1/20170113200915723_8UAL5M7DW.jpg/fe87_059_i1.jpg?type=m4500_4500_fst_n&wm=Y,막걸리
소백산생만찬주,6,https://dbscthumb-phinf.pstatic.net/4776_000_1/20170116183458705_X501Q01RV.jpg/fe87_096_i1.jpg?type=m4500_4500_fst_n&wm=Y,막걸리
소백산오곡진상주,7,https://dbscthumb-phinf.pstatic.net/4776_000_1/20170113200411481_59P7SS49K.jpg/fe87_050_i1.jpg?type=m4500_4500_fst_n&wm=Y,막걸리
소양강생막걸리,6,https://dbscthumb-phinf.pstatic.net/4776_000_1/20170224173530761_S3FIN8O8J.jpg/fe87_055_i1.jpg?type=m4500_4500_fst_n&wm=Y,막걸리
소풍막걸리,5.5,https://storage.googleapis.com/cheersmate/images/%E1%84%89%E1%85%A9%E1%84%91%E1%85%AE%E1%86%BC%E1%84%86%E1%85%A1%E1%86%A8%E1%84%80%E1%85%A5%E1%86%AF%E1%84%85%E1%85%B5.png,막걸리
송도막걸리,6,https://storage.googleapis.com/cheersmate/images/%E1%84%89%E1%85%A9%E1%86%BC%E1%84%83%E1%85%A9%E1%84%86%E1%85%A1%E1%86%A8%E1%84%80%E1%85%A5%E1%86%AF%E1%84%85%E1%85%B5.png,막걸리
송명섭_막걸리,6,https://storage.googleapis.com/cheersmate/images/%E1%84%89%E1%85%A9%E1%86%BC%E1%84%86%E1%85%A7%E1%86%BC%E1%84%89%E1%85%A5%E1%86%B8_%E1%84%86%E1%85%A1%E1%86%A8%E1%84%80%E1%85%A5%E1%86%AF%E1%84%85%E1%85%B5.png,막걸리
송명섭막걸리,6,https://dbscthumb-phinf.pstatic.net/4776_000_1/20181013063235756_GV9IBYQ6O.jpg/fe87_317_i1.jpg?type=m4500_4500_fst_n&wm=Y,막걸리
수제탁주_바랑,15,https://storage.googleapis.com/cheersmate/images/%E1%84%89%E1%85%AE%E1%84%8C%E1%85%A6%E1%84%90%E1%85%A1%E1%86%A8%E1%84%8C%E1%85%AE_%E1%84%87%E1%85%A1%E1%84%85%E1%85%A1%E1%86%BC.png,막걸리
술공방_9.0,9,https://storage.googleapis.com/cheersmate/images/%E1%84%89%E1%85%AE%E1%86%AF%E1%84%80%E1%85%A9%E1%86%BC%E1%84%87%E1%85%A1%E1%86%BC_9.0.png,막걸리
술공방9,9,https://dbscthumb-phinf.pstatic.net/4776_000_2/20200824190548442_B3OB01R2H.jpg/fe87_480_i1.jpg?type=m4500_4500_fst_n&wm=Y,막걸리
술그리다생탁주,10,https://dbscthumb-phinf.pstatic.net/4776_000_1/20181013040621700_PPXZ4M93W.jpg/fe87_296_i1.jpg?type=m4500_4500_fst_n&wm=Y,막걸리
술샘이화주,8,https://dbscthumb-phinf.pstatic.net/4776_000_3/20230323155935055_0G9EV2D1A.jpg/fe87_007_i1.jpg?type=m4500_4500_fst_n&wm=Y,막걸리
술아_막걸리,8,https://storage.googleapis.com/cheersmate/images/%E1%84%89%E1%85%AE%E1%86%AF%E1%84%8B%E1%85%A1_%E1%84%86%E1%85%A1%E1%86%A8%E1%84%80%E1%85%A5%E1%86%AF%E1%84%85%E1%85%B5.png,막걸리
술아막걸리,8,https://dbscthumb-phinf.pstatic.net/4776_000_1/20181013072719976_NO95M1QJO.jpg/fe87_325_i1.jpg?type=m4500_4500_fst_n&wm=Y,막걸리
술예쁘다생탁주,13,https://dbscthumb-phinf.pstatic.net/4776_000_1/20181013041250159_I7F6QEQ6P.jpg/fe87_297_i1.jpg?type=m4500_4500_fst_n&wm=Y,막걸리
술취한_원숭이,10.8,https://storage.googleapis.com/cheersmate/images/%E1%84%89%E1%85%AE%E1%86%AF%E1%84%8E%E1%85%B1%E1%84%92%E1%85%A1%E1%86%AB_%E1%84%8B%E1%85%AF%E1%86%AB%E1%84%89%E1%85%AE%E1%86%BC%E1%84%8B%E1%85%B5.png,막걸리
술취한원숭이,10.8,https://dbscthumb-phinf.pstatic.net/4776_000_1/20170224110556451_9XTH58QMX.jpg/fe87_064_i1.jpg?type=m4500_4500_fst_n&wm=Y,막걸리
술헤는밤,8,https://dbscthumb-phinf.pstatic.net/4776_000_2/20190726182735913_QIZ8V5752.png/fe87_428_i1.png?type=m4500_4500_fst_n&wm=Y,막걸리
시인의마을우리쌀막걸리,10,https://dbscthumb-phinf.pstatic.net/4776_000_1/20181012192832445_LXCJHW3DX.jpg/fe87_232_i1.jpg?type=m4500_4500_fst_n&wm=Y,막걸리
신선주_탁주10%,10,https://storage.googleapis.com/cheersmate/images/%E1%84%89%E1%85%B5%E1%86%AB%E1%84%89%E1%85%A5%E1%86%AB%E1%84%8C%E1%85%AE_%E1%84%90%E1%85%A1%E1%86%A8%E1%84%8C%E1%85%AE10%25.png,막걸리
신선주백주,10,https://dbscthumb-phinf.pstatic.net/4776_000_3/20220323115430928_EL4I3S7FI.jpg/fe87_539_i1.jpg?type=m4500_4500_fst_n&wm=Y,막걸리
아이원막걸리,6,https://dbscthumb-phinf.pstatic.net/4776_000_1/20181012192113640_88TIU6V5T.jpg/fe87_231_i1.jpg?type=m4500_4500_fst_n&wm=Y,막걸리
아임프리,7,https://storage.googleapis.com/cheersmate/images/%E1%84%8B%E1%85%A1%E1%84%8B%E1%85%B5%E1%86%B7%E1%84%91%E1%85%B3%E1%84%85%E1%85%B5.png,막걸리
안양동동주,6,https://dbscthumb-phinf.pstatic.net/4776_000_2/20200824181020194_QH4YPKS24.jpg/fe87_459_i1.jpg?type=m4500_4500_fst_n&wm=Y,막걸리
야관문막걸리,6,https://dbscthumb-phinf.pstatic.net/4776_000_1/20170523190623083_YODHLWOOD.jpg/fe87_228_i1.jpg?type=m4500_4500_fst_n&wm=Y,막걸리
양촌생동동주,10,https://dbscthumb-phinf.pstatic.net/4776_000_1/20170224173651762_0RT14ZQ2Y.jpg/fe87_073_i1.jpg?type=m4500_4500_fst_n&wm=Y,막걸리
양촌생막걸리,6,https://dbscthumb-phinf.pstatic.net/4776_000_1/20170113201813816_EM4S2IAYG.jpg/fe87_074_i1.jpg?type=m4500_4500_fst_n&wm=Y,막걸리
연꽃담은술_11도,11,https://storage.googleapis.com/cheersmate/images/%E1%84%8B%E1%85%A7%E1%86%AB%E1%84%81%E1%85%A9%E1%86%BE%E1%84%83%E1%85%A1%E1%86%B7%E1%84%8B%E1%85%B3%E1%86%AB%E1%84%89%E1%85%AE%E1%86%AF_11%E1%84%83%E1%85%A9.png,막걸리
연꽃담은술_8도,8,https://storage.googleapis.com/cheersmate/images/%E1%84%8B%E1%85%A7%E1%86%AB%E1%84%81%E1%85%A9%E1%86%BE%E1%84%83%E1%85%A1%E1%86%B7%E1%84%8B%E1%85%B3%E1%86%AB%E1%84%89%E1%85%AE%E1%86%AF_8%E1%84%83%E1%85%A9.png,막걸리
연천아주,8,https://dbscthumb-phinf.pstatic.net/4776_000_3/20200824205322335_QAZ944VJV.jpg/fe87_519_i1.jpg?type=m4500_4500_fst_n&wm=Y,막걸리
영일만친구막걸리,6,https://dbscthumb-phinf.pstatic.net/4776_000_2/20190726155506629_T0UKWWUJW.jpg/fe87_375_i1.jpg?type=m4500_4500_fst_n&wm=Y,막걸리
옛날_막걸리,7.8,https://storage.googleapis.com/cheersmate/images/%E1%84%8B%E1%85%A8%E1%86%BA%E1%84%82%E1%85%A1%E1%86%AF_%E1%84%86%E1%85%A1%E1%86%A8%E1%84%80%E1%85%A5%E1%86%AF%E1%84%85%E1%85%B5.png,막걸리
옛날막걸리古,7.8,https://dbscthumb-phinf.pstatic.net/4776_000_1/20170424210707084_FAGZHBP04.jpg/fe87_105_i1.jpg?type=m4500_4500_fst_n&wm=Y,막걸리
오마이_갓,10,https://storage.googleapis.com/cheersmate/images/%E1%84%8B%E1%85%A9%E1%84%86%E1%85%A1%E1%84%8B%E1%85%B5_%E1%84%80%E1%85%A1%E1%86%BA.png,막걸리
오매백주,12,https://dbscthumb-phinf.pstatic.net/4776_000_2/20200824191550561_8K2FAWU49.jpg/fe87_484_i1.jpg?type=m4500_4500_fst_n&wm=Y,막걸리
오산막걸리,6,https://dbscthumb-phinf.pstatic.net/4776_000_2/20200824191242181_FJ88S223Q.jpg/fe87_483_i1.jpg?type=m4500_4500_fst_n&wm=Y,막걸리
오희_스파클링_막걸리,8.5,https://storage.googleapis.com/cheersmate/images/%E1%84%8B%E1%85%A9%E1%84%92%E1%85%B4_%E1%84%89%E1%85%B3%E1%84%91%E1%85%A1%E1%84%8F%E1%85%B3%E1%86%AF%E1%84%85%E1%85%B5%E1%86%BC_%E1%84%86%E1%85%A1%E1%86%A8%E1%84%80%E1%85%A5%E1%86%AF%E1%84%85%E1%85%B5.png,막걸리
오희스파클링막걸리,8.5,https://dbscthumb-phinf.pstatic.net/4776_000_1/20181013074635363_B418GXNIW.jpg/fe87_328_i1.jpg?type=m4500_4500_fst_n&wm=Y,막걸리
옥수수막걸리,6,https://storage.googleapis.com/cheersmate/images/%E1%84%8B%E1%85%A9%E1%86%A8%E1%84%89%E1%85%AE%E1%84%89%E1%85%AE%E1%84%86%E1%85%A1%E1%86%A8%E1%84%80%E1%85%A5%E1%86%AF%E1%84%85%E1%85%B5.png,막걸리
왕피천을품은미소생막걸리,7,https://dbscthumb-phinf.pstatic.net/4776_000_1/20181012215850325_E1PT0EEQ0.jpg/fe87_248_i1.jpg?type=m4500_4500_fst_n&wm=Y,막걸리
우곡생주,10,https://storage.googleapis.com/cheersmate/images/%E1%84%8B%E1%85%AE%E1%84%80%E1%85%A9%E1%86%A8%E1%84%89%E1%85%A2%E1%86%BC%E1%84%8C%E1%85%AE.png,막걸리
우곡주,13,https://storage.googleapis.com/cheersmate/images/%E1%84%8B%E1%85%AE%E1%84%80%E1%85%A9%E1%86%A8%E1%84%8C%E1%85%AE.png,막걸리
우도_땅콩_전통주,6,https://storage.googleapis.com/cheersmate/images/%E1%84%8B%E1%85%AE%E1%84%83%E1%85%A9_%E1%84%84%E1%85%A1%E1%86%BC%E1%84%8F%E1%85%A9%E1%86%BC_%E1%84%8C%E1%85%A5%E1%86%AB%E1%84%90%E1%85%A9%E1%86%BC%E1%84%8C%E1%85%AE.png,막걸리
우렁이쌀_손_막걸리,7.5,https://storage.googleapis.com/cheersmate/images/%E1%84%8B%E1%85%AE%E1%84%85%E1%85%A5%E1%86%BC%E1%84%8B%E1%85%B5%E1%84%8A%E1%85%A1%E1%86%AF_%E1%84%89%E1%85%A9%E1%86%AB_%E1%84%86%E1%85%A1%E1%86%A8%E1%84%80%E1%85%A5%E1%86%AF%E1%84%85%E1%85%B5_%E1%84%83%E1%85%B3%E1%84%85%E1%85%A1%E1%84%8B%E1%85%B5.png,막걸리
우렁이쌀_손_막걸리_드라이,7.5,https://storage.googleapis.com/cheersmate/images/%E1%84%8B%E1%85%AE%E1%84%85%E1%85%A5%E1%86%BC%E1%84%8B%E1%85%B5%E1%84%8A%E1%85%A1%E1%86%AF_%E1%84%89%E1%85%A9%E1%86%AB_%E1%84%86%E1%85%A1%E1%86%A8%E1%84%80%E1%85%A5%E1%86%AF%E1%84%85%E1%85%B5.png,막걸리
우렁이쌀손막걸리,7.5,https://dbscthumb-phinf.pstatic.net/4776_000_3/20230323155935054_JQQG5GQYI.jpg/fe87_054_i1.jpg?type=m4500_4500_fst_n&wm=Y,막걸리
우리쌀_배다리막걸리,7,https://storage.googleapis.com/cheersmate/images/%E1%84%8B%E1%85%AE%E1%84%85%E1%85%B5%E1%84%8A%E1%85%A1%E1%86%AF_%E1%84%87%E1%85%A2%E1%84%83%E1%85%A1%E1%84%85%E1%85%B5%E1%84%86%E1%85%A1%E1%86%A8%E1%84%80%E1%85%A5%E1%86%AF%E1%84%85%E1%85%B5.png,막걸리
월매쌀막걸리,6,https://dbscthumb-phinf.pstatic.net/4776_000_1/20181012223930615_T25RQAD1K.jpg/fe87_252_i1.jpg?type=m4500_4500_fst_n&wm=Y,막걸리
유성별_막걸리,5,https://storage.googleapis.com/cheersmate/images/%E1%84%8B%E1%85%B2%E1%84%89%E1%85%A5%E1%86%BC%E1%84%87%E1%85%A7%E1%86%AF_%E1%84%86%E1%85%A1%E1%86%A8%E1%84%80%E1%85%A5%E1%86%AF%E1%84%85%E1%85%B5.png,막걸리
유자동동주,6,https://dbscthumb-phinf.pstatic.net/4776_000_2/20200824182213814_4GCATWWAK.jpg/fe87_464_i1.jpg?type=m4500_4500_fst_n&wm=Y,막걸리
유자생막걸리,5,https://dbscthumb-phinf.pstatic.net/4776_000_1/20170524152908845_YH8ILUB46.jpg/fe87_173_i1.jpg?type=m4500_4500_fst_n&wm=Y,막걸리
율무동동주,14,https://dbscthumb-phinf.pstatic.net/4776_000_3/20200824205542822_VHZJ2WXH2.jpg/fe87_520_i1.jpg?type=m4500_4500_fst_n&wm=Y,막걸리
은자골곶감생탁배기,6,https://dbscthumb-phinf.pstatic.net/4776_000_1/20170116183007288_5OQ57BFPD.jpg/fe87_089_i1.jpg?type=m4500_4500_fst_n&wm=Y,막걸리
은자골생탁배기,5,https://dbscthumb-phinf.pstatic.net/4776_000_1/20170116182946252_U21CE6PE9.jpg/fe87_088_i1.jpg?type=m4500_4500_fst_n&wm=Y,막걸리
이동생쌀막걸리,6,https://dbscthumb-phinf.pstatic.net/4776_000_1/20170116182607367_R1A6R4GR5.jpg/fe87_084_i1.jpg?type=m4500_4500_fst_n&wm=Y,막걸리
이동쌀막걸리,6,https://dbscthumb-phinf.pstatic.net/4776_000_1/20170116182703122_SP1FPJH1H.jpg/fe87_085_i1.jpg?type=m4500_4500_fst_n&wm=Y,막걸리
이상헌_탁주_14도,14,https://storage.googleapis.com/cheersmate/images/%E1%84%8B%E1%85%B5%E1%84%89%E1%85%A1%E1%86%BC%E1%84%92%E1%85%A5%E1%86%AB_%E1%84%90%E1%85%A1%E1%86%A8%E1%84%8C%E1%85%AE_14%E1%84%83%E1%85%A9.png,막걸리
이상헌_탁주_19도,19,https://storage.googleapis.com/cheersmate/images/%E1%84%8B%E1%85%B5%E1%84%89%E1%85%A1%E1%86%BC%E1%84%92%E1%85%A5%E1%86%AB_%E1%84%90%E1%85%A1%E1%86%A8%E1%84%8C%E1%85%AE_19%E1%84%83%E1%85%A9.png,막걸리
이상헌탁주,19,https://dbscthumb-phinf.pstatic.net/4776_000_2/20190726181609891_9HASGK8MD.jpg/fe87_424_i1.jpg?type=m4500_4500_fst_n&wm=Y,막걸리
이화백주,6,https://dbscthumb-phinf.pstatic.net/4776_000_1/20181013023517407_AEIEZYQYW.jpg/fe87_284_i1.jpg?type=m4500_4500_fst_n&wm=Y,막걸리
인천생소성주,6,https://dbscthumb-phinf.pstatic.net/4776_000_1/20170224173842228_JAPYM0YLK.jpg/fe87_069_i1.jpg?type=m4500_4500_fst_n&wm=Y,막걸리
입장탁주,6,https://dbscthumb-phinf.pstatic.net/4776_000_1/20170522211939648_RSBDLHPP8.jpg/fe87_207_i1.jpg?type=m4500_4500_fst_n&wm=Y,막걸리
자색_고구마_막걸리,8,https://storage.googleapis.com/cheersmate/images/%E1%84%8C%E1%85%A1%E1%84%89%E1%85%A2%E1%86%A8_%E1%84%80%E1%85%A9%E1%84%80%E1%85%AE%E1%84%86%E1%85%A1_%E1%84%86%E1%85%A1%E1%86%A8%E1%84%80%E1%85%A5%E1%86%AF%E1%84%85%E1%85%B5.png,막걸리
자연담은복분자막걸리,6,https://dbscthumb-phinf.pstatic.net/4776_000_1/20170522123221840_G4P0YTZ58.jpg/fe87_121_i1.jpg?type=m4500_4500_fst_n&wm=Y,막걸리
자희향나비생탁주,8,https://dbscthumb-phinf.pstatic.net/4776_000_1/20170116183201205_8SIW8ALJ3.jpg/fe87_092_i1.jpg?type=m4500_4500_fst_n&wm=Y,막걸리
자희향탁주,12,https://dbscthumb-phinf.pstatic.net/4776_000_1/20170116183201205_8SIW8ALJ3.jpg/fe87_092_i1.jpg?type=m4500_4500_fst_n&wm=Y,막걸리
장수생막걸리,6,https://dbscthumb-phinf.pstatic.net/4776_000_1/20170522183540299_ORVQ19GN2.jpg/fe87_182_i1.jpg?type=m4500_4500_fst_n&wm=Y,막걸리
장홍삼장수막걸리,6,https://dbscthumb-phinf.pstatic.net/4776_000_1/20170522182741719_2I4CNBTWW.jpg/fe87_181_i1.jpg?type=m4500_4500_fst_n&wm=Y,막걸리
정고집나주쌀생막걸리,6,https://dbscthumb-phinf.pstatic.net/4776_000_2/20190726165132572_E44A7UG5Z.jpg/fe87_393_i1.jpg?type=m4500_4500_fst_n&wm=Y,막걸리
정고집옛날생동동주,6,https://dbscthumb-phinf.pstatic.net/4776_000_2/20190726164755981_C1PR20GOK.jpg/fe87_392_i1.jpg?type=m4500_4500_fst_n&wm=Y,막걸리
제주_한라봉_막걸리,6,https://storage.googleapis.com/cheersmate/images/%E1%84%8C%E1%85%A6%E1%84%8C%E1%85%AE_%E1%84%92%E1%85%A1%E1%86%AB%E1%84%85%E1%85%A1%E1%84%87%E1%85%A9%E1%86%BC_%E1%84%86%E1%85%A1%E1%86%A8%E1%84%80%E1%85%A5%E1%86%AF%E1%84%85%E1%85%B5.png,막걸리
주산지막걸리,6,https://dbscthumb-phinf.pstatic.net/4776_000_3/20200824203948947_PV31M5Z6C.jpg/fe87_513_i1.jpg?type=m4500_4500_fst_n&wm=Y,막걸리
죽향생막걸리,6,https://dbscthumb-phinf.pstatic.net/4776_000_2/20200824165800449_IGNMW1L7V.jpg/fe87_433_i1.jpg?type=m4500_4500_fst_n&wm=Y,막걸리
줄포생막걸리,6,https://dbscthumb-phinf.pstatic.net/4776_000_1/20170522152607037_ZF2APIT1L.jpg/fe87_151_i1.jpg?type=m4500_4500_fst_n&wm=Y,막걸리
지란지교무화과탁주,12,https://dbscthumb-phinf.pstatic.net/4776_000_3/20220323120017200_AM87U91ML.jpg/fe87_542_i1.jpg?type=m4500_4500_fst_n&wm=Y,막걸리
지란지교탁주,13,https://dbscthumb-phinf.pstatic.net/4776_000_3/20220323120131475_N8WXBRGKH.png/fe87_543_i1.png?type=m4500_4500_fst_n&wm=Y,막걸리
지리산정담생막걸리,6,https://dbscthumb-phinf.pstatic.net/4776_000_1/20170522232536195_HS5IGCOE5.jpg/fe87_227_i1.jpg?type=m4500_4500_fst_n&wm=Y,막걸리
지리산허브잎술,6,https://dbscthumb-phinf.pstatic.net/4776_000_1/20170522231700411_H62JNCCWB.JPG/fe87_226_i1.JPG?type=m4500_4500_fst_n&wm=Y,막걸리
지장수_호박_생막걸리,6,https://storage.googleapis.com/cheersmate/images/%E1%84%8C%E1%85%B5%E1%84%8C%E1%85%A1%E1%86%BC%E1%84%89%E1%85%AE_%E1%84%92%E1%85%A9%E1%84%87%E1%85%A1%E1%86%A8_%E1%84%89%E1%85%A2%E1%86%BC%E1%84%86%E1%85%A1%E1%86%A8%E1%84%80%E1%85%A5%E1%86%AF%E1%84%85%E1%85%B5.png,막걸리
지장수생막걸리,6,https://dbscthumb-phinf.pstatic.net/4776_000_1/20170113201708772_CJ6PYGPQS.jpg/fe87_072_i1.jpg?type=m4500_4500_fst_n&wm=Y,막걸리
지장수호박막걸리,6,https://dbscthumb-phinf.pstatic.net/4776_000_1/20170113201049810_QGCQRV1Y5.jpg/fe87_062_i1.jpg?type=m4500_4500_fst_n&wm=Y,막걸리
지장수호박생막걸리,6,https://dbscthumb-phinf.pstatic.net/4776_000_1/20170113201110001_EGGIZFESP.jpg/fe87_063_i1.jpg?type=m4500_4500_fst_n&wm=Y,막걸리
지평생쌀막걸리,5,https://dbscthumb-phinf.pstatic.net/4776_000_1/20170113201406603_35UQENT6W.jpg/fe87_067_i1.jpg?type=m4500_4500_fst_n&wm=Y,막걸리
지평생옛막걸리,5,https://dbscthumb-phinf.pstatic.net/4776_000_1/20170113200526686_G12PA5BMM.jpg/fe87_053_i1.jpg?type=m4500_4500_fst_n&wm=Y,막걸리
찰막걸리,5.5,https://dbscthumb-phinf.pstatic.net/4776_000_1/20170529155741770_M6PU99E38.jpg/fe87_113_i1.jpg?type=m4500_4500_fst_n&wm=Y,막걸리
창원생탁주,6,https://dbscthumb-phinf.pstatic.net/4776_000_2/20200824192359016_T8GIKLAQK.jpg/fe87_487_i1.jpg?type=m4500_4500_fst_n&wm=Y,막걸리
천년전주생막걸리,6,https://dbscthumb-phinf.pstatic.net/4776_000_1/20170113194211634_XYLPAK3X0.jpg/fe87_018_i1.jpg?type=m4500_4500_fst_n&wm=Y,막걸리
천마이야기,6,https://dbscthumb-phinf.pstatic.net/4776_000_1/20170522180831827_M89J117X1.jpg/fe87_178_i1.jpg?type=m4500_4500_fst_n&wm=Y,막걸리
천비향오양주탁주,14,https://dbscthumb-phinf.pstatic.net/4776_000_1/20181013042218445_90W978QTP.jpg/fe87_298_i1.jpg?type=m4500_4500_fst_n&wm=Y,막걸리
천지주가햅쌀생막걸리,6,https://dbscthumb-phinf.pstatic.net/4776_000_1/20170112175316094_001ZR3Q3L.jpg/fe87_017_i1.jpg?type=m4500_4500_fst_n&wm=Y,막걸리
청남대블루베리생막걸리,6,https://dbscthumb-phinf.pstatic.net/4776_000_2/20190726180806669_NG5XKY0PH.jpg/fe87_421_i1.jpg?type=m4500_4500_fst_n&wm=Y,막걸리
청산녹수꿀막걸리,8,https://dbscthumb-phinf.pstatic.net/4776_000_1/20181012195304406_557UQXFK6.jpg/fe87_235_i1.jpg?type=m4500_4500_fst_n&wm=Y,막걸리
청산녹수사미인주,8,https://dbscthumb-phinf.pstatic.net/4776_000_1/20181012194441188_FZ2SG9SIN.jpg/fe87_234_i1.jpg?type=m4500_4500_fst_n&wm=Y,막걸리
청산녹수생탁주,6,https://dbscthumb-phinf.pstatic.net/4776_000_1/20181012200059135_UEDG5HOHK.jpg/fe87_236_i1.jpg?type=m4500_4500_fst_n&wm=Y,막걸리
청송얼음골동동주,6,https://dbscthumb-phinf.pstatic.net/4776_000_3/20200824204433948_NNNJB8M5B.jpg/fe87_515_i1.jpg?type=m4500_4500_fst_n&wm=Y,막걸리
청송주왕사과막걸리,6,https://dbscthumb-phinf.pstatic.net/4776_000_3/20200824204234434_PHYYWF1VL.jpg/fe87_514_i1.jpg?type=m4500_4500_fst_n&wm=Y,막걸리
톡생막걸리,5,https://storage.googleapis.com/cheersmate/images/%E1%84%90%E1%85%A9%E1%86%A8%E1%84%89%E1%85%A2%E1%86%BC%E1%84%86%E1%85%A1%E1%86%A8%E1%84%80%E1%85%A5%E1%86%AF%E1%84%85%E1%85%B5.png,막걸리
톡쏘는_쌀막걸리,6,https://storage.googleapis.com/cheersmate/images/%E1%84%90%E1%85%A9%E1%86%A8%E1%84%8A%E1%85%A9%E1%84%82%E1%85%B3%E1%86%AB_%E1%84%8A%E1%85%A1%E1%86%AF%E1%84%86%E1%85%A1%E1%86%A8%E1%84%80%E1%85%A5%E1%86%AF%E1%84%85%E1%85%B5.png,막걸리
편백숲산소막걸리,5.2,https://dbscthumb-phinf.pstatic.net/4776_000_2/20200824183632844_UFBUG4804.jpg/fe87_469_i1.jpg?type=m4500_4500_fst_n&wm=Y,막걸리
편백숲산소막걸리딸기스파클링,6.8,https://dbscthumb-phinf.pstatic.net/4776_000_2/20200824184100126_OGM9OVFZZ.jpg/fe87_471_i1.jpg?type=m4500_4500_fst_n&wm=Y,막걸리
편백숲산소막걸리순수령,5.8,https://dbscthumb-phinf.pstatic.net/4776_000_2/20200824183832249_4USUPPKG0.jpg/fe87_470_i1.jpg?type=m4500_4500_fst_n&wm=Y,막걸리
표문막걸리,6,https://storage.googleapis.com/cheersmate/images/%E1%84%91%E1%85%AD%E1%84%86%E1%85%AE%E1%86%AB%E1%84%86%E1%85%A1%E1%86%A8%E1%84%80%E1%85%A5%E1%86%AF%E1%84%85%E1%85%B5.png,막걸리
풍정사계추,12,https://dbscthumb-phinf.pstatic.net/4776_000_1/20170522223833669_0EUEEC4P8.JPG/fe87_218_i1.JPG?type=m4500_4500_fst_n&wm=Y,막걸리
하드포션_막걸리,14.3,https://storage.googleapis.com/cheersmate/images/%E1%84%92%E1%85%A1%E1%84%83%E1%85%B3%E1%84%91%E1%85%A9%E1%84%89%E1%85%A7%E1%86%AB_%E1%84%86%E1%85%A1%E1%86%A8%E1%84%80%E1%85%A5%E1%86%AF%E1%84%85%E1%85%B5.png,막걸리
한탄강익스프레스,12,https://storage.googleapis.com/cheersmate/images/%E1%84%92%E1%85%A1%E1%86%AB%E1%84%90%E1%85%A1%E1%86%AB%E1%84%80%E1%85%A1%E1%86%BC%E1%84%8B%E1%85%B5%E1%86%A8%E1%84%89%E1%85%B3%E1%84%91%E1%85%B3%E1%84%85%E1%85%A6%E1%84%89%E1%85%B3.png,막걸리
해창_12도,12,https://storage.googleapis.com/cheersmate/images/%E1%84%92%E1%85%A2%E1%84%8E%E1%85%A1%E1%86%BC_12%E1%84%83%E1%85%A9.png,막걸리
해창_9도,9,https://storage.googleapis.com/cheersmate/images/%E1%84%92%E1%85%A2%E1%84%8E%E1%85%A1%E1%86%BC_9%E1%84%83%E1%85%A9.png,막걸리
해창12도생막걸리,12,https://dbscthumb-phinf.pstatic.net/4776_000_1/20170112175236683_D4HK4M5EE.jpg/fe87_014_i1.jpg?type=m4500_4500_fst_n&wm=Y,막걸리
해창9도생막걸리,9,https://dbscthumb-phinf.pstatic.net/4776_000_1/20170112175250284_1UMVHIBO1.jpg/fe87_015_i1.jpg?type=m4500_4500_fst_n&wm=Y,막걸리
해창찹쌀생막걸리,6,https://dbscthumb-phinf.pstatic.net/4776_000_1/20170112175250284_1UMVHIBO1.jpg/fe87_015_i1.jpg?type=m4500_4500_fst_n&wm=Y,막걸리
햇찹쌀이하늘수,6,https://dbscthumb-phinf.pstatic.net/4776_000_2/20200824181214245_WO4HNP5B0.jpg/fe87_460_i1.jpg?type=m4500_4500_fst_n&wm=Y,막걸리
행운막걸리,6,https://dbscthumb-phinf.pstatic.net/4776_000_2/20200824182425226_NQVSD4UGH.jpg/fe87_465_i1.jpg?type=m4500_4500_fst_n&wm=Y,막걸리
향수우리밀막걸리,9,https://dbscthumb-phinf.pstatic.net/4776_000_1/20181012193717255_SOQ2P5JTM.jpg/fe87_233_i1.jpg?type=m4500_4500_fst_n&wm=Y,막걸리
호담산양산삼막걸리,6,https://dbscthumb-phinf.pstatic.net/4776_000_1/20181012223024906_4EPTO4SM6.jpg/fe87_251_i1.jpg?type=m4500_4500_fst_n&wm=Y,막걸리
호땅,6,https://storage.googleapis.com/cheersmate/images/%E1%84%92%E1%85%A9%E1%84%84%E1%85%A1%E1%86%BC.png,막걸리
호랑이_생막걸리,6,https://storage.googleapis.com/cheersmate/images/%E1%84%92%E1%85%A9%E1%84%85%E1%85%A1%E1%86%BC%E1%84%8B%E1%85%B5_%E1%84%89%E1%85%A2%E1%86%BC%E1%84%86%E1%85%A1%E1%86%A8%E1%84%80%E1%85%A5%E1%86%AF%E1%84%85%E1%85%B5.png,막걸리
호랑이생막걸리,6,https://dbscthumb-phinf.pstatic.net/4776_000_1/20170112175223742_GRU2WCA91.jpg/fe87_013_i1.jpg?type=m4500_4500_fst_n&wm=Y,막걸리
홍천강탁주,11,https://dbscthumb-phinf.pstatic.net/4776_000_1/20170113201222630_MFBHZDN9S.jpg/fe87_065_i1.jpg?type=m4500_4500_fst_n&wm=Y,막걸리
회곡생동동주,7,https://dbscthumb-phinf.pstatic.net/4776_000_1/20170113201902709_APHY3YQW7.jpg/fe87_075_i1.jpg?type=m4500_4500_fst_n&wm=Y,막걸리
회곡생막걸리,6,https://dbscthumb-phinf.pstatic.net/4776_000_1/20170113201937426_HFQPE635E.jpg/fe87_076_i1.jpg?type=m4500_4500_fst_n&wm=Y,막걸리
희양산막걸리15,15,https://dbscthumb-phinf.pstatic.net/4776_000_3/20200824203734369_OZCWI2BTK.jpg/fe87_512_i1.jpg?type=m4500_4500_fst_n&wm=Y,막걸리
희양산막걸리9,9,https://dbscthumb-phinf.pstatic.net/4776_000_3/20200824203515974_0GPDFOZ9C.jpg/fe87_511_i1.jpg?type=m4500_4500_fst_n&wm=Y,막걸리
1664블랑,5,https://user-images.githubusercontent.com/42470768/224222539-3cb6e019-0194-42ce-aa7e-75f078b67e4e.png,맥주
경복궁,4.5,https://user-images.githubusercontent.com/42470768/224222436-3c3d3753-3731-492c-8d93-4d78c603b360.png,맥주
광화문,4.8,https://user-images.githubusercontent.com/42470768/224222442-fe0c6375-9e22-41d6-bb82-9554738727b3.png,맥주
구미호 IPA,6.5,https://user-images.githubusercontent.com/42470768/224222444-072dbff6-e645-438b-bc64-9ad7dd6f3ebe.png,맥주
구미호 피치 에일,5.2,https://user-images.githubusercontent.com/42470768/224222447-1bbba2d5-ca40-44fe-8ad0-71b8919973d0.png,맥주
구스 아일랜드 312,4.2,https://user-images.githubusercontent.com/42470768/224222449-178ef459-a257-4242-b613-538b1852958f.png,맥주
구스 아일랜드 IPA,5.9,https://user-images.githubusercontent.com/42470768/224222451-4f511809-9929-402b-a26e-85b2b7f5846a.png,맥주
구스 아일랜드 마틸다,7,https://user-images.githubusercontent.com/42470768/224222455-d8016fe4-59af-4dd1-9774-2612e4265f22.png,맥주
구스 아일랜드 버본 컨트리 스타우트,14.1,https://user-images.githubusercontent.com/42470768/224222457-d8ef20e7-a1f0-4ad4-9521-37049327bd69.png,맥주
구스 아일랜드 소피,6.5,https://user-images.githubusercontent.com/42470768/224222458-0c6bff39-b2df-45a0-b19b-044e7c7433ad.png,맥주
구스 아일랜드 썸머 타임,5.1,https://user-images.githubusercontent.com/42470768/224222462-da6fa768-1ab0-4322-8bbb-121cbeacc6a1.png,맥주
구스 아일랜드 페페 네로,6.3,https://user-images.githubusercontent.com/42470768/224222465-3bc320ea-67b0-4608-beb6-3b99aa9cef12.png,맥주
구스 아일랜드 혼커스 에일,4.3,https://user-images.githubusercontent.com/42470768/224222466-b4531b4c-f0e6-4125-ab97-eda73912b649.png,맥주
기네스 드라우트,4.2,https://user-images.githubusercontent.com/42470768/224222470-04866a3e-d429-4f0c-852b-3bbde090e614.png,맥주
기네스 엑스트라 스타우트(북미),5.6,https://user-images.githubusercontent.com/42470768/224222474-e50c2869-e2ef-42ae-be39-6a1a16257bdd.png,맥주
기네스 엑스트라 스타우트(세계),6,https://user-images.githubusercontent.com/42470768/224222474-e50c2869-e2ef-42ae-be39-6a1a16257bdd.png,맥주
기네스 흑맥주,4.2,https://user-images.githubusercontent.com/42470768/224222475-4aa98cb1-29ae-463f-bb25-07fcb819f191.png,맥주
기린 라거,4.9,https://user-images.githubusercontent.com/42470768/224222476-bd64d747-ad22-4536-a191-4c29aa69a983.png,맥주
기린 이치방,5,https://user-images.githubusercontent.com/42470768/224222478-cf3ec06e-e743-44cf-ab5d-608f42476283.png,맥주
남산,4.5,https://user-images.githubusercontent.com/42470768/224222479-99992f22-79b6-4453-b609-4f422ba85931.png,맥주
데스페라도스,5.9,https://user-images.githubusercontent.com/42470768/224222480-7c3778fd-0944-464a-b17b-07649b1f2a39.png,맥주
데스페라도스 레드,6,https://user-images.githubusercontent.com/42470768/224222483-e29a5f2c-1a09-4787-82f2-e6d773f93d4c.png,맥주
드라이 D,4.8,https://user-images.githubusercontent.com/42470768/224222485-1e1a0f95-7426-4487-9932-8ae7ce83172b.png,맥주
라구니타스 IPA,6.2,https://user-images.githubusercontent.com/42470768/224222487-2d253ca5-2a18-4c67-9614-5ab856b57ca1.png,맥주
라구니타스 데이타임,4,https://user-images.githubusercontent.com/52191425/224230818-2730c277-9b8b-42af-b6f3-beb8eb1ae5a3.png,맥주
라구니타스 막시무스,8.2,https://user-images.githubusercontent.com/52191425/224230534-2c12dadd-1e13-42ec-a95c-0e50eef99814.png,맥주
레페 브라운,6.5,https://user-images.githubusercontent.com/52191425/224230542-3f61b2c1-3302-4f13-8233-11ab45ed54cc.png,맥주
망고 링고,5,https://user-images.githubusercontent.com/52191425/224230543-d6e6ccbf-46b3-4313-a401-c643a344d026.png,맥주
매그너스 쥬시 애플,4.5,https://user-images.githubusercontent.com/52191425/224230545-fe53a8c9-d4d5-46a2-8122-bab007d379b7.png,맥주
밀러 드래프트,4.7,https://user-images.githubusercontent.com/52191425/224230547-1edb5cca-81b3-44cf-adc9-bee0b78c9372.png,맥주
밀러 라이트,4.2,https://user-images.githubusercontent.com/52191425/224230551-79b41fc0-32d2-45dd-9047-99e38541f600.png,맥주
밀러 칠 체라다 스타일,4,https://user-images.githubusercontent.com/42470768/224222502-d12ed223-0bd7-49fa-a715-3b606667d3ad.png,맥주
밀러 하이 라이프,4.6,https://user-images.githubusercontent.com/42470768/224222504-d216e56d-e71a-47d0-bb4d-347109185ce9.png,맥주
바르슈타이너,4.8,https://user-images.githubusercontent.com/42470768/224222510-45b3e651-2800-4499-9490-2981f7d1bb39.png,맥주
바르슈타이너 던켈,4.9,https://user-images.githubusercontent.com/42470768/224222514-23bd42d6-aa51-4556-95b7-438e97b0a616.png,맥주
버드와이저,5,https://user-images.githubusercontent.com/42470768/224222516-06da1496-e9a9-408c-97ea-20d931400437.png,맥주
버드와이저 버드바,5,https://user-images.githubusercontent.com/42470768/224222519-58415f4d-190b-481f-948b-d51ca1c1e7a5.png,맥주
버드와이저 버드바 흑맥주,4.7,https://user-images.githubusercontent.com/42470768/224222520-5e00de71-3c2f-477e-bb44-1e1d67087c61.png,맥주
버드와이저 셀렉트,4.3,https://user-images.githubusercontent.com/42470768/224222515-91933dab-3747-4725-aea1-4de3ad18c6d4.png,맥주
벡스,5,https://user-images.githubusercontent.com/42470768/224222529-860cfa9e-86af-4792-bdd6-fdb21d22f0f9.png,맥주
벡스 흑맥주,4.8,https://user-images.githubusercontent.com/42470768/224222530-ec96ab4f-49bd-4e0a-9016-3044970323a7.png,맥주
브루독 펑크 AF,0.5,https://user-images.githubusercontent.com/42470768/224222532-3d3e7937-19e7-4314-90e8-3d0732b22916.png,맥주
브루독 펑크 IPA,5.6,https://user-images.githubusercontent.com/42470768/224222535-26e25b9d-74f6-4473-96e8-2b4afdf8963d.png,맥주
블루문,5.4,https://user-images.githubusercontent.com/42470768/224222541-0abcbf75-c97b-49f9-9c0c-c543eb253735.png,맥주
사이프러스 비너스,4.5,https://user-images.githubusercontent.com/42470768/224222542-e5f0ced6-fd47-40ed-aa29-87fd820efa45.png,맥주
산미구엘페일필젠,5,https://user-images.githubusercontent.com/42470768/224222546-020f0c4d-f03c-4c0f-ab4d-2b942c452882.png,맥주
산토리,5.5,https://user-images.githubusercontent.com/42470768/224222548-16a08fb5-6e88-4c69-b16c-35f5f4602e9b.png,맥주
산토리카오루에일,4.5,https://user-images.githubusercontent.com/42470768/224222550-74cb4d52-2d62-414e-b7f3-93370aac884f.png,맥주
삿포로 리저브,5,https://user-images.githubusercontent.com/52191425/224226902-40fc2d3a-a33b-409c-a834-724babba0c4a.png,맥주
삿포로 프리미엄,4.9,https://user-images.githubusercontent.com/52191425/224226904-f8c702f0-178e-4548-ba27-58c15b4da012.png,맥주
슈파텐 뮌헨,5.2,https://user-images.githubusercontent.com/52191425/224226905-f42e7d41-9d25-4904-83a5-092913db15f2.png,맥주
슈파텐 옥토버페스트,5.9,https://user-images.githubusercontent.com/52191425/224226907-ef8a9278-5e99-4c92-a14c-6f3aa08fe649.png,맥주
슈파텐 옵티메이터,7.6,https://user-images.githubusercontent.com/52191425/224226908-dcd2e74e-33bb-4536-b47c-2b13ea147899.png,맥주
스텔라 아르투아,5.2,https://user-images.githubusercontent.com/52191425/224226909-1e476525-12ba-459d-a602-7c645eb3a989.png,맥주
싱하,5,https://user-images.githubusercontent.com/52191425/224226910-1f9da4f9-cb58-4e19-a8ca-fceb05237be5.png,맥주
써머스비 애플,4.5,https://user-images.githubusercontent.com/52191425/224226913-d9105edf-6f2e-437e-9c53-401685590b30.png,맥주
아사히 드라이 블랙,5.5,https://user-images.githubusercontent.com/52191425/224226916-db0714bd-28f9-474b-a3a9-412a1b0985b8.png,맥주
아사히 슈퍼 드라이,5,https://user-images.githubusercontent.com/52191425/224226917-c4c9ef20-a9a5-4d29-b569-e1118a725b46.png,맥주
아사히 프라임 리치,6,https://user-images.githubusercontent.com/52191425/224226921-bd770409-ccc9-4b8b-b97a-6d2a900916e1.png,맥주
애플 폭스,4.5,https://user-images.githubusercontent.com/52191425/224226922-6ce349fb-2c88-4993-aefa-62415210d8a7.png,맥주
에델바이스 스노우프레쉬,5,https://user-images.githubusercontent.com/52191425/224226923-4f9a688e-0f0b-4615-835a-3ebfa6b1eb00.png,맥주
에딩거 바이스비어,5.3,https://user-images.githubusercontent.com/52191425/224226928-66ddc086-9a7c-4c37-8937-98a8c43d2c4f.png,맥주
예거 라들러 레몬,2,https://user-images.githubusercontent.com/52191425/224226931-c45e6311-46c8-4107-947c-bad5172611fe.png,맥주
예거 라들러 자몽,2,https://user-images.githubusercontent.com/52191425/224226934-0d925c6c-3d35-4fde-a77a-8899d97e9c1b.png,맥주
예비스,5,https://user-images.githubusercontent.com/52191425/224226926-bdcc3451-9f3d-46e3-8733-fb802c6c88ec.png,맥주
이슬 톡톡,3,https://user-images.githubusercontent.com/52191425/224226938-de3b268f-4795-4bc8-ab3c-7e97f2d2f879.png,맥주
제주 백록담,5.8,https://user-images.githubusercontent.com/52191425/224226940-f75d89f5-5c6d-4534-aafd-c224e5424bed.png,맥주
제주 성산일출봉,5.5,https://user-images.githubusercontent.com/52191425/224226942-906809d8-a7e8-4638-bcc3-b0c33a7cece8.png,맥주
제주 위트 에일,5.3,https://user-images.githubusercontent.com/52191425/224226852-448a1a9e-f6d1-4c18-b300-6150825b68e3.png,맥주
제주 펠롱 에일,5.5,https://user-images.githubusercontent.com/52191425/224226862-25d954d2-89f8-4c56-831c-1e55633fb59a.png,맥주
칭따오,4.7,https://user-images.githubusercontent.com/52191425/224226864-fddbc31e-ec20-4827-835b-5fc178e697cc.png,맥주
칭따오 라오산 4.0,4,https://user-images.githubusercontent.com/52191425/224226868-9ae1d177-143e-4a52-8641-9653fd201d3e.png,맥주
칭따오 라오산 4.7,4.7,https://user-images.githubusercontent.com/52191425/224230538-743b91da-92e8-4af2-8962-ca4538ce2bd3.png,맥주
칭따오 위트,4.9,https://user-images.githubusercontent.com/52191425/224226871-f96122c2-046c-45c3-8b44-44a50e1e5ff6.png,맥주
칭따오 퓨어 드래프트,4.3,https://user-images.githubusercontent.com/52191425/224226874-6c67a294-8cf6-4649-b107-7df58cb2c0a7.png,맥주
카스 라이트,4,https://user-images.githubusercontent.com/52191425/224226876-73214440-3fc6-43cd-bace-39b66bf4ea69.png,맥주
카스 프레쉬,4.5,https://user-images.githubusercontent.com/52191425/224226877-b4174823-c5c5-42ac-9561-38e77950e00e.png,맥주
칼스버그,5,https://user-images.githubusercontent.com/52191425/224226879-aa4ed5d2-493b-43b6-818a-dab529cde5c7.png,맥주
코로나,4.5,https://user-images.githubusercontent.com/52191425/224226882-37b52edd-bdf7-44d1-9189-1f6dad094b78.png,맥주
코로나 라이트,4,https://user-images.githubusercontent.com/52191425/224226884-ea3daa4e-1384-4aa5-a44f-20dd3b87c2ad.png,맥주
코젤 다크,3.8,https://user-images.githubusercontent.com/52191425/224226890-f0a0a03a-060c-4259-b08e-0d815f94512a.png,맥주
코젤 라거,4,https://user-images.githubusercontent.com/52191425/224226891-150be4d8-f8ad-4ff7-a7dd-fd6540e2cb86.png,맥주
퀸즈 에일 블론드,5.2,https://user-images.githubusercontent.com/52191425/224226893-c99b5b69-3bb9-4b53-a1cd-66cbec30a3a2.png,맥주
퀸즈 에일 엑스트라 비터,4.8,https://user-images.githubusercontent.com/52191425/224226895-d35d570c-7318-487a-96c9-85ffa2b39f3b.png,맥주
클라우드,5,https://user-images.githubusercontent.com/52191425/224226897-c81af08a-7d7e-46d3-a63b-e501a2e9cb0c.png,맥주
타이거,5,https://user-images.githubusercontent.com/52191425/224226899-05995066-e401-4908-ac33-bfce77a021d1.png,맥주
타이거 라들러 레몬,2,https://user-images.githubusercontent.com/52191425/224226900-a95583c5-e28c-4f02-b386-996f2d0f0689.png,맥주
테라,4.6,https://user-images.githubusercontent.com/52191425/224227831-6f52a0e8-abd8-4981-b0b2-d3b6bd777d37.png,맥주
파울라너 살베이터,7.9,https://user-images.githubusercontent.com/52191425/224227833-9615acb9-c9be-48f7-bb03-d15f413cead4.png,맥주
파울라너 오리지널 뮌헨,4.9,https://user-images.githubusercontent.com/52191425/224227772-757c8855-722e-4c66-9039-ff60e585747c.png,맥주
파울라너 옥토버페스트 맥주,6,https://user-images.githubusercontent.com/52191425/224227781-c25be8be-8831-4cca-b550-3c0f777af5e8.png,맥주
파울라너 헤페 바이스비어,5.5,https://user-images.githubusercontent.com/52191425/224227782-addc9ed0-e304-4b6a-90ef-4e9ae443e587.png,맥주
파타고니아 바이스,5.2,https://user-images.githubusercontent.com/52191425/224227784-6add5fad-e1a9-4aff-a4ca-3ab2ed1d5542.png,맥주
파타고니아 보헤미안 필스너,5,https://user-images.githubusercontent.com/52191425/224227785-9a29ef3a-0aa4-455d-b758-8ce3fb51ea8a.png,맥주
파타고니아 앰버 라거,5.5,https://user-images.githubusercontent.com/52191425/224227786-27afd2be-3c02-4836-a72a-6220eca6af1b.png,맥주
페로니,5.1,https://user-images.githubusercontent.com/52191425/224227788-047cf63e-c8ff-401b-8b4c-a1b49b842f2f.png,맥주
필굿,4.5,https://user-images.githubusercontent.com/52191425/224227795-447480fe-e185-47a1-8d9b-f8d4c93cb53c.png,맥주
필라이트,4.5,https://user-images.githubusercontent.com/52191425/224227797-63f4bf04-26c7-45ca-a809-0dcb35264a62.png,맥주
필라이트 바이젠,4.5,https://user-images.githubusercontent.com/52191425/224227799-30012fd2-f165-46a5-8dc9-05abcfe26ce5.png,맥주
필라이트 후레쉬,4.5,https://user-images.githubusercontent.com/52191425/224227801-100499de-6978-468d-956c-035062054734.png,맥주
필스너 우르켈,4.4,https://user-images.githubusercontent.com/52191425/224227802-5c58ec9f-ee7c-41c3-bf8b-8c6f5e54c4fa.png,맥주
핏츠,4.5,https://user-images.githubusercontent.com/52191425/224227794-380105d6-c9e7-4b99-85ac-9e5a1317bf57.png,맥주
하얼빈,4.8,https://user-images.githubusercontent.com/52191425/224227804-13d603a4-7b5e-437d-bb7f-69d6f124e7b3.png,맥주
하이네켄,5,https://user-images.githubusercontent.com/52191425/224227807-050309fb-d309-4472-8728-c9ea383a9ada.png,맥주
하이네켄 논알코올,0,https://user-images.githubusercontent.com/52191425/224227808-59dc53fe-2af0-44dd-8117-889572d19325.png,맥주
하이네켄 다크라거,5.3,https://user-images.githubusercontent.com/52191425/224227810-62b4b89c-d169-4299-a785-dcea718946b6.png,맥주
하이트,4.5,https://user-images.githubusercontent.com/52191425/224227811-9df6dd17-ac4e-43b8-a1c6-7b7e0d357341.png,맥주
하이트 스타우트,4.5,https://user-images.githubusercontent.com/52191425/224227813-196664e5-7201-4d12-aa5a-9e42d4878d19.png,맥주
하이트 엑스트라 콜드,4.3,https://user-images.githubusercontent.com/52191425/224227816-0051d221-3f2b-4610-a3da-9474247dfeb3.png,맥주
하이트 제로,0,https://user-images.githubusercontent.com/52191425/224227818-258d5c52-1933-4506-94c6-74b109392096.png,맥주
하이트 프라임 맥스,4.7,https://user-images.githubusercontent.com/52191425/224227791-212bafae-d536-4a3d-82c6-b95585311cb1.png,맥주
호가든,4.9,https://user-images.githubusercontent.com/52191425/224227823-bd0626c5-b1eb-4962-a54f-4e821d1b3482.png,맥주
C1,19,https://storage.googleapis.com/cheersmate/images/C1.png,소주
개빡치주,40,https://storage.googleapis.com/cheersmate/images/%E1%84%80%E1%85%A2%E1%84%88%E1%85%A1%E1%86%A8%E1%84%8E%E1%85%B5%E1%84%8C%E1%85%AE.png,소주
대선,16.5,https://storage.googleapis.com/cheersmate/images/%E1%84%83%E1%85%A2%E1%84%89%E1%85%A5%E1%86%AB_%E1%84%83%E1%85%A1%E1%84%8B%E1%85%B5%E1%84%8B%E1%85%A1%E1%84%86%E1%85%A9%E1%86%AB%E1%84%83%E1%85%B3.png,소주
대선_다이아몬드,16.9,https://storage.googleapis.com/cheersmate/images/%E1%84%83%E1%85%A2%E1%84%89%E1%85%A5%E1%86%AB.png,소주
대장부,25,https://storage.googleapis.com/cheersmate/images/%E1%84%83%E1%85%A2%E1%84%8C%E1%85%A1%E1%86%BC%E1%84%87%E1%85%AE_21.png,소주
대장부_21,21,https://storage.googleapis.com/cheersmate/images/%E1%84%83%E1%85%A2%E1%84%8C%E1%85%A1%E1%86%BC%E1%84%87%E1%85%AE_23.png,소주
대장부_23,23,https://storage.googleapis.com/cheersmate/images/%E1%84%83%E1%85%A2%E1%84%8C%E1%85%A1%E1%86%BC%E1%84%87%E1%85%AE.png,소주
동해소주,18,https://storage.googleapis.com/cheersmate/images/%E1%84%83%E1%85%A9%E1%86%BC%E1%84%92%E1%85%A2%E1%84%89%E1%85%A9%E1%84%8C%E1%85%AE.png,소주
명품_안동소주_참조은,16.9,https://storage.googleapis.com/cheersmate/images/%E1%84%86%E1%85%A7%E1%86%BC%E1%84%91%E1%85%AE%E1%86%B7_%E1%84%8B%E1%85%A1%E1%86%AB%E1%84%83%E1%85%A9%E1%86%BC%E1%84%89%E1%85%A9%E1%84%8C%E1%85%AE_%E1%84%8E%E1%85%A1%E1%86%B7%E1%84%8C%E1%85%A9%E1%84%8B%E1%85%B3%E1%86%AB.png,소주
빡치주,25,https://storage.googleapis.com/cheersmate/images/%E1%84%88%E1%85%A1%E1%86%A8%E1%84%8E%E1%85%B5%E1%84%8C%E1%85%AE.png,소주
산들벗_17,17,https://storage.googleapis.com/cheersmate/images/%E1%84%89%E1%85%A1%E1%86%AB%E1%84%83%E1%85%B3%E1%86%AF%E1%84%87%E1%85%A5%E1%86%BA_17.png,소주
소주왕_금복주,16.9,https://storage.googleapis.com/cheersmate/images/%E1%84%89%E1%85%A9%E1%84%8C%E1%85%AE%E1%84%8B%E1%85%AA%E1%86%BC_%E1%84%80%E1%85%B3%E1%86%B7%E1%84%87%E1%85%A9%E1%86%A8%E1%84%8C%E1%85%AE.png,소주
여수밤바다,16.9,https://storage.googleapis.com/cheersmate/images/%E1%84%8B%E1%85%A7%E1%84%89%E1%85%AE%E1%84%87%E1%85%A1%E1%86%B7%E1%84%87%E1%85%A1%E1%84%83%E1%85%A1.png,소주
이제우린,16.5,https://storage.googleapis.com/cheersmate/images/%E1%84%8B%E1%85%B5%E1%84%8C%E1%85%A6%E1%84%8B%E1%85%AE%E1%84%85%E1%85%B5%E1%86%AB.png,소주
일품진로,25,https://storage.googleapis.com/cheersmate/images/%E1%84%8B%E1%85%B5%E1%86%AF%E1%84%91%E1%85%AE%E1%86%B7%E1%84%8C%E1%85%B5%E1%86%AB%E1%84%85%E1%85%A9_18%E1%84%82%E1%85%A7%E1%86%AB.png,소주
일품진로_18년,31,https://storage.googleapis.com/cheersmate/images/%E1%84%8B%E1%85%B5%E1%86%AF%E1%84%91%E1%85%AE%E1%86%B7%E1%84%8C%E1%85%B5%E1%86%AB%E1%84%85%E1%85%A9_19%E1%84%82%E1%85%A7%E1%86%AB.png,소주
일품진로_19년,31,https://storage.googleapis.com/cheersmate/images/%E1%84%8B%E1%85%B5%E1%86%AF%E1%84%91%E1%85%AE%E1%86%B7%E1%84%8C%E1%85%B5%E1%86%AB%E1%84%85%E1%85%A9_20%E1%84%82%E1%85%A7%E1%86%AB.png,소주
일품진로_20년,31,https://storage.googleapis.com/cheersmate/images/%E1%84%8B%E1%85%B5%E1%86%AF%E1%84%91%E1%85%AE%E1%86%B7%E1%84%8C%E1%85%B5%E1%86%AB%E1%84%85%E1%85%A9.png,소주
일품진로1924,25,https://storage.googleapis.com/cheersmate/images/%E1%84%8B%E1%85%B5%E1%86%AF%E1%84%91%E1%85%AE%E1%86%B7%E1%84%8C%E1%85%B5%E1%86%AB%E1%84%85%E1%85%A91924.png,소주
잎새주,17.3,https://storage.googleapis.com/cheersmate/images/%E1%84%8B%E1%85%B5%E1%87%81%E1%84%89%E1%85%A2%E1%84%8C%E1%85%AE.png,소주
좋은데이,16.5,https://storage.googleapis.com/cheersmate/images/%E1%84%8C%E1%85%A9%E1%87%82%E1%84%8B%E1%85%B3%E1%86%AB%E1%84%83%E1%85%A6%E1%84%8B%E1%85%B5.png,소주
진로,16.5,https://storage.googleapis.com/cheersmate/images/%E1%84%8C%E1%85%B5%E1%86%AB%E1%84%85%E1%85%A9_1924_%E1%84%92%E1%85%A6%E1%84%85%E1%85%B5%E1%84%90%E1%85%B5%E1%84%8C%E1%85%B5.png,소주
진로_1924_헤리티지,30,https://storage.googleapis.com/cheersmate/images/%E1%84%8C%E1%85%B5%E1%86%AB%E1%84%85%E1%85%A9.png,소주
참소주,16.9,https://storage.googleapis.com/cheersmate/images/%E1%84%8E%E1%85%A1%E1%86%B7%E1%84%89%E1%85%A9%E1%84%8C%E1%85%AE.png,소주
참이슬_오리지널,20.1,https://storage.googleapis.com/cheersmate/images/%E1%84%8E%E1%85%A1%E1%86%B7%E1%84%8B%E1%85%B5%E1%84%89%E1%85%B3%E1%86%AF_%E1%84%8B%E1%85%A9%E1%84%85%E1%85%B5%E1%84%8C%E1%85%B5%E1%84%82%E1%85%A5%E1%86%AF.png,소주
참이슬_후레쉬,16.5,https://storage.googleapis.com/cheersmate/images/%E1%84%8E%E1%85%A1%E1%86%B7%E1%84%8B%E1%85%B5%E1%84%89%E1%85%B3%E1%86%AF_%E1%84%92%E1%85%AE%E1%84%85%E1%85%A6%E1%84%89%E1%85%B1.png,소주
처음처럼,16.5,https://storage.googleapis.com/cheersmate/images/%E1%84%8E%E1%85%A5%E1%84%8B%E1%85%B3%E1%86%B7%E1%84%8E%E1%85%A5%E1%84%85%E1%85%A5%E1%86%B7_%E1%84%89%E1%85%A2%E1%84%85%E1%85%A9.png,소주
처음처럼_FLEX,16.7,https://storage.googleapis.com/cheersmate/images/%E1%84%8E%E1%85%A5%E1%84%8B%E1%85%B3%E1%86%B7%E1%84%8E%E1%85%A5%E1%84%85%E1%85%A5%E1%86%B7.png,소주
처음처럼_새로,16,https://storage.googleapis.com/cheersmate/images/%E1%84%8E%E1%85%A5%E1%84%8B%E1%85%B3%E1%86%B7%E1%84%8E%E1%85%A5%E1%84%85%E1%85%A5%E1%86%B7_%E1%84%89%E1%85%AE%E1%86%AB.png,소주
처음처럼_순,16,https://storage.googleapis.com/cheersmate/images/%E1%84%8E%E1%85%A5%E1%84%8B%E1%85%B3%E1%86%B7%E1%84%8E%E1%85%A5%E1%84%85%E1%85%A5%E1%86%B7_FLEX.png,소주
한라산_21,21,https://storage.googleapis.com/cheersmate/images/%E1%84%92%E1%85%A1%E1%86%AB%E1%84%85%E1%85%A1%E1%84%89%E1%85%A1%E1%86%AB_21.png,소주
한라산물_순한소주,17,https://storage.googleapis.com/cheersmate/images/%E1%84%92%E1%85%A1%E1%86%AB%E1%84%85%E1%85%A1%E1%84%89%E1%85%A1%E1%86%AB%E1%84%86%E1%85%AE%E1%86%AF_%E1%84%89%E1%85%AE%E1%86%AB%E1%84%92%E1%85%A1%E1%86%AB%E1%84%89%E1%85%A9%E1%84%8C%E1%85%AE.png,소주
해방주,18.8,https://storage.googleapis.com/cheersmate/images/%E1%84%92%E1%85%A2%E1%84%87%E1%85%A1%E1%86%BC%E1%84%8C%E1%85%AE.png,소주
화요_17,17,https://storage.googleapis.com/cheersmate/images/%E1%84%92%E1%85%AA%E1%84%8B%E1%85%AD_17.png,소주
화요_25,25,https://storage.googleapis.com/cheersmate/images/%E1%84%92%E1%85%AA%E1%84%8B%E1%85%AD_25.png,소주
화요_41,41,https://storage.googleapis.com/cheersmate/images/%E1%84%92%E1%85%AA%E1%84%8B%E1%85%AD_41.png,소주
화요_53,53,https://storage.googleapis.com/cheersmate/images/%E1%84%92%E1%85%AA%E1%84%8B%E1%85%AD_53.png,소주
화요_X.P,41,https://storage.googleapis.com/cheersmate/images/%E1%84%92%E1%85%AA%E1%84%8B%E1%85%AD_X.P.png,소주
황금_보리_소주_17,17,https://storage.googleapis.com/cheersmate/images/%E1%84%92%E1%85%AA%E1%86%BC%E1%84%80%E1%85%B3%E1%86%B7_%E1%84%87%E1%85%A9%E1%84%85%E1%85%B5_%E1%84%89%E1%85%A9%E1%84%8C%E1%85%AE_17.png,소주
 조엘 고트 워싱턴 레드,10.5,http://img.wine21.com/WINE_MST/TITLE/0162000/W0162872.jpg?990981,와인
" 칸티나 테를란, 게부르츠트라미너",14,http://img.wine21.com/WINE_MST/TITLE/0163000/W0163671.jpg?620975,와인
" 페데리코 파테니나, 까바 브뤼 스페셜 에디션",8,http://img.wine21.com/WINE_MST/TITLE/0164000/W0164498.jpg?179780,와인
1000스토리 까베르네 소비뇽,14.5,http://img.wine21.com/WINE_MST/TITLE/0167000/W0167270.png?777570,와인
1000스토리 진판델,15.5,http://img.wine21.com/WINE_MST/TITLE/0167000/W0167269.png?298393,와인
1489 비노 노빌레 디 몬테풀치아노,13,http://img.wine21.com/WINE_MST/TITLE/0146000/W0146102.jpg?913022,와인
1489 토스카나 IGT,12,http://img.wine21.com/WINE_MST/TITLE/0146000/W0146101.jpg?362446,와인
1865 리미티드 에디션 시라,14.5,http://img.wine21.com/WINE_MST/TITLE/0148000/W0148607.jpg?603487,와인
1865 마스터 블렌드,14.5,http://img.wine21.com/WINE_MST/TITLE/0167000/W0167488.png?298775,와인
1865 셀렉티드 콜렉션 올드 바인,14.5,http://img.wine21.com/WINE_MST/TITLE/0167000/W0167487.png?731925,와인
1879 A 까베르네 쇼비뇽 리제르바,14,http://img.wine21.com/WINE_MST/TITLE/0151000/W0151293.jpg?771699,와인
1879 G 모스카토,5,http://img.wine21.com/WINE_MST/TITLE/0151000/W0151659.jpg?728137,와인
1879 Y 양파와인,11,http://img.wine21.com/WINE_MST/TITLE/0161000/W0161863.jpg?586642,와인
"19 크라임스, 매지스트레이트",14.5,http://img.wine21.com/WINE_MST/TITLE/0167000/W0167063.jpg?718801,와인
"19 크라임스, 업라이징 레드",14.5,http://img.wine21.com/WINE_MST/TITLE/0167000/W0167061.jpg?824496,와인
30 마일 소비뇽 블랑,12,http://img.wine21.com/WINE_MST/TITLE/0149000/W0149358.jpg?655884,와인
30마일 까베르네 쇼비뇽,9.5,http://img.wine21.com/WINE_MST/TITLE/0149000/W0149356.jpg?189946,와인
30마일 샤도네이,24,http://img.wine21.com/WINE_MST/TITLE/0149000/W0149357.jpg?572602,와인
30마일 쉬라즈,9.5,http://img.wine21.com/WINE_MST/TITLE/0149000/W0149355.jpg?777167,와인
799-805 메를로 나파 밸리,13,http://img.wine21.com/WINE_MST/TITLE/0150000/W0150694.jpg?074318,와인
B3 까베르네 쇼비뇽,15,http://img.wine21.com/WINE_MST/TITLE/0145000/W0145595.jpg?626853,와인
"B3, 샤도네",9,http://img.wine21.com/WINE_MST/TITLE/0145000/W0145573.jpg?667525,와인
"B3, 쉬라즈",16,http://img.wine21.com/WINE_MST/TITLE/0145000/W0145597.jpg?787574,와인
"B3, 지 에스 엠",9.5,http://img.wine21.com/WINE_MST/TITLE/0145000/W0145596.jpg?036844,와인
"GCF, 꼬뜨 드 뵈프",13.5,http://img.wine21.com/WINE_MST/TITLE/0162000/W0162733.jpg?918169,와인
JR 로트기플러,8.5,http://img.wine21.com/WINE_MST/TITLE/0161000/W0161075.jpg?854304,와인
JR 삿칭 로트기플러  ,9,http://img.wine21.com/WINE_MST/TITLE/0161000/W0161076.jpg?126245,와인
JR 생 롸우렌트,13,http://img.wine21.com/WINE_MST/TITLE/0161000/W0161077.jpg?000097,와인
"PWS 스캐터드 픽스, 카베르네 소비뇽",14.5,http://img.wine21.com/WINE_MST/TITLE/0167000/W0167021.jpg?063312,와인
SMG 시라,13,http://img.wine21.com/WINE_MST/TITLE/0153000/W0153656.jpg?364473,와인
VH 피에스포트 골드크룁헨 리슬링 아우스레제,7.5,http://img.wine21.com/WINE_MST/TITLE/0163000/W0163203.jpg?847287,와인
VVV 블렌드,9,http://img.wine21.com/WINE_MST/TITLE/0146000/W0146479.jpg?007898,와인
"가거, 꽈뚜로",9,http://img.wine21.com/WINE_MST/TITLE/0145000/W0145429.jpg?212173,와인
"가거, 비티컬트",9,http://img.wine21.com/WINE_MST/TITLE/0145000/W0145428.jpg?625296,와인
"가르딘 프로또, 지브리 프리미에 크뤼 '끌로 살로몽'",13,http://img.wine21.com/WINE_MST/TITLE/0148000/W0148958.jpg?755884,와인
가발라스 산토리니,13,http://img.wine21.com/WINE_MST/TITLE/0160000/W0160713.jpg?822521,와인
가스통 부르뎅 꼬뜨 드 프루이유 까베르네 쇼비뇽,13.5,http://img.wine21.com/WINE_MST/TITLE/0141000/W0141876.jpg?160104,와인
가우디아나 블랑코,7.5,http://img.wine21.com/WINE_MST/TITLE/0161000/W0161141.jpg?067588,와인
가우디아나 틴토,12,http://img.wine21.com/WINE_MST/TITLE/0161000/W0161142.jpg?424916,와인
"가이 샤를마뉴, 리져브 브뤼 그랑 크뤼 블랑 드 블랑",8.5,http://img.wine21.com/WINE_MST/TITLE/0149000/W0149230.jpg?548068,와인
"가이서픽, 알렉산더 밸리 까베르네 소비뇽",9,http://img.wine21.com/WINE_MST/TITLE/0147000/W0147526.jpg?859973,와인
"가티 피에로, 피에몬테 모스카토",5,http://img.wine21.com/WINE_MST/TITLE/0149000/W0149651.jpg?235397,와인
"가티 피에로, 피에몬테 브라케토",5.5,http://img.wine21.com/WINE_MST/TITLE/0149000/W0149604.jpg?239053,와인
간세도 발데 파싸리나스 카프리쵸,13.5,http://img.wine21.com/WINE_MST/TITLE/0163000/W0163231.jpg?675895,와인
"간세도, 제스탈",14.5,http://img.wine21.com/WINE_MST/TITLE/0163000/W0163230.jpg?093566,와인
"간치아, 마르께시 스피놀라",5,http://img.wine21.com/WINE_MST/TITLE/0150000/W0150396.jpg?937431,와인
"간치아, 브라꿰또 다뀌",7.5,http://img.wine21.com/WINE_MST/TITLE/0145000/W0145742.jpg?650034,와인
"간치아, 스깔라또 브라께또 다뀌",5.5,http://img.wine21.com/WINE_MST/TITLE/0150000/W0150397.jpg?387284,와인
"간치아, 프로세코",11.5,http://img.wine21.com/WINE_MST/TITLE/0155000/155426.jpg?929600,와인
"간치아, 피노 디 피노 로제",8,http://img.wine21.com/WINE_MST/TITLE/0158000/W0158874.jpg?234266,와인
"간치아, 허니문 모스카토",5,http://img.wine21.com/WINE_MST/TITLE/0150000/W0150373.jpg?588531,와인
갈리우스,13,http://img.wine21.com/WINE_MST/TITLE/0150000/W0150245.jpg?756844,와인
감그린 레귤러,12,http://img.wine21.com/WINE_MST/TITLE/0147000/W0147693.jpg?702807,와인
감그린 스페셜,12,http://img.wine21.com/WINE_MST/TITLE/0147000/W0147694.jpg?234827,와인
감그린 아이스와인,10,http://img.wine21.com/WINE_MST/TITLE/0147000/W0147695.jpg?522639,와인
"갤럭시 스타, 카베르네 소비뇽",13.5,http://img.wine21.com/WINE_MST/TITLE/0165000/W0165014.jpg?951775,와인
"갤로 패밀리, 까베르네 쇼비뇽",8.5,http://img.wine21.com/WINE_MST/TITLE/0148000/W0148026.jpg?052679,와인
"갤로 패밀리, 메를로",9,http://img.wine21.com/WINE_MST/TITLE/0148000/W0148027.jpg?580971,와인
"갤로 패밀리, 샤도네",8.5,http://img.wine21.com/WINE_MST/TITLE/0148000/W0148022.jpg?677409,와인
"갤로 패밀리, 화이트 진판델",9,http://img.wine21.com/WINE_MST/TITLE/0148000/W0148067.jpg?716557,와인
"갤로, 모스카토",9,http://img.wine21.com/WINE_MST/TITLE/0148000/W0148023.jpg?009507,와인
걸리버 보르도,8.5,http://img.wine21.com/WINE_MST/TITLE/0153000/W0153039.jpg?983731,와인
게로바실리우 소비뇽 블랑,14,http://img.wine21.com/WINE_MST/TITLE/0160000/W0160720.jpg?872587,와인
게로바실리우 화이트,9,http://img.wine21.com/WINE_MST/TITLE/0160000/W0160721.jpg?172841,와인
고메즈 데 세구라 레제르바,9,http://img.wine21.com/WINE_MST/TITLE/0155000/W0155870.jpg?360732,와인
고메즈 데 세구라 크리안자,9,http://img.wine21.com/WINE_MST/TITLE/0155000/W0155869.jpg?724040,와인
고메즈 데 세구라 틴토,9,http://img.wine21.com/WINE_MST/TITLE/0155000/W0155868.jpg?471539,와인
"고세, 엑설렁스 엑스트라 브뤼",12.5,http://img.wine21.com/WINE_MST/TITLE/0167000/W0167440.png?946527,와인
고스트 파인 까베르네 소비뇽,8,http://img.wine21.com/WINE_MST/TITLE/0150000/W0150866.jpg?902641,와인
고스트 파인 멜롯,9.5,http://img.wine21.com/WINE_MST/TITLE/0150000/W0150867.jpg?213242,와인
고스트 파인 샤르도네,9,http://img.wine21.com/WINE_MST/TITLE/0150000/W0150868.jpg?228053,와인
고스트 파인 진판델,8,http://img.wine21.com/WINE_MST/TITLE/0150000/W0150869.jpg?291465,와인
고스트 파인 피노 누아,8,http://img.wine21.com/WINE_MST/TITLE/0161000/W0161739.jpg?216658,와인
"고젤리노 비니, 브루나 모스카토 다스티",5,http://img.wine21.com/WINE_MST/TITLE/0164000/W0164276.png?014110,와인
"고젤리노 비니, 브릭 다 루 모스카토 다스티",5,http://img.wine21.com/WINE_MST/TITLE/0164000/W0164277.png?340394,와인
곤잘레스 비야스  비냐 아베 아몬티야도,10.5,http://img.wine21.com/WINE_MST/TITLE/0157000/W0157360.jpg?729475,와인
곤잘레스 비야스 넥타르,15,http://img.wine21.com/WINE_MST/TITLE/0157000/W0157364.jpg?817192,와인
곤잘레스 비야스 솔레라 1847 크림쉐리,18,http://img.wine21.com/WINE_MST/TITLE/0157000/W0157361.jpg?893987,와인
곤잘레스 비야스 알폰소 올로로소,18,http://img.wine21.com/WINE_MST/TITLE/0157000/W0157362.jpg?452912,와인
곤잘레스 비야스 크리스티나 미디윰 드라이 올로로소 ,11,http://img.wine21.com/WINE_MST/TITLE/0157000/W0157363.jpg?766570,와인
골든 그레이프 레드,13.5,http://img.wine21.com/WINE_MST/TITLE/0141000/W0141881.jpg?940058,와인
골든 그레이프 쉬라즈 까베르네,14,http://img.wine21.com/WINE_MST/TITLE/0141000/W0141882.jpg?443286,와인
골든 버블 모스카토 NV,6.5,http://img.wine21.com/WINE_MST/TITLE/0149000/W0149312.jpg?582372,와인
골든 웨이브,7.5,http://img.wine21.com/WINE_MST/TITLE/0154000/154582.jpg?544756,와인
구츨러 슈페트부르군더  ,13,http://img.wine21.com/WINE_MST/TITLE/0155000/W0155826.jpg?821583,와인
"군터록, 장 밥티스트 리슬링 카비넷",10,http://img.wine21.com/WINE_MST/TITLE/0152000/W0152563.jpg?101223,와인
"군트럼, 드라이 리슬링",9.5,http://img.wine21.com/WINE_MST/TITLE/0144000/W0144517.jpg?760473,와인
"군트럼, 리슬링 로얄 블루",9.5,http://img.wine21.com/WINE_MST/TITLE/0157000/W0157953.jpg?316309,와인
"군트럼, 리슬링 슈페트레제",9.5,http://img.wine21.com/WINE_MST/TITLE/0157000/W0157955.jpg?044034,와인
"군트럼, 리슬링 아우스레제",7.5,http://img.wine21.com/WINE_MST/TITLE/0157000/W0157956.jpg?905127,와인
"군트럼, 리슬링 카비넷",11.5,http://img.wine21.com/WINE_MST/TITLE/0157000/W0157954.jpg?902507,와인
"굴피, 네로이블레오",14,http://img.wine21.com/WINE_MST/TITLE/0147000/W0147474.jpg?906486,와인
"굴피, 로쏘이블레오",14,http://img.wine21.com/WINE_MST/TITLE/0148000/W0148756.jpg?092456,와인
"귀치아르디니 스트로찌, 994 밀란니",13,http://img.wine21.com/WINE_MST/TITLE/0140000/W0140033.jpg?014269,와인
"귀치아르디니 스트로찌, 쏘돌레",13,http://img.wine21.com/WINE_MST/TITLE/0140000/W0140034.jpg?979326,와인
그라디또,4.5,http://img.wine21.com/WINE_MST/TITLE/0148000/W0148451.jpg?528559,와인
그라모나 제사미 ,6.5,http://img.wine21.com/WINE_MST/TITLE/0155000/W0155867.jpg?171871,와인
그라시아 까베르네 소비뇽,9,http://img.wine21.com/WINE_MST/TITLE/0146000/W0146174.jpg?294267,와인
그라시아 메를로,9,http://img.wine21.com/WINE_MST/TITLE/0146000/W0146175.jpg?915436,와인
그라치아나 샤도네이,9.5,http://img.wine21.com/WINE_MST/TITLE/0166000/W0166832.jpg?634553,와인
그라치아나 피노 누아,11,http://img.wine21.com/WINE_MST/TITLE/0166000/W0166833.jpg?485564,와인
"그라치아노 델라 세타, 로쏘 디 몬테풀치아노",13.5,http://img.wine21.com/WINE_MST/TITLE/0163000/W0163911.jpg?824537,와인
그라티 키안티,12.5,http://img.wine21.com/WINE_MST/TITLE/0161000/W0161029.jpg?768368,와인
그라티 키안티 리제르바,12.5,http://img.wine21.com/WINE_MST/TITLE/0164000/W0164561.jpg?206546,와인
"그라피나, 그랜드 리저브 까베르네 쇼비뇽",9.5,http://img.wine21.com/WINE_MST/TITLE/0146000/W0146946.jpg?036598,와인
"그라피나, 그랜드 리저브 말벡",9.5,http://img.wine21.com/WINE_MST/TITLE/0146000/W0146947.jpg?934463,와인
"그라피나, 센티나리오 까베르네 쇼비뇽",8.5,http://img.wine21.com/WINE_MST/TITLE/0146000/W0146945.jpg?518362,와인
"그라피나, 센티나리오 말벡",9.5,http://img.wine21.com/WINE_MST/TITLE/0146000/W0146944.jpg?255956,와인
"그라피나, 센티나리오 피노 그리지오",9,http://img.wine21.com/WINE_MST/TITLE/0146000/W0146943.jpg?681360,와인
"그라함 백, 까베르네 소비뇽",9.5,http://img.wine21.com/WINE_MST/TITLE/0148000/W0148866.jpg?429265,와인
"그라함 백, 피노타쥬",13,http://img.wine21.com/WINE_MST/TITLE/0148000/W0148863.jpg?777625,와인
그란 레세르바 까베르네 소비뇽 Lot.1,14,http://img.wine21.com/WINE_MST/TITLE/0162000/W0162358.jpg?620647,와인
그란 파밀리아 클라시카 리제르바,13,http://img.wine21.com/WINE_MST/TITLE/0151000/W0151929.jpg?607110,와인
그랑 뀌베 1531 브뤼,12.5,http://img.wine21.com/WINE_MST/TITLE/0150000/W0150693.jpg?732176,와인
그랑 리저브 드 보리바쥬,8.5,http://img.wine21.com/no_image1.jpg?825031,와인
"그랑 세르, 꼬뜨 뒤 론 '레 포르테스 뒤 카스텔라스'",13.5,http://img.wine21.com/WINE_MST/TITLE/0155000/W0155962.jpg?561635,와인
"그랑 세르, 꼬뜨 뒤 론 블랑 '레 포르테스 뒤 까스뗄라스'",15,http://img.wine21.com/WINE_MST/TITLE/0155000/W0155965.jpg?868508,와인
"그랑 세르, 꼬뜨 뒤 론 빌라쥐 '르 쟈 데 벨'",14,http://img.wine21.com/WINE_MST/TITLE/0155000/W0155963.jpg?027332,와인
"그랑 세르, 따벨 '라 로제 에메'",14,http://img.wine21.com/WINE_MST/TITLE/0155000/W0155966.jpg?126442,와인
"그랑 세르, 바께라스 '레 오뜨 바끼에르'",14.5,http://img.wine21.com/WINE_MST/TITLE/0155000/W0155967.jpg?957237,와인
"그랑 세르, 봄 드 브니즈 '로까 루나'",15,http://img.wine21.com/WINE_MST/TITLE/0155000/W0155964.jpg?336117,와인
"그랑 세르, 샤또네프 뒤 빠쁘 '라 꾸르 데 빠쁘'",15,http://img.wine21.com/WINE_MST/TITLE/0155000/W0155969.jpg?659414,와인
"그랑 세르, 지공다스 '라 꼼 드 말샤즈'",14.5,http://img.wine21.com/WINE_MST/TITLE/0155000/W0155968.jpg?110471,와인
그랑 트레소랏,13.5,http://img.wine21.com/WINE_MST/TITLE/0163000/W0163221.jpg?823651,와인
그랑 페리올,8.5,http://img.wine21.com/WINE_MST/TITLE/0149000/W0149917.jpg?768824,와인
그랑디알 브릿 스파클링,11,http://img.wine21.com/WINE_MST/TITLE/0148000/W0148764.jpg?113970,와인
그랑비아 스위트 레드,12,http://img.wine21.com/WINE_MST/TITLE/0141000/W0141715.jpg?234972,와인
"그랑크뤼 샴페인 마이,  엑스트라 브뤼",12,http://img.wine21.com/WINE_MST/TITLE/0152000/W0152551.jpg?223973,와인
"그랑크뤼 샴페인 마이, 브뤼 리져브",12,http://img.wine21.com/WINE_MST/TITLE/0152000/W0152549.jpg?247057,와인
"그랜트 버지, 모스카토",8.5,http://img.wine21.com/WINE_MST/TITLE/0152000/W0152352.jpg?638170,와인
"그랜트 버지, 모스카토 로사",9.5,http://img.wine21.com/WINE_MST/TITLE/0152000/W0152353.jpg?046205,와인
"그랜트 버지, 발타자르 쉬라즈",13.5,http://img.wine21.com/WINE_MST/TITLE/0152000/W0152360.jpg?577486,와인
"그랜트 버지, 아벳네고 그르나슈 쉬라즈 무르베드르",13.5,http://img.wine21.com/WINE_MST/TITLE/0152000/W0152364.jpg?876522,와인
그레삐까이아 볼게리 수페리오레,9,http://img.wine21.com/WINE_MST/TITLE/0141000/W0141915.jpg?315500,와인
그레이 폭스 까베르네 소비뇽,12.5,http://img.wine21.com/WINE_MST/TITLE/0149000/W0149426.jpg?185168,와인
그레이 폭스 멜롯,8.5,http://img.wine21.com/WINE_MST/TITLE/0149000/W0149398.jpg?679052,와인
"그레이락, 소비뇽 블랑",8.5,http://img.wine21.com/WINE_MST/TITLE/0146000/W0146961.jpg?851165,와인
"그레이락, 피노 누아",8.5,http://img.wine21.com/WINE_MST/TITLE/0146000/W0146962.jpg?414642,와인
"그렌 깔루, 터토이즈 힐 화이트",13,http://img.wine21.com/WINE_MST/TITLE/0145000/W0145879.jpg?406363,와인
그루트 콘스탄시아,14,http://img.wine21.com/WINE_MST/TITLE/0141000/W0141847.jpg?243287,와인
그뤼너 펠트리너,12,http://img.wine21.com/WINE_MST/TITLE/0145000/W0145424.jpg?519166,와인
"그르기치 힐스, 나파 밸리 까베르네 소비뇽 ",9.5,http://img.wine21.com/WINE_MST/TITLE/0150000/W0150939.jpg?322606,와인
"그르기치 힐스, 나파 밸리 멀롯",10,http://img.wine21.com/WINE_MST/TITLE/0161000/W0161706.jpg?290815,와인
"그르기치 힐스, 나파 밸리 샤도네이",9,http://img.wine21.com/WINE_MST/TITLE/0150000/W0150940.jpg?249877,와인
"그르기치 힐스, 나파 밸리 진판델",10,http://img.wine21.com/WINE_MST/TITLE/0161000/W0161707.jpg?460546,와인
"그르기치 힐스, 나파 밸리 퓌메 블랑",7.5,http://img.wine21.com/WINE_MST/TITLE/0161000/W0161708.jpg?017288,와인
그리뇽 리제르바,13.5,http://img.wine21.com/no_image1.jpg?742743,와인
그리뇽 크리안자,13.5,http://img.wine21.com/no_image1.jpg?550594,와인
그리뇽 템프라닐요,13,http://img.wine21.com/WINE_MST/TITLE/0144000/W0144839.jpg?013101,와인
"그리몽, 메를로",13.5,http://img.wine21.com/WINE_MST/TITLE/0141000/W0141827.jpg?197390,와인
"그리몽, 시라즈",9.5,http://img.wine21.com/WINE_MST/TITLE/0141000/W0141828.jpg?041826,와인
"그리몽, 카베르네 쇼비뇽",14.5,http://img.wine21.com/WINE_MST/TITLE/0141000/W0141826.jpg?817217,와인
그린 트리 모스카토,5,http://img.wine21.com/WINE_MST/TITLE/0150000/W0150644.jpg?754286,와인
글라디움 아이렌,8,http://img.wine21.com/WINE_MST/TITLE/0154000/154333.jpg?785595,와인
글라디움 템프라니요,8.5,http://img.wine21.com/WINE_MST/TITLE/0154000/154335.jpg?490417,와인
글래스 마운틴 샤르도네,9,http://img.wine21.com/WINE_MST/TITLE/0147000/W0147366.jpg?713481,와인
"글렌 깔루, 그랜드 크래시끄",9.5,http://img.wine21.com/WINE_MST/TITLE/0145000/W0145882.jpg?128848,와인
"글렌 깔루, 클래식 까베르네 소비뇽",14,http://img.wine21.com/WINE_MST/TITLE/0145000/W0145881.jpg?084944,와인
"글렌 깔루, 터토이즈 힐 레드",14,http://img.wine21.com/WINE_MST/TITLE/0145000/W0145880.jpg?572896,와인
"기센, 더 브라더스 말보로 피노 누아",9.5,http://img.wine21.com/WINE_MST/TITLE/0161000/W0161990.jpg?292068,와인
"기오네 안나, 모스카토 다스티 ",5,http://img.wine21.com/WINE_MST/TITLE/0151000/W0151023.jpg?904767,와인
"기오네 안나, 바르베라 다스티 수페리오레",13,http://img.wine21.com/WINE_MST/TITLE/0151000/W0151024.jpg?154666,와인
까네토 비노 노빌레 디 몬테풀치아노,9.5,http://img.wine21.com/WINE_MST/TITLE/0144000/W0144988.jpg?390114,와인
"까넬리, 꽈뜨로 로쏘",3.5,http://img.wine21.com/WINE_MST/TITLE/0155000/155428.jpg?488646,와인
"까넬리, 꽈뜨로 비앙코",4,http://img.wine21.com/WINE_MST/TITLE/0155000/155429.jpg?755306,와인
"까넬리, 페스티시모",8,http://img.wine21.com/WINE_MST/TITLE/0153000/W0153503.jpg?280405,와인
"까델 비스포, 크루터",9,http://img.wine21.com/WINE_MST/TITLE/0147000/W0147332.jpg?270904,와인
"까디 라오, 엡실론 핑크 골드",11,http://img.wine21.com/WINE_MST/TITLE/0162000/W0162187.jpg?985380,와인
"까디 라오, 카베르네 프랑",12.5,http://img.wine21.com/WINE_MST/TITLE/0166000/W0166548.png?011185,와인
"까떼리나 자르디니, 발폴리첼라 끌라시꼬 수페리오레",8,http://img.wine21.com/WINE_MST/TITLE/0145000/W0145225.jpg?259346,와인
"까띠에르, 브뤼 블랑 드 블랑 '레 로제'",12,http://img.wine21.com/WINE_MST/TITLE/0145000/W0145832.jpg?087658,와인
"까띠에르, 프리미에르 크뤼 브뤼",12,http://img.wine21.com/WINE_MST/TITLE/0142000/W0142751.jpg?977377,와인
"까르멜로 로데로, 레세르바",15.5,http://img.wine21.com/WINE_MST/TITLE/0163000/W0163228.jpg?685208,와인
"까르피네토, 물랑 베끼오",13,http://img.wine21.com/WINE_MST/TITLE/0152000/W0152565.jpg?021810,와인
"까르피네토, 키안티 클라시코",13,http://img.wine21.com/WINE_MST/TITLE/0150000/W0150528.jpg?708486,와인
까를로 & 실비아 모스카토 다스티,5.5,http://img.wine21.com/WINE_MST/TITLE/0141000/W0141959.jpg?281372,와인
까바예로 까베르네 소비뇽,13.5,http://img.wine21.com/WINE_MST/TITLE/0167000/W0167265.png?931554,와인
까바예로 베르데호,11.5,http://img.wine21.com/WINE_MST/TITLE/0167000/W0167267.png?653351,와인
까바예로 소비뇽 블랑,11.5,http://img.wine21.com/WINE_MST/TITLE/0167000/W0167268.png?839150,와인
까바예로 템프라니요,13.5,http://img.wine21.com/WINE_MST/TITLE/0167000/W0167266.png?472567,와인
"까바티나, 키안티 클라시코",13.5,http://img.wine21.com/WINE_MST/TITLE/0150000/W0150859.jpg?415791,와인
까베르네 당주,8,http://img.wine21.com/WINE_MST/TITLE/0141000/W0141249.jpg?247473,와인
까브 드 베블렌하임 리슬링,8,http://img.wine21.com/WINE_MST/TITLE/0165000/W0165952.jpg?010288,와인
"까브 생 베르니, 르 샤도네이",9,http://img.wine21.com/WINE_MST/TITLE/0150000/W0150420.jpg?499155,와인
까브 생 피에르 꼬뜨 뒤 론,14,http://img.wine21.com/WINE_MST/TITLE/0151000/W0151930.jpg?244812,와인
"까사 까스띠요, 라스 그라바스",15.5,http://img.wine21.com/WINE_MST/TITLE/0160000/W0160476.jpg?742115,와인
"까사 까스띠요, 엘 모라르",14.5,http://img.wine21.com/WINE_MST/TITLE/0154000/W0154046.jpg?825429,와인
"까사 델 꼬삐에르, 네로 다볼라",12.5,http://img.wine21.com/WINE_MST/TITLE/0147000/W0147440.jpg?528647,와인
"까사 델 토끼, 코트 롤란 블랑 드 블랑",12.5,http://img.wine21.com/WINE_MST/TITLE/0165000/W0165107.jpg?868635,와인
"까사 디 떼라, 레나이아",13,http://img.wine21.com/WINE_MST/TITLE/0139000/W0139976.jpg?108386,와인
"까사 디 떼라, 레나이아 비앙코",14,http://img.wine21.com/WINE_MST/TITLE/0139000/W0139975.jpg?805958,와인
"까사 비니콜라 나탈레 베르가, 지안까를로 모스카토 다스티",5,http://img.wine21.com/WINE_MST/TITLE/0162000/W0162032.jpg?727983,와인
"까사 비띠비니꼴라 띠나찌, 몬테레 발포리첼라 리파소",14,http://img.wine21.com/WINE_MST/TITLE/0141000/W0141723.jpg?491592,와인
"까사 지렐리, 바롤로 안타리오",14,http://img.wine21.com/WINE_MST/TITLE/0164000/W0164786.jpg?437452,와인
까사 페트로날레스 프리바다 까베르네 소비뇽,14,http://img.wine21.com/WINE_MST/TITLE/0147000/W0147270.jpg?016267,와인
"까사 페트로날레스, 리제르바 시라",14,http://img.wine21.com/WINE_MST/TITLE/0147000/W0147269.jpg?050848,와인
"까사 페트로날레스, 몬테 수르 리제르바 까르메네르",9,http://img.wine21.com/WINE_MST/TITLE/0146000/W0146887.jpg?455024,와인
"까사 페트로날레스, 몬테 수르 리제르바 샤도네이",9,http://img.wine21.com/WINE_MST/TITLE/0146000/W0146888.jpg?116056,와인
"까사 페트로날레스, 몬테 수르 리제르바 소비뇽 블랑",9,http://img.wine21.com/WINE_MST/TITLE/0146000/W0146889.jpg?735655,와인
"까사노바 델라 세르바이에, 브루넬로 디 몬탈치노",9,http://img.wine21.com/WINE_MST/TITLE/0141000/W0141896.jpg?827446,와인
"까사스 파토날레스, 돈 옥타비오 리제르바 까베르네 소비뇽",9,http://img.wine21.com/WINE_MST/TITLE/0141000/W0141901.jpg?598838,와인
"까사스 파토날레스, 리제르바 까베르네 쇼비뇽",9,http://img.wine21.com/WINE_MST/TITLE/0141000/W0141899.jpg?448170,와인
"까사스 파토날레스, 리제르바 메를로",9,http://img.wine21.com/WINE_MST/TITLE/0141000/W0141900.jpg?013802,와인
"까사스 파토날레스, 몬테 수르 리제르바 메를로",9,http://img.wine21.com/WINE_MST/TITLE/0141000/W0141903.jpg?557513,와인
"까사스 파토날레스, 산 클레망 리제르바 까베르네 소비뇽",9,http://img.wine21.com/WINE_MST/TITLE/0141000/W0141904.jpg?177786,와인
"까사스 파토날레스, 산 클레망 리제르바 메를로",9,http://img.wine21.com/WINE_MST/TITLE/0141000/W0141905.jpg?782886,와인
"까사스 파트로날레즈, 까베르네 소비뇽",9,http://img.wine21.com/WINE_MST/TITLE/0150000/W0150182.jpg?358335,와인
"까사스 파트로날레즈, 샤도네",9,http://img.wine21.com/WINE_MST/TITLE/0150000/W0150181.jpg?716412,와인
까사스 페트로날레스 프리바다 시라,14,http://img.wine21.com/WINE_MST/TITLE/0147000/W0147271.jpg?606163,와인
까살도모 르 블랑,7,http://img.wine21.com/WINE_MST/TITLE/0151000/W0151975.jpg?672142,와인
까스뗄로 디 까넬리 모스카토 다스티,5,http://img.wine21.com/WINE_MST/TITLE/0150000/W0150399.jpg?829302,와인
"까스뗄린 빌라, 키안티 클라시코 리제르바",9.5,http://img.wine21.com/WINE_MST/TITLE/0162000/W0162651.jpg?338067,와인
까스띠요 데 루존,14,http://img.wine21.com/WINE_MST/TITLE/0148000/W0148405.jpg?771158,와인
"까스띠요 데 사하자라, 레세르바",9,http://img.wine21.com/WINE_MST/TITLE/0144000/W0144809.jpg?888221,와인
"까스띠요 데 사하자라, 솔라 데 리바노 레세르바",13,http://img.wine21.com/WINE_MST/TITLE/0144000/W0144808.jpg?790270,와인
"까스띨리온 델 보스코, 브루넬로 디 몬탈치노",14,http://img.wine21.com/WINE_MST/TITLE/0152000/W0152061.jpg?460367,와인
까스텔 록 까바,11.5,http://img.wine21.com/WINE_MST/TITLE/0152000/152400.jpg?073997,와인
"까스텔 미미, 로제 드 불보아카",13.5,http://img.wine21.com/WINE_MST/TITLE/0167000/W0167162.png?439724,와인
까스텔노 드 쉬드로,9,http://img.wine21.com/WINE_MST/TITLE/0140000/W0140995.jpg?030255,와인
"까스텔로 델레 레지네, 멜롯",9.5,http://img.wine21.com/WINE_MST/TITLE/0147000/W0147339.jpg?317686,와인
"까스텔로 디 우짜노, 키안티 클라시코",13,http://img.wine21.com/WINE_MST/TITLE/0151000/W0151157.jpg?127449,와인
"까스텔로 디 우짜노, 키안티 클라시코 리제르바",9,http://img.wine21.com/WINE_MST/TITLE/0151000/W0151158.jpg?707463,와인
"까스텔로 반피, 폰타넬레 샤르도네",14.5,http://img.wine21.com/WINE_MST/TITLE/0162000/W0162188.jpg?529464,와인
까시렐로 프리바도,9,http://img.wine21.com/WINE_MST/TITLE/0146000/W0146478.jpg?689673,와인
까시예로 델 디아블로 데블스 브뤼,12,http://img.wine21.com/WINE_MST/TITLE/0159000/W0159066.jpg?320137,와인
"까잘 가르시아, 비뉴 베르데 화이트 미니 - 4세트",9.5,http://img.wine21.com/WINE_MST/TITLE/0166000/W0166916.jpg?698453,와인
"까잘 가르시아, 스위트",8.5,http://img.wine21.com/WINE_MST/TITLE/0164000/W0164882.jpg?884754,와인
"까테나 자파타, 아드리아나 빈야드 말벡",14,http://img.wine21.com/WINE_MST/TITLE/0148000/W0148073.jpg?265252,와인
"까테나 자파타, 아르젠토 까베르네 소비뇽",9,http://img.wine21.com/WINE_MST/TITLE/0140000/W0140644.jpg?969975,와인
"까테나 자파타, 알라모스 셀렉시온 피노 누아",13,http://img.wine21.com/WINE_MST/TITLE/0144000/W0144881.jpg?643193,와인
"까페자나, 로쏘 데이 바르비",13,http://img.wine21.com/no_image1.jpg?303585,와인
"까페자나, 로쏘 디 몬탈치노",9,http://img.wine21.com/no_image1.jpg?947376,와인
"까페자나, 모렐리노 디 스칸자노",14,http://img.wine21.com/no_image1.jpg?912159,와인
"까페자나, 브루넬로 디 몬탈치노 블루 라벨",14,http://img.wine21.com/no_image1.jpg?401593,와인
"까페자나, 브루스꼬 데이 바르비",13,http://img.wine21.com/no_image1.jpg?150804,와인
"까페자나, 빈 산토 디 까르미그나노",10.5,http://img.wine21.com/WINE_MST/TITLE/0145000/W0145229.jpg?688529,와인
"까페자나, 샤도네 토스카나",9,http://img.wine21.com/WINE_MST/TITLE/0145000/W0145230.jpg?928247,와인
"까페자나, 키안티 바틀",13,http://img.wine21.com/no_image1.jpg?755131,와인
까펠 비노스 그란베가 레드,12,http://img.wine21.com/WINE_MST/TITLE/0148000/W0148885.jpg?630812,와인
까펠 비노스 그란베가 화이트,11,http://img.wine21.com/WINE_MST/TITLE/0148000/W0148886.jpg?127341,와인
까펠 비노스 빈야드,12,http://img.wine21.com/WINE_MST/TITLE/0148000/W0148874.jpg?197508,와인
까펠 비노스 카스틸로 사비나,12,http://img.wine21.com/WINE_MST/TITLE/0148000/W0148875.jpg?811539,와인
까펠 비노스 티오데라부타 클라시코 레드,12,http://img.wine21.com/WINE_MST/TITLE/0148000/W0148876.jpg?308742,와인
까펠 비노스 티오데라부타 클라시코 화이트,11,http://img.wine21.com/WINE_MST/TITLE/0148000/W0148868.jpg?344988,와인
깐네토,13,http://img.wine21.com/WINE_MST/TITLE/0141000/W0141913.jpg?792896,와인
"깐띠네 첼라로, 솔레아 네로 다볼라",14.5,http://img.wine21.com/WINE_MST/TITLE/0167000/W0167639.png?233738,와인
"깐띤 치알리, 람부르스코 로쏘",5.5,http://img.wine21.com/WINE_MST/TITLE/0147000/W0147450.jpg?872919,와인
"깐띤 치알리, 람부르스코 로제 라이트",4,http://img.wine21.com/WINE_MST/TITLE/0147000/W0147452.jpg?578126,와인
"깐텔레, 살리체 살렌티노 리제르바",9,http://img.wine21.com/WINE_MST/TITLE/0139000/W0139970.jpg?988888,와인
"깐텔레, 아마티보",9.5,http://img.wine21.com/WINE_MST/TITLE/0139000/W0139971.jpg?567989,와인
"깐티나 칭퀘테레,  칭퀘테레",8.5,http://img.wine21.com/WINE_MST/TITLE/0154000/W0154214.jpg?771429,와인
깔리나 까르메네르 리저브 ,9,http://img.wine21.com/WINE_MST/TITLE/0141000/W0141422.jpg?735012,와인
깔리나 까베르네 쇼비뇽 리제르바,9,http://img.wine21.com/WINE_MST/TITLE/0141000/W0141426.jpg?848690,와인
깔리나 샤르도네 리제르바,9,http://img.wine21.com/WINE_MST/TITLE/0141000/W0141417.jpg?161572,와인
"깔리떼라, 세니트",14,http://img.wine21.com/WINE_MST/TITLE/0147000/W0147761.jpg?379264,와인
"깔리떼라, 시라즈 로제 리제르바",13,http://img.wine21.com/WINE_MST/TITLE/0147000/W0147811.jpg?909071,와인
"깔리아, 리제르바도 까베르네 소비뇽",9.5,http://img.wine21.com/WINE_MST/TITLE/0158000/W0158783.jpg?376383,와인
"깔리아, 리제르바도 말벡",14,http://img.wine21.com/WINE_MST/TITLE/0158000/W0158087.jpg?358910,와인
"깔리아, 마그나 까베르네 소비뇽",14,http://img.wine21.com/WINE_MST/TITLE/0158000/W0158084.jpg?220475,와인
"깔리아, 마그나 말벡",14.5,http://img.wine21.com/WINE_MST/TITLE/0158000/W0158085.jpg?815792,와인
"깔리아, 알타 까베르네 소비뇽",9.5,http://img.wine21.com/WINE_MST/TITLE/0158000/W0158088.jpg?867235,와인
"깔리아, 알타 말벡",9,http://img.wine21.com/WINE_MST/TITLE/0158000/W0158089.jpg?054668,와인
"깔베, 꼬뜨 뒤 론",14.5,http://img.wine21.com/WINE_MST/TITLE/0150000/W0150808.jpg?777753,와인
"깔베, 꼬스띠에 드 님",12.5,http://img.wine21.com/WINE_MST/TITLE/0162000/W0162275.jpg?898384,와인
"깔베, 미네르부아",13.5,http://img.wine21.com/WINE_MST/TITLE/0162000/W0162276.jpg?477987,와인
"깔베, 샤또네프 뒤 빠쁘",14.5,http://img.wine21.com/WINE_MST/TITLE/0150000/W0150809.jpg?086606,와인
"깔베, 크레망 드 보르도",8,http://img.wine21.com/WINE_MST/TITLE/0153000/W0153502.jpg?458930,와인
"깜뿌자노, 비노 틴토 세미돌체",11,http://img.wine21.com/WINE_MST/TITLE/0151000/W0151121.jpg?458729,와인
"꼬끼예뜨, 블랑 드 누아 '레 끌레', 그랑 크뤼 브뤼 RM",12.5,http://img.wine21.com/WINE_MST/TITLE/0166000/W0166966.jpg?954080,와인
꼬또 데 아야스 로사도,13.5,http://img.wine21.com/WINE_MST/TITLE/0167000/0167014.jpg?321692,와인
꼬또 레알  리제르바,14,http://img.wine21.com/WINE_MST/TITLE/0150000/W0150568.jpg?204478,와인
꼬뜨 뒤 다뉴브 까베르네 소비뇽,14,http://img.wine21.com/WINE_MST/TITLE/0165000/W0165625.jpg?712696,와인
꼬뜨 뒤 다뉴브 피노 누아,9,http://img.wine21.com/WINE_MST/TITLE/0165000/W0165620.jpg?157965,와인
꼬뜨 로쉐우스 쌩떼밀리옹 그랑 크뤼,8.5,http://img.wine21.com/WINE_MST/TITLE/0139000/W0139782.jpg?486905,와인
꼰다도 데 가리가스,12,http://img.wine21.com/WINE_MST/TITLE/0150000/W0150222.jpg?398077,와인
"꼴로놀레, 끼안띠 루피나",13,http://img.wine21.com/WINE_MST/TITLE/0140000/W0140220.jpg?028042,와인
"꼴로놀레, 끼안띠 루피나 리세르바 델 돈",13,http://img.wine21.com/WINE_MST/TITLE/0140000/W0140221.jpg?443231,와인
"꽁까 도로, 스푸만떼 돌체 벨레노 모스카토/라보소 드미 섹",11,http://img.wine21.com/WINE_MST/TITLE/0163000/W0163986.jpg?681044,와인
"꽁까 도로, 프로세코 뀌베 노빌레 브뤼",11.5,http://img.wine21.com/WINE_MST/TITLE/0163000/W0163984.jpg?291495,와인
"꽁까 도로, 프로세코 뀌베 오로 엑스트라 드라이 밀레시마또",8,http://img.wine21.com/WINE_MST/TITLE/0163000/W0163981.jpg?068957,와인
꽁떼 드 발라디에르,8.5,http://img.wine21.com/WINE_MST/TITLE/0147000/W0147262.jpg?193449,와인
"꽁트리 스푸만티, 아파시멘토 세그레토 로쏘",14,http://img.wine21.com/WINE_MST/TITLE/0160000/W0160960.jpg?025856,와인
"꽁트리 스푸만티, 콘테사 까롤라 말바시아 네라",15.5,http://img.wine21.com/WINE_MST/TITLE/0160000/W0160958.jpg?174679,와인
"꽈사르,  큐 리미티드 에디션 시라 ",14.5,http://img.wine21.com/WINE_MST/TITLE/0150000/W0150560.jpg?263964,와인
"꽈사르, 그랑 리제르바 까베르네쇼비뇽",14.5,http://img.wine21.com/WINE_MST/TITLE/0153000/W0153932.jpg?784703,와인
"꽈사르, 리제르바 샤르도네",13.5,http://img.wine21.com/WINE_MST/TITLE/0154000/W0154399.jpg?271771,와인
"꽈사르, 메를로",13.5,http://img.wine21.com/WINE_MST/TITLE/0154000/W0154417.jpg?792721,와인
"꽈사르, 큐 리제르바 메를로",14,http://img.wine21.com/WINE_MST/TITLE/0159000/W0159204.jpg?115466,와인
"꽈사르, 퍼펙토 까베르네 소비뇽",14.5,http://img.wine21.com/WINE_MST/TITLE/0151000/W0151792.jpg?764380,와인
"뀌베 디즈네, 까베르네 소비뇽",13.5,http://img.wine21.com/WINE_MST/TITLE/0167000/W0167505.png?685107,와인
"뀌베 디즈네, 샤르도네",13.5,http://img.wine21.com/WINE_MST/TITLE/0167000/W0167503.png?679671,와인
"뀌베 디즈네, 피노누아",13.5,http://img.wine21.com/WINE_MST/TITLE/0167000/W0167504.png?226444,와인
뀌베 알렉시스 리신 블랑,11,http://img.wine21.com/WINE_MST/TITLE/0143000/W0143495.jpg?035492,와인
"끌로 뒤 몽 올리베, 꼬뜨 뒤 론 퐁 드 블랑슈",14,http://img.wine21.com/WINE_MST/TITLE/0148000/W0148127.jpg?397716,와인
"끌로 뒤 몽 올리베, 샤또뇌프뒤 빠쁘",15,http://img.wine21.com/WINE_MST/TITLE/0148000/W0148126.jpg?328741,와인
"끌로 뒤 몽 올리베, 샤또뇌프뒤 빠쁘 르 쁘띠 몽",9.5,http://img.wine21.com/WINE_MST/TITLE/0148000/W0148125.jpg?924524,와인
"끌로 드 로라뚜아르, 샤또뇌프 뒤 파프",9.5,http://img.wine21.com/WINE_MST/TITLE/0148000/W0148162.jpg?192089,와인
끌로 몽블랑 까바 브뤼 로제,11.5,http://img.wine21.com/WINE_MST/TITLE/0147000/W0147956.jpg?826657,와인
"끌로 케브라다 드 마쿨, 페냐롤렌 까베르네 소비뇽",9,http://img.wine21.com/WINE_MST/TITLE/0152000/152263.jpg?160005,와인
"끌로 케브라디 드 마쿨, 페냐롤렌 쉬라",14,http://img.wine21.com/WINE_MST/TITLE/0161000/W0161712.jpg?263967,와인
끌로스 데 롤롤,14,http://img.wine21.com/WINE_MST/TITLE/0145000/W0145935.jpg?279673,와인
"끼알리 1860, 클레토 로제 브릇 스푸만테",8,http://img.wine21.com/WINE_MST/TITLE/0146000/W0146374.jpg?576661,와인
끼알리 람부르스코 로쏘,7.5,http://img.wine21.com/WINE_MST/TITLE/0147000/W0147848.jpg?474447,와인
끼알리 러브홀릭 스위트 로사토,4,http://img.wine21.com/no_image1.jpg?168169,와인
"끼알리, 람부르스코 에밀리아 비앙코",6,http://img.wine21.com/WINE_MST/TITLE/0147000/W0147882.jpg?827061,와인
"끼알리, 러브홀릭 스위트 로쏘 ",4,http://img.wine21.com/no_image1.jpg?480443,와인
"끼알리, 로제 브뤼 스푸만테",8,http://img.wine21.com/WINE_MST/TITLE/0146000/W0146375.jpg?216110,와인
"끼알리, 모덴 브뤼 스푸만테",12,http://img.wine21.com/WINE_MST/TITLE/0146000/W0146376.jpg?548084,와인
낀따 도 크라스토 수페리오르,9.5,http://img.wine21.com/WINE_MST/TITLE/0151000/W0151954.jpg?870351,와인
"나바로 꼬레아스, 레세르바 까베르네 소비뇽",14.5,http://img.wine21.com/WINE_MST/TITLE/0162000/W0162588.jpg?190186,와인
"나바로 꼬레아스, 레세르바 말벡",14.5,http://img.wine21.com/WINE_MST/TITLE/0162000/W0162587.jpg?645646,와인
"나바로 꼬레아스, 레세르바 샤르도네",13.5,http://img.wine21.com/WINE_MST/TITLE/0162000/W0162589.jpg?138533,와인
"나바로 꼬레아스, 알레고리아 그란 레세르바 샤르도네",12.5,http://img.wine21.com/WINE_MST/TITLE/0162000/W0162590.jpg?405498,와인
"나바로 꼬레아스, 알레고리아 레이트 하베스트",10,http://img.wine21.com/WINE_MST/TITLE/0146000/W0146215.jpg?970113,와인
"나바로 꼬레아스, 엑스트라 브뤼",13,http://img.wine21.com/WINE_MST/TITLE/0146000/W0146216.jpg?842313,와인
나우사,13.5,http://img.wine21.com/WINE_MST/TITLE/0167000/W0167234.png?505383,와인
나인 닷 파이브 ,7,http://img.wine21.com/WINE_MST/TITLE/0150000/W0150224.jpg?694730,와인
나파 글렌 나파 밸리 카베르네 쇼비뇽,14.5,http://img.wine21.com/WINE_MST/TITLE/0167000/W0167107.jpg?006460,와인
"나파 셀라, 까베르네 쇼비뇽",14.5,http://img.wine21.com/WINE_MST/TITLE/0142000/W0142024.jpg?580851,와인
"나파 셀라, 멜롯",14.5,http://img.wine21.com/WINE_MST/TITLE/0142000/W0142025.jpg?462965,와인
"나파 스페이션, 소비뇽 블랑",9,http://img.wine21.com/WINE_MST/TITLE/0149000/W0149698.jpg?216542,와인
나파 앤젤 까베르네 소비뇽,9.5,http://img.wine21.com/WINE_MST/TITLE/0146000/W0146018.jpg?277951,와인
"나파 파라다이스, 까베르네 소비뇽",14.5,http://img.wine21.com/WINE_MST/TITLE/0167000/W0167451.png?545660,와인
"나파 파라다이스, 샤르도네",14.5,http://img.wine21.com/WINE_MST/TITLE/0167000/W0167452.png?642988,와인
"나파셀라, 샤도네이",13.5,http://img.wine21.com/WINE_MST/TITLE/0151000/W0151271.jpg?102066,와인
나흐트골드 베른아우스레제,8,http://img.wine21.com/WINE_MST/TITLE/0146000/W0146350.jpg?104742,와인
"나흐트골드, 아이스바인",8,http://img.wine21.com/WINE_MST/TITLE/0146000/W0146351.jpg?113614,와인
"네그레티, 네비올로 달바 미노",14.5,http://img.wine21.com/WINE_MST/TITLE/0164000/W0164669.jpg?923295,와인
"네그레티, 랑게 샤도네이 다다",14.5,http://img.wine21.com/WINE_MST/TITLE/0164000/W0164667.jpg?181814,와인
"네그레티, 바롤로",14.5,http://img.wine21.com/WINE_MST/TITLE/0164000/W0164670.jpg?433439,와인
"네그레티, 바르베라 달바 수페리오레",15.5,http://img.wine21.com/WINE_MST/TITLE/0164000/W0164668.jpg?513252,와인
네그루 드 푸카리,12.5,http://img.wine21.com/WINE_MST/TITLE/0165000/W0165569.jpg?678220,와인
네메아,12.5,http://img.wine21.com/WINE_MST/TITLE/0167000/W0167232.png?779305,와인
네스 파시토 디 판텔레리아,9.5,http://img.wine21.com/WINE_MST/TITLE/0161000/W0161494.jpg?260018,와인
네이뻬르 콜렉션 루지  ,8.5,http://img.wine21.com/WINE_MST/TITLE/0161000/W0161064.jpg?895409,와인
네이뻬르 콜렉션 블랑,12,http://img.wine21.com/WINE_MST/TITLE/0161000/W0161065.jpg?427685,와인
"노블, 생떼밀리옹",12.5,http://img.wine21.com/WINE_MST/TITLE/0147000/W0147618.jpg?207197,와인
"노블, 오 메독",12.5,http://img.wine21.com/WINE_MST/TITLE/0155000/155421.jpg?235126,와인
"노스스타, 왈라 왈라 밸리 레드 블렌드",14.5,http://img.wine21.com/WINE_MST/TITLE/0162000/W0162394.jpg?496268,와인
"노스스타, 콜럼비아 밸리 까베르네 소비뇽",14.5,http://img.wine21.com/WINE_MST/TITLE/0162000/W0162393.jpg?530199,와인
노스트로스 그랑 리저브 까베르네 쇼비뇽,14,http://img.wine21.com/WINE_MST/TITLE/0154000/W0154334.jpg?903629,와인
노스트로스 리저브 샤도네이,9,http://img.wine21.com/WINE_MST/TITLE/0154000/W0154339.jpg?461072,와인
노스트로스 리제르바 까베르네쇼비뇽,9,http://img.wine21.com/WINE_MST/TITLE/0154000/W0154336.jpg?864759,와인
"노통, 리제르바 카베르네 소비뇽 ",14.5,http://img.wine21.com/WINE_MST/TITLE/0141000/W0141271.jpg?646377,와인
"노통, 말벡",13.5,http://img.wine21.com/WINE_MST/TITLE/0141000/W0141273.jpg?382467,와인
녹스 블랑코,11,http://img.wine21.com/WINE_MST/TITLE/0162000/W0162497.jpg?247047,와인
녹스 틴토,12.5,http://img.wine21.com/WINE_MST/TITLE/0162000/W0162498.jpg?027841,와인
누데즈 데 가라이,14,http://img.wine21.com/WINE_MST/TITLE/0166000/W0166868.jpg?450234,와인
누도 쉬라,9,http://img.wine21.com/WINE_MST/TITLE/0150000/W0150682.jpg?343743,와인
"니꼴라 후제, 부르고뉴 알리고떼",13,http://img.wine21.com/no_image1.jpg?226363,와인
"니노 네그리, 발텔리나 스푸르사트",15,http://img.wine21.com/WINE_MST/TITLE/0140000/W0140108.jpg?117202,와인
"니노 네그리, 발텔리나 스푸르사트 5 스텔레",15,http://img.wine21.com/WINE_MST/TITLE/0140000/W0140107.jpg?730499,와인
"니더버그, 듀엣 쉬라즈 피노타쥐",14.5,http://img.wine21.com/WINE_MST/TITLE/0145000/W0145774.jpg?357527,와인
"니더버그, 매너 하우스 까베르네 소비뇽",14.5,http://img.wine21.com/WINE_MST/TITLE/0145000/W0145779.jpg?391047,와인
"니더버그, 와인마스터스 까베르네 소비뇽",14.5,http://img.wine21.com/WINE_MST/TITLE/0145000/W0145777.jpg?618129,와인
"니더버그, 와인마스터스 리저브 샤르도네",9,http://img.wine21.com/WINE_MST/TITLE/0145000/W0145775.jpg?900043,와인
"니에토 세네티네르, 돈 니까노 말벡",14,http://img.wine21.com/WINE_MST/TITLE/0146000/W0146903.jpg?065486,와인
"니에토 세네티네르, 돈 니까노 블랜드",14,http://img.wine21.com/WINE_MST/TITLE/0141000/W0141887.jpg?022387,와인
"니에토 세네티네르, 리제르바 까베르네 쇼비뇽",14,http://img.wine21.com/WINE_MST/TITLE/0146000/W0146901.jpg?471378,와인
"니에토 세네티네르, 리제르바 말벡",14,http://img.wine21.com/WINE_MST/TITLE/0141000/W0141888.jpg?634685,와인
"니에토 세네티네르, 리제르바 메를로",9.5,http://img.wine21.com/WINE_MST/TITLE/0141000/W0141889.jpg?179812,와인
"니에토 세네티네르, 리제르바 샤도네",9.5,http://img.wine21.com/WINE_MST/TITLE/0146000/W0146902.jpg?089804,와인
"니콜라스 푸이야트, 셀렉션 브뤼",12.5,http://img.wine21.com/WINE_MST/TITLE/0165000/W0165827.jpg?172194,와인
"니트나우스, 베렌아우스레제 뮈스캇 오트넬",10,http://img.wine21.com/WINE_MST/TITLE/0163000/W0163163.jpg?414558,와인
"닉 팔도, 까베르네 소비뇽",14,http://img.wine21.com/WINE_MST/TITLE/0147000/W0147521.jpg?223208,와인
"닉 팔도, 소비뇽 블랑",9,http://img.wine21.com/WINE_MST/TITLE/0147000/W0147523.jpg?252885,와인
"닉 팔도, 쉬라즈",9,http://img.wine21.com/WINE_MST/TITLE/0147000/W0147522.jpg?397948,와인
"다니엘 리옹 에 피스, 샤르도네",9,http://img.wine21.com/WINE_MST/TITLE/0163000/W0163439.jpg?738648,와인
"다니엘 바흐, 뿌이 퓌세 '레 크레'",9,http://img.wine21.com/WINE_MST/TITLE/0149000/W0149038.jpg?589701,와인
다다 1 바닐라,8.5,http://img.wine21.com/WINE_MST/TITLE/0162000/W0162325.jpg?750391,와인
다다 3,12,http://img.wine21.com/WINE_MST/TITLE/0162000/W0162326.jpg?500931,와인
다이네로,9,http://img.wine21.com/WINE_MST/TITLE/0149000/W0149827.jpg?977056,와인
다이아몬드 릿지 소비뇽 블랑,9,http://img.wine21.com/WINE_MST/TITLE/0149000/W0149949.jpg?246634,와인
"닥터 루젠, 리슬링",6.5,http://img.wine21.com/WINE_MST/TITLE/0139000/139852.jpg?747445,와인
"닥터 루젠, 리슬링 스파클링",11.5,http://img.wine21.com/WINE_MST/TITLE/0150000/150975.jpg?106993,와인
"닥터 루젠, 리슬링 카비넷",8.5,http://img.wine21.com/WINE_MST/TITLE/0139000/139855.jpg?257512,와인
댄싱 플레임 레세르바 멀롯,14,http://img.wine21.com/WINE_MST/TITLE/0156000/W0156999.jpg?690815,와인
댄싱 플레임 레세르바 샤도네이,13,http://img.wine21.com/WINE_MST/TITLE/0157000/W0157000.jpg?849517,와인
댄싱 플레임 샤도네이,8.5,http://img.wine21.com/WINE_MST/TITLE/0157000/W0157003.jpg?473568,와인
"댄싱 플레임, 멀롯",13,http://img.wine21.com/WINE_MST/TITLE/0157000/W0157002.jpg?912806,와인
"댄싱 플레임, 카버네 소비뇽",13,http://img.wine21.com/WINE_MST/TITLE/0157000/W0157001.jpg?604656,와인
더 그레이프 그라인더 슈냉 블랑,13,http://img.wine21.com/WINE_MST/TITLE/0156000/W0156009.jpg?332525,와인
"더 락,  까베르네  쇼비뇽",9,http://img.wine21.com/WINE_MST/TITLE/0147000/W0147822.jpg?844120,와인
"더 아이리 빈야드, 피노 누아 리저브",13,http://img.wine21.com/no_image1.jpg?914980,와인
"더 포 그레이스, 피노 누아",11,http://img.wine21.com/WINE_MST/TITLE/0148000/W0148156.jpg?332750,와인
"더 프리즈너, 더 프리즈너",8.5,http://img.wine21.com/WINE_MST/TITLE/0150000/W0150618.jpg?307552,와인
"덕 판드, 까베르네 쇼비뇽",44,http://img.wine21.com/WINE_MST/TITLE/0148000/W0148520.jpg?965471,와인
"덕 판드, 리슬링",12,http://img.wine21.com/WINE_MST/TITLE/0151000/W0151879.jpg?799657,와인
"덕 판드, 쉬라",9,http://img.wine21.com/WINE_MST/TITLE/0148000/W0148518.jpg?053023,와인
"덕 판드, 죠리 뀌베 피노 누아",9,http://img.wine21.com/WINE_MST/TITLE/0148000/W0148882.jpg?770905,와인
"덕 판드, 피노 그리",7.5,http://img.wine21.com/WINE_MST/TITLE/0151000/W0151878.jpg?172939,와인
덕혼 디코이 샤도네이,13.5,http://img.wine21.com/WINE_MST/TITLE/0150000/W0150738.jpg?786684,와인
"덕혼, 포스트마크 나파 밸리 카버네 소비뇽",14.5,http://img.wine21.com/WINE_MST/TITLE/0167000/W0167193.png?288994,와인
"데 마르티노, 싱글 빈야드 그라니토 시라",9,http://img.wine21.com/WINE_MST/TITLE/0144000/W0144671.jpg?724752,와인
"데 마르티노, 싱글 빈야드 까베르네 소비뇽",9,http://img.wine21.com/WINE_MST/TITLE/0144000/W0144669.jpg?839194,와인
"데 스테파니, 크레다",14,http://img.wine21.com/WINE_MST/TITLE/0152000/W0152579.jpg?444281,와인
"데 스테파니, 프로세코 제로",11,http://img.wine21.com/WINE_MST/TITLE/0152000/W0152566.jpg?609879,와인
"데 스테파니, 피노 그리지오",13,http://img.wine21.com/WINE_MST/TITLE/0152000/W0152574.jpg?414669,와인
"데 쌍떼, 까베르네 쇼비뇽",9.5,http://img.wine21.com/WINE_MST/TITLE/0147000/W0147830.jpg?466373,와인
데나다 셀러 까베르네 소비뇽,14,http://img.wine21.com/WINE_MST/TITLE/0162000/W0162071.jpg?893513,와인
데나다 셀러 레드 블랜드,14,http://img.wine21.com/WINE_MST/TITLE/0162000/W0162072.jpg?423762,와인
데로미에 샤도네이,11.5,http://img.wine21.com/WINE_MST/TITLE/0166000/W0166841.jpg?039798,와인
"데블스 코너, 소비뇽 블랑",12.5,http://img.wine21.com/WINE_MST/TITLE/0162000/W0162330.jpg?005362,와인
"데블스 코너, 피노누아",12.5,http://img.wine21.com/WINE_MST/TITLE/0162000/W0162328.jpg?521445,와인
데스빠뉴 지롤라떼,9.5,http://img.wine21.com/WINE_MST/TITLE/0147000/W0147666.jpg?184623,와인
데오르 골드 엑스트라 드라이 스푸만테,10,http://img.wine21.com/WINE_MST/TITLE/0155000/W0155479.jpg?962897,와인
데이빗 스톤 까베르네 소비뇽,12,http://img.wine21.com/WINE_MST/TITLE/0150000/W0150345.jpg?710803,와인
데이빗 스톤 메를로,12,http://img.wine21.com/WINE_MST/TITLE/0150000/W0150347.jpg?875586,와인
데이빗 스톤 샤도네,12,http://img.wine21.com/WINE_MST/TITLE/0150000/W0150344.jpg?128850,와인
데이빗 스톤 피노누와,8.5,http://img.wine21.com/WINE_MST/TITLE/0150000/W0150346.jpg?003031,와인
데저트윈드 리슬링,12,http://img.wine21.com/WINE_MST/TITLE/0148000/W0148523.jpg?214216,와인
데저트윈드 바르베라,9.5,http://img.wine21.com/WINE_MST/TITLE/0150000/W0150683.jpg?663005,와인
"델리카토, 1924 버번 배럴 에이지드 까베르네 소비뇽",15,http://img.wine21.com/WINE_MST/TITLE/0167000/W0167154.jpg?922178,와인
"델리카토, 날리 헤드 1924 더블 블랙 까베르네 소비뇽",15.5,http://img.wine21.com/WINE_MST/TITLE/0165000/W0165309.jpg?711007,와인
델캄포 레드,8,http://img.wine21.com/WINE_MST/TITLE/0141000/W0141712.jpg?507251,와인
델캄포 화이트,8,http://img.wine21.com/WINE_MST/TITLE/0141000/W0141713.jpg?635982,와인
"도그 포인트, 샤도네이",13.5,http://img.wine21.com/WINE_MST/TITLE/0145000/W0145316.jpg?100572,와인
"도그 포인트, 섹션 94 소비뇽 블랑",13.5,http://img.wine21.com/WINE_MST/TITLE/0146000/W0146360.jpg?400892,와인
"도그 포인트, 소비뇽 블랑",13.5,http://img.wine21.com/WINE_MST/TITLE/0145000/W0145331.jpg?618830,와인
"도그 포인트, 피노 누아",13.5,http://img.wine21.com/WINE_MST/TITLE/0145000/W0145330.jpg?009345,와인
도그마 리저브 까르메네르,13.5,http://img.wine21.com/WINE_MST/TITLE/0150000/W0150032.jpg?297540,와인
도그마 리저브 까베르네 소비뇽,9,http://img.wine21.com/WINE_MST/TITLE/0150000/W0150717.jpg?161326,와인
도그마 리저브 쉬라,9,http://img.wine21.com/WINE_MST/TITLE/0150000/W0150035.jpg?524188,와인
도그마 프라임 까베르네 소비뇽,9,http://img.wine21.com/WINE_MST/TITLE/0150000/W0150751.jpg?525770,와인
"도그마, 리제르바 피노 누아",14,http://img.wine21.com/WINE_MST/TITLE/0150000/W0150037.jpg?007767,와인
"도나텔라 치넬리 콜롬비니, 브루넬로 디 몬탈치노 프리메돈네",14,http://img.wine21.com/WINE_MST/TITLE/0140000/W0140004.jpg?408996,와인
"도나텔라 치넬리 콜롬비니, 오르챠 체네렌톨라",14,http://img.wine21.com/WINE_MST/TITLE/0140000/W0140005.jpg?966433,와인
도마니알 쌩 빈센트,8.5,http://img.wine21.com/WINE_MST/TITLE/0149000/W0149919.jpg?355355,와인
"도메니꼬 끌레리꼬, 바르베라 달바 '트레비네'",9.5,http://img.wine21.com/WINE_MST/TITLE/0152000/W0152969.jpg?838473,와인
"도멘 J.A. 페레, 뿌이 휘세 뚜르낭 드 뿌이",9.5,http://img.wine21.com/WINE_MST/TITLE/0148000/W0148277.jpg?657516,와인
"도멘 J.A. 페레, 뿌이 휘세 레 뻬리에르",9.5,http://img.wine21.com/WINE_MST/TITLE/0148000/W0148276.jpg?136379,와인
도멘 나탈리 앤 쥘 페브르,12.5,http://img.wine21.com/WINE_MST/TITLE/0164000/W0164873.jpg?923722,와인
도멘 데 그랑드 꼬뜨,13,http://img.wine21.com/WINE_MST/TITLE/0147000/W0147261.jpg?196281,와인
"도멘 데 뜨로띠에르, 로제 당쥬",11,http://img.wine21.com/WINE_MST/TITLE/0146000/W0146752.jpg?175688,와인
"도멘 데 루즈 꿰, 부르고뉴 뀌베 엉볼",8.5,http://img.wine21.com/WINE_MST/TITLE/0148000/W0148479.jpg?778357,와인
"도멘 데 루즈 끄, 마랑쥬 레드",8.5,http://img.wine21.com/WINE_MST/TITLE/0146000/W0146977.jpg?382128,와인
"도멘 데 루즈 끄, 부르고뉴 오뜨 꼬뜨 드 본 레드",8.5,http://img.wine21.com/WINE_MST/TITLE/0146000/W0146975.jpg?816446,와인
"도멘 데 루즈 끄, 쌍뜨네 레드",13,http://img.wine21.com/WINE_MST/TITLE/0146000/W0146976.jpg?334707,와인
"도멘 데 보스께, 지공다스",15,http://img.wine21.com/WINE_MST/TITLE/0147000/W0147089.jpg?650183,와인
"도멘 도미니끄 파비오, 푸이 휘메 레 비에이 떼르",12,http://img.wine21.com/WINE_MST/TITLE/0146000/W0146747.jpg?505801,와인
"도멘 뒤 까이롱, 지공다스",14,http://img.wine21.com/WINE_MST/TITLE/0149000/W0149715.jpg?277853,와인
"도멘 뒤 꼬리앙꽁, 레_씨용 뱅소브르",14,http://img.wine21.com/WINE_MST/TITLE/0149000/W0149717.jpg?735996,와인
"도멘 뒤 프레세, 앙주 꼬또 드 라 르와르 반당쥐 독토브르",8.5,http://img.wine21.com/WINE_MST/TITLE/0146000/W0146749.jpg?974283,와인
도멘 뒤 프린스 루즈,9,http://img.wine21.com/WINE_MST/TITLE/0151000/W0151793.jpg?157845,와인
"도멘 뒤작, 샹볼 뮤지니 ",13,http://img.wine21.com/WINE_MST/TITLE/0151000/W0151266.jpg?470040,와인
"도멘 뒤작, 쥬브레 샹베르땅",13,http://img.wine21.com/WINE_MST/TITLE/0151000/W0151699.jpg?461988,와인
"도멘 드 그랑 티넬, 꼬뜨 뒤 론",9.5,http://img.wine21.com/WINE_MST/TITLE/0149000/W0149571.jpg?597810,와인
"도멘 드 까밀 지로, 제브리 샹베르땡",12.5,http://img.wine21.com/WINE_MST/TITLE/0141000/W0141581.jpg?215821,와인
도멘 드 라 뚜르말린,11.5,http://img.wine21.com/WINE_MST/TITLE/0166000/W0166570.jpg?047969,와인
"도멘 드 라 모르도레, 꼬뜨 뒤 론 '라담 루스'",14,http://img.wine21.com/WINE_MST/TITLE/0148000/W0148495.jpg?519299,와인
"도멘 드 라 자나세, 꼬뜨 뒤 론 빌라지 떼레 다질레",9.5,http://img.wine21.com/WINE_MST/TITLE/0145000/W0145207.jpg?750541,와인
"도멘 드 라 팽소니에, 부브레 섹",12,http://img.wine21.com/WINE_MST/TITLE/0162000/W0162020.jpg?804831,와인
"도멘 드 라 호예르, 꼬뜨 뒤 론 루즈",14.5,http://img.wine21.com/WINE_MST/TITLE/0164000/W0164554.jpg?842175,와인
"도멘 드 라 호예르, 루베롱 블랑",13.5,http://img.wine21.com/WINE_MST/TITLE/0164000/W0164552.jpg?767020,와인
"도멘 드 라 호예르, 루베롱 오피둠 ",9.5,http://img.wine21.com/WINE_MST/TITLE/0164000/W0164553.jpg?897464,와인
"도멘 드 라 호예르, 시라 보클루즈",14.5,http://img.wine21.com/WINE_MST/TITLE/0164000/W0164551.jpg?604049,와인
"도멘 드 마르꾸, 꼬뜨 뒤 론",15,http://img.wine21.com/WINE_MST/TITLE/0145000/W0145305.jpg?804333,와인
"도멘 드 세네쇼, 샤또네프 뒤 빠쁘 레드",14.5,http://img.wine21.com/WINE_MST/TITLE/0146000/W0146587.jpg?909626,와인
도멘 드 펠르오 루즈,12.5,http://img.wine21.com/WINE_MST/TITLE/0141000/W0141812.jpg?061557,와인
"도멘 드루앵, 던디 힐 피노누아",14.5,http://img.wine21.com/WINE_MST/TITLE/0159000/W0159822.jpg?283118,와인
"도멘 또쁘노 메름므, 부르고뉴 파사뚜그랭",9,http://img.wine21.com/WINE_MST/TITLE/0145000/W0145947.jpg?032215,와인
도멘 뚜르 생 미쉘  뀌베 뒤 리옹,15,http://img.wine21.com/WINE_MST/TITLE/0150000/W0150929.jpg?767368,와인
도멘 라 끄로 달라인,14.5,http://img.wine21.com/WINE_MST/TITLE/0161000/W0161153.jpg?448137,와인
도멘 라 카펠,14.5,http://img.wine21.com/WINE_MST/TITLE/0161000/W0161152.jpg?455888,와인
"도멘 라뚜르 지호, 뫼르소 '뀌베 샤르 막심'",13,http://img.wine21.com/WINE_MST/TITLE/0148000/W0148991.jpg?896498,와인
"도멘 루 페레 & 피스, 레 코티유 샤르도네",12.5,http://img.wine21.com/WINE_MST/TITLE/0162000/W0162600.jpg?656034,와인
"도멘 루 페레 에 피스, 레 코티유 피노 누아",12.5,http://img.wine21.com/WINE_MST/TITLE/0162000/W0162601.jpg?995125,와인
"도멘 루 페레 에 피스, 뫼르소",12.5,http://img.wine21.com/WINE_MST/TITLE/0151000/W0151498.jpg?790086,와인
"도멘 마비, 라 페르마드",9.5,http://img.wine21.com/WINE_MST/TITLE/0149000/W0149716.jpg?679312,와인
"도멘 마샹 프레르, 꼬또 부르기뇽 블랑 뀌베 파니",8.5,http://img.wine21.com/WINE_MST/TITLE/0162000/W0162041.jpg?229518,와인
"도멘 마샹 프레르, 마르사네 비에이 비뉴",13,http://img.wine21.com/WINE_MST/TITLE/0162000/W0162044.jpg?973670,와인
"도멘 마샹 프레르, 모레 쌩 드니 비에이 비뉴",13,http://img.wine21.com/WINE_MST/TITLE/0162000/W0162045.jpg?511826,와인
"도멘 마샹 프레르, 부르고뉴 피노누아",8.5,http://img.wine21.com/WINE_MST/TITLE/0162000/W0162042.jpg?047770,와인
"도멘 마샹 프레르, 샹볼 뮈지니 비에이 비뉴",13,http://img.wine21.com/WINE_MST/TITLE/0162000/W0162047.jpg?398581,와인
"도멘 마샹 프레르, 오 꼬뜨 드 뉘 '레뚜르 오 수스'",8.5,http://img.wine21.com/WINE_MST/TITLE/0162000/W0162043.jpg?117487,와인
"도멘 마샹 프레르, 쥬브레 샹베르땡 '오제테루아'",13,http://img.wine21.com/WINE_MST/TITLE/0162000/W0162046.jpg?779808,와인
도멘 뮈르뮈리움 그르나슈 그랑디오즈,15,http://img.wine21.com/WINE_MST/TITLE/0161000/W0161595.jpg?787883,와인
"도멘 뱅쌍 소베스트르, 라두와 꼬뜨 드 본 '레 샤이요'",13,http://img.wine21.com/WINE_MST/TITLE/0147000/W0147260.jpg?827879,와인
"도멘 뱅쌍 소베스트르, 부르고뉴 그랑 오디나레",8.5,http://img.wine21.com/WINE_MST/TITLE/0147000/W0147259.jpg?257878,와인
"도멘 뱅쌍 소베스트르, 샤블리",8.5,http://img.wine21.com/WINE_MST/TITLE/0147000/W0147258.jpg?258471,와인
도멘 비르지니 뛰느방,14,http://img.wine21.com/WINE_MST/TITLE/0156000/W0156254.jpg?113092,와인
"도멘 빠벨로, 사비뉘-레 본 루즈",13.5,http://img.wine21.com/WINE_MST/TITLE/0141000/W0141600.jpg?301804,와인
"도멘 빠벨로, 사비뉘-레 본 '아 그라방' 프리미에 크뤼",13.5,http://img.wine21.com/WINE_MST/TITLE/0141000/W0141602.jpg?949976,와인
"도멘 뽈 마, 클라우드 발 루즈",13,http://img.wine21.com/WINE_MST/TITLE/0151000/W0151300.jpg?136837,와인
"도멘 뽈 마, 클라우드 발 블랑",13,http://img.wine21.com/WINE_MST/TITLE/0151000/W0151666.jpg?156034,와인
"도멘 산타 덕, 지공다스 레 그랑시에르",14,http://img.wine21.com/WINE_MST/TITLE/0161000/W0161048.jpg?880074,와인
"도멘 산타 덕, 지공다스 오 리우 디",14,http://img.wine21.com/WINE_MST/TITLE/0145000/W0145310.jpg?599612,와인
"도멘 산타 덕, 지공다스 프레스티지 데 오뜨 가리게",14,http://img.wine21.com/WINE_MST/TITLE/0145000/W0145311.jpg?134670,와인
"도멘 생 미셸, 브뤼 로제",11.5,http://img.wine21.com/WINE_MST/TITLE/0162000/W0162238.jpg?305427,와인
"도멘 생그라, 아렐스",15,http://img.wine21.com/WINE_MST/TITLE/0161000/W0161059.jpg?473284,와인
"도멘 생그라, 아센시오",15,http://img.wine21.com/WINE_MST/TITLE/0161000/W0161061.jpg?943018,와인
"도멘 생그라, 엘 몰리  ",15,http://img.wine21.com/WINE_MST/TITLE/0161000/W0161062.jpg?282289,와인
"도멘 샤를로팽, 쥬브레 샹베르땅 비에이 비뉴",13.5,http://img.wine21.com/WINE_MST/TITLE/0161000/W0161109.jpg?289586,와인
"도멘 샤푸이스, 마꽁 망세이",8.5,http://img.wine21.com/WINE_MST/TITLE/0144000/W0144831.jpg?358789,와인
"도멘 세르 마자르, 뀌베 앙리 세르",14,http://img.wine21.com/WINE_MST/TITLE/0162000/W0162661.jpg?203181,와인
"도멘 슐룸베르거, 게부르츠트라미너",9,http://img.wine21.com/WINE_MST/TITLE/0164000/W0164582.jpg?039616,와인
"도멘 슐룸베르거, 게부르츠트라미너 케슬러 그랑 크뤼",9,http://img.wine21.com/WINE_MST/TITLE/0164000/W0164586.jpg?367530,와인
"도멘 슐룸베르거, 게뷔르츠트라미너 뀌베 크리스틴 방당주 타르디브",8.5,http://img.wine21.com/WINE_MST/TITLE/0164000/W0164590.jpg?855994,와인
"도멘 슐룸베르거, 리슬링",8.5,http://img.wine21.com/WINE_MST/TITLE/0164000/W0164583.jpg?382790,와인
"도멘 슐룸베르거, 피노 그리",9,http://img.wine21.com/WINE_MST/TITLE/0164000/0164584.jpg?587673,와인
"도멘 슐룸베르거, 피노 그리 슈피겔 그랑 크뤼",9,http://img.wine21.com/WINE_MST/TITLE/0164000/W0164588.jpg?155020,와인
"도멘 안 프랑소와 그로, 본 로마네 끌로 드 라 퐁텐",13,http://img.wine21.com/WINE_MST/TITLE/0148000/W0148111.jpg?397850,와인
"도멘 안 프랑소와 그로, 사비니 레 본  프르미에 크뤼 끌로 데 게뜨",13,http://img.wine21.com/WINE_MST/TITLE/0148000/W0148112.jpg?861002,와인
"도멘 안느 에르베 시고, 샹볼 뮈지니",13.5,http://img.wine21.com/WINE_MST/TITLE/0149000/W0149202.jpg?172635,와인
"도멘 알랭 보주, 꼬뜨 뒤 론 레 페이루세",13,http://img.wine21.com/WINE_MST/TITLE/0145000/W0145797.jpg?387788,와인
"도멘 알랭 보주, 셍 죠셉 레 빈손네",13,http://img.wine21.com/WINE_MST/TITLE/0145000/W0145798.jpg?008802,와인
도멘 알렉산드린 생 조셉,13.5,http://img.wine21.com/WINE_MST/TITLE/0166000/W0166910.jpg?426345,와인
도멘 알렉산드린 크로즈 에르미타쥬 루즈,13.5,http://img.wine21.com/WINE_MST/TITLE/0166000/W0166912.jpg?211056,와인
"도멘 알베르 모로, 본 프르미에 크뤼 브레상드",13,http://img.wine21.com/WINE_MST/TITLE/0150000/W0150640.jpg?349023,와인
"도멘 알베르 모로, 본 프르미에 크뤼 '썽 빈느'",13,http://img.wine21.com/WINE_MST/TITLE/0150000/W0150643.jpg?830979,와인
"도멘 앙느 그로 에 쟝 뽈 똘로, 라 씨오드",14,http://img.wine21.com/WINE_MST/TITLE/0149000/W0149554.jpg?429181,와인
"도멘 앙리, 821 블랑 드 블랑 브뤼",12.5,http://img.wine21.com/WINE_MST/TITLE/0167000/W0167780.png?369168,와인
"도멘 앙리, 샤블리 ‘쌩 삐에흐’",13.5,http://img.wine21.com/WINE_MST/TITLE/0167000/W0167781.png?407057,와인
"도멘 앙리, 샤블리 프리미에 크뤼 ‘트호엠므’",12.5,http://img.wine21.com/WINE_MST/TITLE/0167000/W0167782.png?795622,와인
"도멘 앙리, 샤블리 프리미에 크뤼 ‘푸흐숌므’",13.5,http://img.wine21.com/WINE_MST/TITLE/0167000/W0167783.png?642854,와인
"도멘 에니 드렝, 꼬뜨 살로네즈",13,http://img.wine21.com/WINE_MST/TITLE/0141000/W0141500.jpg?988940,와인
도멘 에스프리 데 삐에르,9.5,http://img.wine21.com/WINE_MST/TITLE/0153000/W0153820.jpg?530924,와인
도멘 위베르 리니에 푸아제 뉘 생 조르쥬 ,13.5,http://img.wine21.com/WINE_MST/TITLE/0162000/W0162364.jpg?851192,와인
"도멘 자끄 까슈, 본 로마네 오레아",13,http://img.wine21.com/WINE_MST/TITLE/0149000/W0149947.jpg?835854,와인
"도멘 자끄 까슈, 부르고뉴 피노 느와 레 썅 다르장",8.5,http://img.wine21.com/WINE_MST/TITLE/0149000/W0149944.jpg?273633,와인
"도멘 자플랭, 뉘 생 조르주",13,http://img.wine21.com/WINE_MST/TITLE/0165000/W0165945.jpg?447562,와인
"도멘 자플랭, 부르고뉴 피노 누아",8.5,http://img.wine21.com/WINE_MST/TITLE/0165000/W0165944.jpg?258609,와인
"도멘 제로므 쉐죠, 본 로마네",8.5,http://img.wine21.com/WINE_MST/TITLE/0141000/W0141502.jpg?678220,와인
"도멘 제로므 쉐죠, 부르고뉴 루즈",8.5,http://img.wine21.com/WINE_MST/TITLE/0141000/W0141501.jpg?372703,와인
"도멘 클라벨, 본느 피오쉬",14,http://img.wine21.com/WINE_MST/TITLE/0150000/W0150779.jpg?334441,와인
"도멘 타리케, 꼬떼",8,http://img.wine21.com/WINE_MST/TITLE/0163000/W0163068.jpg?474118,와인
"도멘 파랑, 부르고뉴 샤도네이",8.5,http://img.wine21.com/WINE_MST/TITLE/0153000/W0153785.jpg?815480,와인
"도멘 파랑, 부르고뉴 피노누아",8.5,http://img.wine21.com/WINE_MST/TITLE/0153000/W0153786.jpg?941358,와인
"도멘 파랑, 뽀마르",9,http://img.wine21.com/WINE_MST/TITLE/0151000/W0151060.jpg?296164,와인
"도멘 프리 바론, 크레망 드 루아르",12.5,http://img.wine21.com/WINE_MST/TITLE/0166000/W0166573.jpg?355154,와인
"도멘 프리 바론, 투랜느 까르페 디엠",13.5,http://img.wine21.com/no_image1.jpg?682523,와인
"도멘 프리 바론, 투랜느 르네상스",12.5,http://img.wine21.com/no_image1.jpg?297024,와인
"도멘 프리 바론, 투랜느 소비뇽 블랑",13.5,http://img.wine21.com/WINE_MST/TITLE/0166000/W0166576.jpg?622936,와인
"도멘 프리 바론, 투랜느 오이슬리 엘레겐트",13.5,http://img.wine21.com/WINE_MST/TITLE/0166000/W0166577.jpg?174021,와인
"도멘 프리 바론, 투랜느 카베르네",13.5,http://img.wine21.com/no_image1.jpg?637128,와인
"도멘 프리 바론, 투랜느 피노 누아",12.5,http://img.wine21.com/WINE_MST/TITLE/0166000/0166579.jpg?992969,와인
"도멘 피롱, 크레망 드 부르고뉴",12.5,http://img.wine21.com/WINE_MST/TITLE/0163000/W0163679.jpg?823246,와인
"도멘 필립 나데프, 제브리 샹베르땡 비에이 비뉴",13,http://img.wine21.com/WINE_MST/TITLE/0145000/W0145943.jpg?869914,와인
"도멘 필립 나데프, 픽셍",13,http://img.wine21.com/WINE_MST/TITLE/0145000/W0145944.jpg?570796,와인
"도멘느 드 라 제미에르, 상세르 블랑",8.5,http://img.wine21.com/WINE_MST/TITLE/0146000/W0146748.jpg?485322,와인
"도멘느 드 오뜨 페르쉐, 꼬또 드 로방스 그랑노블",12,http://img.wine21.com/WINE_MST/TITLE/0146000/W0146750.jpg?588468,와인
"도멘느 드 오뜨 페르쉐, 앙주 빌라주 브리삭",9,http://img.wine21.com/WINE_MST/TITLE/0146000/W0146754.jpg?024722,와인
"도멘느 피스테, 게부르츠트라미너 실버버그",9,http://img.wine21.com/WINE_MST/TITLE/0146000/W0146740.jpg?693447,와인
"도멘느 피스테, 그랑 크뤼 엥겔버그 리슬링",13,http://img.wine21.com/WINE_MST/TITLE/0146000/W0146746.jpg?618798,와인
"도멘느 피스테, 뀌베 8",8.5,http://img.wine21.com/WINE_MST/TITLE/0146000/W0146741.jpg?291682,와인
"도멘느 피스테, 리슬링 실버버그 방당주 타르디브",8.5,http://img.wine21.com/WINE_MST/TITLE/0146000/W0146742.jpg?910291,와인
"도멘느 피스테, 피노 누아 바리끄",9,http://img.wine21.com/WINE_MST/TITLE/0146000/W0146743.jpg?994710,와인
"도멘느 피스테, 피노그리 셀렉션",8.5,http://img.wine21.com/WINE_MST/TITLE/0146000/W0146739.jpg?082798,와인
"도멘느 피스테,그랑 크뤼 엥겔버그 게부르츠트라미너",9,http://img.wine21.com/WINE_MST/TITLE/0146000/W0146744.jpg?781162,와인
도미니끄 귀용 오 꼬뜨 드 뉘 ‘레담 드 베르지’,8.5,http://img.wine21.com/WINE_MST/TITLE/0152000/W0152935.jpg?013878,와인
도미니오 데 우가르떼 리제르바,13.5,http://img.wine21.com/WINE_MST/TITLE/0150000/W0150358.jpg?922156,와인
"도미니크 로랑, 부르고뉴 뀌베 뉘메로 원",13,http://img.wine21.com/WINE_MST/TITLE/0146000/W0146573.jpg?004705,와인
"도베르뉴 랑비에, 루베롱 블랑",13.5,http://img.wine21.com/WINE_MST/TITLE/0164000/W0164940.jpg?714384,와인
도스 코파스 레드 블렌드,12,http://img.wine21.com/WINE_MST/TITLE/0166000/W0166123.jpg?513401,와인
도스 코파스 리제르바,11.5,http://img.wine21.com/WINE_MST/TITLE/0167000/W0167472.png?654648,와인
도스 코파스 카베르네 소비뇽,12.5,http://img.wine21.com/WINE_MST/TITLE/0165000/W0165898.jpg?138191,와인
도팡 꼬뜨 뒤 론 리저브 로제 ,8.5,http://img.wine21.com/WINE_MST/TITLE/0155000/W0155926.jpg?309230,와인
도핀 그랑 뿌이 뒤까스,13,http://img.wine21.com/WINE_MST/TITLE/0153000/W0153032.jpg?397119,와인
돈 루시아노 모스카토,7,http://img.wine21.com/WINE_MST/TITLE/0147000/W0147580.jpg?133512,와인
"돈 세바스티아니 앤 선즈, 스모킹 룬 피노 누아",9,http://img.wine21.com/WINE_MST/TITLE/0146000/W0146388.jpg?905491,와인
"돈나푸가타, 루메라",12.5,http://img.wine21.com/WINE_MST/TITLE/0154000/W0154561.jpg?620712,와인
돈레옹 세미 스위트 레드,11.5,http://img.wine21.com/WINE_MST/TITLE/0147000/W0147579.jpg?429999,와인
돈레옹 세미 스위트 화이트,8,http://img.wine21.com/WINE_MST/TITLE/0147000/W0147578.jpg?014776,와인
돈크리스토발 프레미오 모나스트렐 템프라니오,13,http://img.wine21.com/WINE_MST/TITLE/0146000/W0146168.jpg?223531,와인
돈파스칼 타나 로블 크리안자,13.5,http://img.wine21.com/WINE_MST/TITLE/0156000/W0156013.jpg?838650,와인
"돈호프, 노르하이머 키르시헥 리슬링 슈페트레제",8,http://img.wine21.com/WINE_MST/TITLE/0150000/W0150257.jpg?885684,와인
"돈호프, 리슬링 트로켄",8,http://img.wine21.com/WINE_MST/TITLE/0150000/W0150225.jpg?271240,와인
"돔 브리얼, 루즈",9,http://img.wine21.com/WINE_MST/TITLE/0141000/W0141188.jpg?523005,와인
"돔 브리얼, 리브쟐트",10,http://img.wine21.com/WINE_MST/TITLE/0141000/W0141190.jpg?237169,와인
"돔 브리얼, 뱅 디시 레드",8.5,http://img.wine21.com/WINE_MST/TITLE/0141000/W0141186.jpg?803395,와인
"돔 브리얼, 뱅 디시 화이트",8.5,http://img.wine21.com/WINE_MST/TITLE/0141000/W0141187.jpg?678848,와인
"돔 브리얼, 화이트",13,http://img.wine21.com/WINE_MST/TITLE/0141000/W0141189.jpg?870836,와인
두게싸 리아 갈라 로사,5,http://img.wine21.com/WINE_MST/TITLE/0162000/W0162541.jpg?698702,와인
두게싸 리아 스텔라 로사,5,http://img.wine21.com/WINE_MST/TITLE/0146000/W0146373.jpg?329354,와인
두르뜨 떼루아 뎁셉시옹 크로아 데 메뉴 생떼밀리옹,9,http://img.wine21.com/WINE_MST/TITLE/0148000/W0148330.jpg?932071,와인
"두르뜨, 그랑 떼루아 마고",9,http://img.wine21.com/WINE_MST/TITLE/0148000/W0148333.jpg?406699,와인
"두르뜨, 그랑 떼루아 메독",13.5,http://img.wine21.com/WINE_MST/TITLE/0148000/W0148338.jpg?235729,와인
"두르뜨, 그랑 떼루아 보르도 루즈",13.5,http://img.wine21.com/WINE_MST/TITLE/0148000/W0148331.jpg?854549,와인
"두르뜨, 그랑 떼루아 소테른",13.5,http://img.wine21.com/WINE_MST/TITLE/0148000/W0148332.jpg?913465,와인
"두르뜨, 그랑 떼루아 쌩떼밀리옹",13.5,http://img.wine21.com/WINE_MST/TITLE/0148000/W0148337.jpg?705744,와인
"두르뜨, 뉘메로 엥  루즈",13.5,http://img.wine21.com/WINE_MST/TITLE/0148000/W0148334.jpg?734141,와인
"두르뜨, 떼루아 덱셉시옹 떼라스 데 라 자유 메독 ",9,http://img.wine21.com/WINE_MST/TITLE/0148000/W0148329.jpg?631047,와인
"두르뜨, 배럴 샐렉트 보르도 화이트",13,http://img.wine21.com/WINE_MST/TITLE/0147000/W0147572.jpg?281657,와인
"두르뜨, 배럴 샐렉트 생 떼밀리옹",13,http://img.wine21.com/WINE_MST/TITLE/0147000/W0147569.jpg?479967,와인
"두르뜨, 쌩떼밀리옹 라 그랑드 뀌베",13,http://img.wine21.com/WINE_MST/TITLE/0146000/W0146362.jpg?991375,와인
두리우스 템프라니요,14,http://img.wine21.com/WINE_MST/TITLE/0141000/W0141506.jpg?993323,와인
"두카 디 사락냐노, 떼레 시칠리아네 ",14.5,http://img.wine21.com/WINE_MST/TITLE/0164000/W0164410.png?821649,와인
"두카 디 사락냐노, 빠쇼네",14.5,http://img.wine21.com/WINE_MST/TITLE/0166000/W0166681.jpg?894503,와인
둘세,8.5,http://img.wine21.com/WINE_MST/TITLE/0141000/W0141498.jpg?225464,와인
둘세 세미용,8.5,http://img.wine21.com/WINE_MST/TITLE/0145000/W0145157.jpg?026765,와인
"듀발 르루아, 브뤼 프리미에 크뤼",12,http://img.wine21.com/WINE_MST/TITLE/0148000/W0148622.jpg?193447,와인
듀블 로제,12.5,http://img.wine21.com/WINE_MST/TITLE/0163000/W0163876.jpg?419994,와인
듀블 브뤼,8.5,http://img.wine21.com/WINE_MST/TITLE/0163000/W0163215.jpg?520380,와인
듀블 플러스,8.5,http://img.wine21.com/WINE_MST/TITLE/0164000/W0164164.png?918195,와인
"드 보톨리, 셀렉션 세미용 샤르도네",8.5,http://img.wine21.com/WINE_MST/TITLE/0148000/W0148362.jpg?332506,와인
"드 보톨리, 셀렉션 쉬라즈 까베르네  ",14,http://img.wine21.com/WINE_MST/TITLE/0148000/W0148380.jpg?541451,와인
"드 보톨리, 야라 밸리 까베르네 소비뇽",9,http://img.wine21.com/WINE_MST/TITLE/0148000/W0148374.jpg?813121,와인
"드 보톨리, 야라 벨리 피노 누아",13,http://img.wine21.com/WINE_MST/TITLE/0148000/W0148365.jpg?869966,와인
드 샹스니 임페투스 브뤼,8.5,http://img.wine21.com/WINE_MST/TITLE/0162000/W0162660.jpg?928328,와인
"드 수자 에 피스, 브뤼 트라디씨옹",8.5,http://img.wine21.com/WINE_MST/TITLE/0149000/W0149256.jpg?982887,와인
드보 뀌베 디,12,http://img.wine21.com/WINE_MST/TITLE/0166000/W0166821.jpg?183530,와인
"디 레나르도, 피노 그리지오",8.5,http://img.wine21.com/WINE_MST/TITLE/0147000/W0147280.jpg?510915,와인
"디 마조 노란떼, 라미뗄로 비페르노 로쏘",13.5,http://img.wine21.com/no_image1.jpg?833491,와인
"디 마조 노란떼, 산지오베제 몰리제 로쏘",7.5,http://img.wine21.com/WINE_MST/TITLE/0145000/W0145221.jpg?386985,와인
"디 마조 노란떼, 콘따도 몰리제 알리아니코",9.5,http://img.wine21.com/WINE_MST/TITLE/0145000/W0145223.jpg?380781,와인
디 지오르지오 프란세스코 리저브 까베르네 소비뇽,10,http://img.wine21.com/WINE_MST/TITLE/0140000/W0140344.jpg?834594,와인
"디 지오르지오, 루신데일 까베르네 소비뇽",14,http://img.wine21.com/WINE_MST/TITLE/0140000/W0140345.jpg?225327,와인
"디 지오르지오, 스테리타 까베르네 메를로",14,http://img.wine21.com/WINE_MST/TITLE/0140000/W0140348.jpg?794001,와인
"디 지오르지오, 스테리타 샤도네",9,http://img.wine21.com/WINE_MST/TITLE/0140000/W0140349.jpg?286772,와인
"디 지오르지오, 스테리타 쉬라즈",14,http://img.wine21.com/WINE_MST/TITLE/0140000/W0140350.jpg?085093,와인
"디 지오르지오, 야카 릿지 까베르네 소비뇽",9,http://img.wine21.com/WINE_MST/TITLE/0140000/W0140351.jpg?026695,와인
디레토 화이트,9,http://img.wine21.com/WINE_MST/TITLE/0159000/W0159045.jpg?651163,와인
디비누스 데 샤또 보네,13.5,http://img.wine21.com/WINE_MST/TITLE/0141000/W0141364.jpg?934274,와인
디비누스 에베,8.5,http://img.wine21.com/WINE_MST/TITLE/0146000/W0146882.jpg?853988,와인
"디스텔, 오비콰 까베르네 쇼비뇽",8.5,http://img.wine21.com/WINE_MST/TITLE/0145000/W0145638.jpg?904752,와인
"디스텔, 오비콰 네츄럴 스위트",7,http://img.wine21.com/WINE_MST/TITLE/0146000/W0146401.jpg?899353,와인
"디스텔, 오비콰 쉬라즈",13,http://img.wine21.com/WINE_MST/TITLE/0145000/W0145640.jpg?526674,와인
"디스텔, 테이블 마운틴 까베르네 소비뇽",10.5,http://img.wine21.com/WINE_MST/TITLE/0146000/W0146403.jpg?518235,와인
"디스텔, 테이블 마운틴 네츄럴 스위트 레드",6,http://img.wine21.com/WINE_MST/TITLE/0147000/W0147844.jpg?513474,와인
"디스텔, 테이블 마운틴 네츄럴 스위트 화이트",6,http://img.wine21.com/WINE_MST/TITLE/0147000/W0147876.jpg?857817,와인
"디스텔, 테이블 마운틴 메를로",40,http://img.wine21.com/WINE_MST/TITLE/0146000/W0146405.jpg?119903,와인
디아판 그랑 뀌베 블랑켓 드 리무 브뤼,12.5,http://img.wine21.com/WINE_MST/TITLE/0165000/W0165983.jpg?087230,와인
디아포로스,14.5,http://img.wine21.com/WINE_MST/TITLE/0160000/W0160763.jpg?606870,와인
디에볼레 끼안띠 클라시코 디에울레레 리제르바,14,http://img.wine21.com/WINE_MST/TITLE/0140000/W0140355.jpg?568129,와인
디에볼레 끼안띠 클라시코 라 벤뎀미아,9,http://img.wine21.com/WINE_MST/TITLE/0140000/W0140353.jpg?997992,와인
디에볼레 디베르띠멘토,13,http://img.wine21.com/WINE_MST/TITLE/0147000/W0147471.jpg?819515,와인
디에볼레 브로까또,13,http://img.wine21.com/WINE_MST/TITLE/0140000/W0140356.jpg?680351,와인
디에볼레 플레늄 퀸투스,9,http://img.wine21.com/WINE_MST/TITLE/0140000/W0140357.jpg?875108,와인
"디킨, 모스카토",4.5,http://img.wine21.com/WINE_MST/TITLE/0145000/W0145909.jpg?626427,와인
"디킨, 샤르도네",13.5,http://img.wine21.com/WINE_MST/TITLE/0145000/W0145908.jpg?074994,와인
따발리 레제르바 멜롯,9.5,http://img.wine21.com/WINE_MST/TITLE/0146000/W0146671.jpg?024111,와인
"따발리, 레제르바 까르미네르",14,http://img.wine21.com/WINE_MST/TITLE/0146000/W0146670.jpg?036367,와인
"따발리, 레제르바 에스페시알 레드 블렌드",9.5,http://img.wine21.com/WINE_MST/TITLE/0146000/W0146666.jpg?342511,와인
"따발리, 레제르바 에스페시알 샤르도네",14,http://img.wine21.com/WINE_MST/TITLE/0146000/W0146668.jpg?373456,와인
"따발리, 레제르바 에스페시알 피노 누아",9,http://img.wine21.com/WINE_MST/TITLE/0146000/W0146667.jpg?110585,와인
"따발리, 리제르바 까베르네 소비뇽",14,http://img.wine21.com/WINE_MST/TITLE/0146000/146669.jpg?496223,와인
"따발리, 리제르바 샤도네이",9,http://img.wine21.com/WINE_MST/TITLE/0146000/146672.jpg?599586,와인
따베넬로 로쏘 1,8,http://img.wine21.com/WINE_MST/TITLE/0148000/W0148586.jpg?756788,와인
따베넬로 산지오베제 루비코네,11,http://img.wine21.com/WINE_MST/TITLE/0148000/W0148570.jpg?675930,와인
따베넬로 트레비아노 루비코네 화이트,11,http://img.wine21.com/WINE_MST/TITLE/0148000/W0148571.jpg?236639,와인
"떼누따 델레 떼레, 에뜨나 비앙코",13,http://img.wine21.com/WINE_MST/TITLE/0154000/154325.jpg?090812,와인
떼누따 라 마르께사 가비,12,http://img.wine21.com/WINE_MST/TITLE/0140000/W0140195.jpg?449251,와인
"떼땅져, 리저브 브뤼",12.5,http://img.wine21.com/WINE_MST/TITLE/0154000/W0154480.jpg?804076,와인
떼라도로 아마도 진판델,9.5,http://img.wine21.com/WINE_MST/TITLE/0153000/W0153555.jpg?764051,와인
떼라도로 아마도 카운티 모스카토,10,http://img.wine21.com/WINE_MST/TITLE/0151000/W0151270.jpg?205980,와인
떼라도로 진판델 디버랜치 125Year 올드 바인,9.5,http://img.wine21.com/WINE_MST/TITLE/0142000/W0142023.jpg?726747,와인
"떼레 디 실라보, 샤도네이",9.5,http://img.wine21.com/no_image1.jpg?323353,와인
"떼레 디 실라보, 소비뇽 가나",14,http://img.wine21.com/no_image1.jpg?950654,와인
떼르 드 픽세그,15,http://img.wine21.com/WINE_MST/TITLE/0162000/W0162019.jpg?313993,와인
떼르비늄 로쏘,8.5,http://img.wine21.com/WINE_MST/TITLE/0150000/W0150947.jpg?365556,와인
떼르비늄 메를로 비앙코,13,http://img.wine21.com/WINE_MST/TITLE/0150000/W0150948.jpg?517919,와인
"또스띠, 레드 아모레",5.5,http://img.wine21.com/WINE_MST/TITLE/0163000/W0163109.jpg?245274,와인
"또스띠, 브리오 로쏘",7,http://img.wine21.com/WINE_MST/TITLE/0146000/W0146978.jpg?562793,와인
"또스띠, 아스띠 돌체",6,http://img.wine21.com/WINE_MST/TITLE/0139000/W0139778.jpg?662482,와인
"또스띠, 톨라스코 모스카토 다스티",5,http://img.wine21.com/WINE_MST/TITLE/0161000/W0161988.jpg?283153,와인
"또조, 모스카토 다스티",5,http://img.wine21.com/WINE_MST/TITLE/0140000/W0140238.jpg?242300,와인
"뚜아 리따, 로쏘 데이 노트리",9,http://img.wine21.com/WINE_MST/TITLE/0145000/W0145162.jpg?191797,와인
"뚜아 리따, 페를라토 델 보스코 로쏘",9,http://img.wine21.com/WINE_MST/TITLE/0141000/W0141496.jpg?328609,와인
"뛰느방 깔베, 뀌베 꽁스땅스",14.5,http://img.wine21.com/WINE_MST/TITLE/0152000/W0152130.jpg?266093,와인
"뛰느방, 배드 보이",13.5,http://img.wine21.com/WINE_MST/TITLE/0147000/W0147020.jpg?548527,와인
"뜨랑께로, 모스카토 다스티",5,http://img.wine21.com/WINE_MST/TITLE/0147000/W0147480.jpg?843811,와인
라 그랑드 드므와젤 호스텐,8.5,http://img.wine21.com/WINE_MST/TITLE/0148000/W0148528.jpg?694133,와인
라 그랑하 360,13.5,http://img.wine21.com/WINE_MST/TITLE/0165000/W0165516.jpg?599039,와인
"라 또르데라, 사오미 프로세코",11.5,http://img.wine21.com/WINE_MST/TITLE/0159000/W0159286.jpg?162758,와인
라 로제 로얄,8.5,http://img.wine21.com/WINE_MST/TITLE/0140000/W0140330.jpg?357115,와인
라 로쥬,13.5,http://img.wine21.com/WINE_MST/TITLE/0166000/W0166297.jpg?967948,와인
라 로톤다 레드 스위트 와인,12,http://img.wine21.com/WINE_MST/TITLE/0148000/W0148762.jpg?141937,와인
라 루즈 블루,8.5,http://img.wine21.com/WINE_MST/TITLE/0152000/W0152754.jpg?920634,와인
라 루즈 오렌지,8.5,http://img.wine21.com/WINE_MST/TITLE/0152000/W0152753.jpg?188493,와인
라 마치아 로쏘 ,12,http://img.wine21.com/WINE_MST/TITLE/0151000/W0151019.jpg?187912,와인
"라 몬테끼아, 까에모",12,http://img.wine21.com/WINE_MST/TITLE/0147000/W0147187.jpg?417985,와인
"라 몬테끼아, 이레네오",13,http://img.wine21.com/WINE_MST/TITLE/0147000/W0147188.jpg?973440,와인
라 불 무스 드 씨거,13,http://img.wine21.com/WINE_MST/TITLE/0166000/W0166872.jpg?695018,와인
라 불 무스 루즈,13,http://img.wine21.com/WINE_MST/TITLE/0166000/W0166873.jpg?205873,와인
라 뷔띠니에르 샤르도네,9,http://img.wine21.com/WINE_MST/TITLE/0161000/W0161054.jpg?294553,와인
라 비에이 담 드 뜨로트 비에이,13,http://img.wine21.com/WINE_MST/TITLE/0147000/W0147469.jpg?374444,와인
라 빨라제타 브루넬로 디 몬탈치노,9.5,http://img.wine21.com/WINE_MST/TITLE/0140000/W0140049.jpg?071331,와인
"라 빨라제타, 브루넬로 디 몬탈치노 리세르바",9.5,http://img.wine21.com/WINE_MST/TITLE/0140000/W0140050.jpg?411659,와인
"라 세레나, 로쏘 디 몬탈치노",14,http://img.wine21.com/WINE_MST/TITLE/0147000/W0147321.jpg?914922,와인
"라 셰또, 장 발몽 메를로",13.5,http://img.wine21.com/WINE_MST/TITLE/0165000/W0165035.jpg?457875,와인
"라 셰또, 장 발몽 소비뇽",12.5,http://img.wine21.com/WINE_MST/TITLE/0165000/W0165036.jpg?789671,와인
"라 셰또, 장 발몽 피노 누아",12.5,http://img.wine21.com/WINE_MST/TITLE/0165000/W0165037.png?742976,와인
"라 스꼴까, 가비 다 코무네 가비",8,http://img.wine21.com/WINE_MST/TITLE/0143000/W0143414.jpg?971693,와인
"라 스콜카, 솔다티 브뤼",8.5,http://img.wine21.com/WINE_MST/TITLE/0162000/W0162563.jpg?605727,와인
"라 스피네따, 랑게 비앙코",8.5,http://img.wine21.com/WINE_MST/TITLE/0163000/W0163065.jpg?787837,와인
"라 스피네따, 모스카토 다스티 비앙코스피노",5.5,http://img.wine21.com/WINE_MST/TITLE/0165000/W0165800.jpg?142424,와인
"라 스피네따, 바롤로 가레띠",14.5,http://img.wine21.com/WINE_MST/TITLE/0162000/W0162623.jpg?915220,와인
"라 스피네따, 키안티 리제르바",14,http://img.wine21.com/WINE_MST/TITLE/0162000/W0162622.jpg?576730,와인
"라 젤라, 브루넬로 디 몬탈치노",9,http://img.wine21.com/WINE_MST/TITLE/0144000/W0144987.jpg?939748,와인
라 지네스트라 키안티,8.5,http://img.wine21.com/WINE_MST/TITLE/0151000/W0151814.jpg?004772,와인
"라 카미사, 폴로 아마추어 말벡",13,http://img.wine21.com/WINE_MST/TITLE/0148000/W0148604.jpg?685506,와인
라 카치아토라 모스카토 다스티,5,http://img.wine21.com/WINE_MST/TITLE/0158000/W0158841.jpg?683250,와인
"라 크레마, 소노마 코스트 샤르도네",9,http://img.wine21.com/WINE_MST/TITLE/0141000/W0141415.jpg?234303,와인
"라 크레마, 소노마 코스트 피노 누아",9,http://img.wine21.com/WINE_MST/TITLE/0141000/W0141416.jpg?766944,와인
라 크와 도스테랑 블랑,12,http://img.wine21.com/WINE_MST/TITLE/0154000/W0154438.jpg?220161,와인
라 토스카 까르미네르,14,http://img.wine21.com/WINE_MST/TITLE/0149000/W0149876.jpg?138550,와인
라 토스카 까르미네르 리제르바,14,http://img.wine21.com/WINE_MST/TITLE/0149000/W0149881.jpg?998925,와인
라 토스카 까베르네 쇼비뇽,14,http://img.wine21.com/WINE_MST/TITLE/0149000/W0149874.jpg?563328,와인
라 토스카 까베르네 쇼비뇽 리제르바,14,http://img.wine21.com/WINE_MST/TITLE/0149000/W0149880.jpg?043998,와인
라 토스카 소비뇽 블랑,9,http://img.wine21.com/WINE_MST/TITLE/0149000/W0149878.jpg?522730,와인
라 포사다 ,9,http://img.wine21.com/WINE_MST/TITLE/0155000/W0155906.jpg?892225,와인
라 플러 드 부아,14,http://img.wine21.com/WINE_MST/TITLE/0149000/W0149870.jpg?289010,와인
라 플로 드 라 뻬이라,9.5,http://img.wine21.com/WINE_MST/TITLE/0147000/147851.jpg?075748,와인
라데라스 데 까바마,9.5,http://img.wine21.com/WINE_MST/TITLE/0161000/W0161881.jpg?437833,와인
라디오 보카 베르데호,13,http://img.wine21.com/WINE_MST/TITLE/0157000/W0157440.jpg?496150,와인
라로즈 드 그뤼오,13.5,http://img.wine21.com/WINE_MST/TITLE/0153000/W0153546.jpg?950294,와인
라르 데 바로스,14,http://img.wine21.com/WINE_MST/TITLE/0163000/W0163144.jpg?794190,와인
라마치아 비앙코 ,12,http://img.wine21.com/WINE_MST/TITLE/0151000/W0151018.jpg?200767,와인
라몰레 디 라몰레 키안티 클라시코,9,http://img.wine21.com/WINE_MST/TITLE/0159000/W0159222.jpg?964453,와인
"라뮤라, 네로 다볼라",8.5,http://img.wine21.com/WINE_MST/TITLE/0139000/W0139692.jpg?378806,와인
"라미, 러시안 리버 밸리 샤르도네												",14.5,http://img.wine21.com/WINE_MST/TITLE/0164000/W0164012.png?941493,와인
"라미, 소노마 코스트 샤르도네												",14.5,http://img.wine21.com/WINE_MST/TITLE/0164000/W0164013.png?469424,와인
"라미라나, 그랑 리제르바 피노 누아",10,http://img.wine21.com/WINE_MST/TITLE/0145000/W0145148.jpg?163149,와인
"라미라나, 까베르네 쇼비뇽",14,http://img.wine21.com/WINE_MST/TITLE/0145000/W0145145.jpg?916917,와인
"라미라나, 리제르바 쉬라",14.5,http://img.wine21.com/WINE_MST/TITLE/0145000/W0145150.jpg?762223,와인
"라미라나, 메를로",14,http://img.wine21.com/WINE_MST/TITLE/0145000/W0145149.jpg?250510,와인
"라미라나, 샤도네이",8.5,http://img.wine21.com/WINE_MST/TITLE/0145000/W0145146.jpg?534187,와인
라보에 루아  뫼르소 프르미에 크뤼 끌로 데 부슈 쉐르,13,http://img.wine21.com/WINE_MST/TITLE/0146000/W0146820.jpg?624839,와인
라보에 루아  부르고뉴 블랑,8.5,http://img.wine21.com/WINE_MST/TITLE/0146000/W0146815.jpg?251631,와인
라보에 루아  뽀마르 르 따이으페르,13,http://img.wine21.com/WINE_MST/TITLE/0146000/W0146818.jpg?409513,와인
라보에 루아  쁘띠 비스트로 시라,9,http://img.wine21.com/WINE_MST/TITLE/0146000/W0146812.jpg?713269,와인
라보에 루아 부르고뉴 루즈,13,http://img.wine21.com/WINE_MST/TITLE/0146000/W0146814.jpg?265696,와인
라보에 루아 쁘띠 비스트로 까베르네 소비뇽,8.5,http://img.wine21.com/WINE_MST/TITLE/0146000/W0146810.jpg?707750,와인
라보에 루아 샤또네프 뒤 빠쁘,14,http://img.wine21.com/WINE_MST/TITLE/0146000/W0146817.jpg?417922,와인
라보에 루아 샤블리 르 본누아,8.5,http://img.wine21.com/WINE_MST/TITLE/0146000/W0146816.jpg?866199,와인
"라보에 루아, 쥬브레 샹베르땡",13,http://img.wine21.com/WINE_MST/TITLE/0146000/W0146819.jpg?009541,와인
라스 따까스,8.5,http://img.wine21.com/WINE_MST/TITLE/0141000/W0141499.jpg?382658,와인
라스 따까스 세미용,8.5,http://img.wine21.com/WINE_MST/TITLE/0145000/W0145158.jpg?642071,와인
라스 라네레스 스위트,11,http://img.wine21.com/WINE_MST/TITLE/0147000/W0147422.jpg?137857,와인
라스 모라스 까버네 소비뇽 쉬라즈 리저브,9,http://img.wine21.com/WINE_MST/TITLE/0142000/W0142764.jpg?718888,와인
라스 모라스 말벡 리저브,14,http://img.wine21.com/WINE_MST/TITLE/0142000/W0142768.jpg?165692,와인
라스 모라스 샤도네,13,http://img.wine21.com/WINE_MST/TITLE/0142000/W0142765.jpg?208333,와인
라스 모라스 샤도네 리저브,9.5,http://img.wine21.com/WINE_MST/TITLE/0142000/W0142766.jpg?216187,와인
"라스 티자스, 그란 레세르바 까르미네르",14.5,http://img.wine21.com/WINE_MST/TITLE/0162000/W0162373.jpg?515424,와인
"라스 티자스, 그란 레세르바 까베르네 소비뇽",13.5,http://img.wine21.com/WINE_MST/TITLE/0162000/W0162372.jpg?180557,와인
"라울 클레르제, 꼬뜨 뒤 론",13,http://img.wine21.com/WINE_MST/TITLE/0151000/W0151395.jpg?027966,와인
라윤 까르미네르,13,http://img.wine21.com/WINE_MST/TITLE/0150000/W0150233.jpg?027129,와인
라윤 까베르네 소비뇽,13,http://img.wine21.com/WINE_MST/TITLE/0150000/W0150232.jpg?609606,와인
"라코드, 그랑 리저브",12.5,http://img.wine21.com/WINE_MST/TITLE/0148000/W0148120.jpg?304364,와인
라포스톨 까르메네르  ,13,http://img.wine21.com/WINE_MST/TITLE/0152000/W0152990.jpg?050808,와인
"라포스톨, 깐또 ",15,http://img.wine21.com/WINE_MST/TITLE/0151000/W0151384.jpg?601011,와인
"라포스톨, 넘버 세븐",14.5,http://img.wine21.com/WINE_MST/TITLE/0167000/W0167153.jpg?858269,와인
"라포스톨, 달라멜 레세르바 까르메네르",9,http://img.wine21.com/WINE_MST/TITLE/0164000/W0164723.jpg?544617,와인
"라포스톨, 달라멜 레세르바 샤르도네",9,http://img.wine21.com/WINE_MST/TITLE/0164000/W0164724.jpg?826253,와인
"라포스톨, 달라멜 레세르바 소비뇽 블랑",9,http://img.wine21.com/WINE_MST/TITLE/0164000/W0164725.jpg?308267,와인
"라포스톨, 달라멜 레세르바 카베르네 소비뇽",9,http://img.wine21.com/WINE_MST/TITLE/0164000/W0164722.jpg?077409,와인
"라포스톨, 돈레이 샤르도네",9,http://img.wine21.com/WINE_MST/TITLE/0164000/W0164716.jpg?171461,와인
"라포스톨, 돈레이 소비뇽 블랑",9,http://img.wine21.com/WINE_MST/TITLE/0164000/W0164717.jpg?900188,와인
"라포스톨, 레드 블렌드",14.5,http://img.wine21.com/WINE_MST/TITLE/0167000/W0167475.jpg?960889,와인
"라포스톨, 소비뇽 블랑",13,http://img.wine21.com/WINE_MST/TITLE/0150000/W0150321.jpg?458338,와인
"락포드, 이든 밸리 리슬링",12,http://img.wine21.com/WINE_MST/TITLE/0146000/W0146184.jpg?350667,와인
람부리니 비앙코,10,http://img.wine21.com/WINE_MST/TITLE/0151000/W0151916.jpg?666928,와인
"람블린 에 피스, 뉘 생 조르쥬",8.5,http://img.wine21.com/WINE_MST/TITLE/0149000/W0149927.jpg?105272,와인
"람블린 에 피스, 샤블리",12.5,http://img.wine21.com/WINE_MST/TITLE/0166000/W0166659.jpg?829862,와인
"람블린 에 피스, 샤블리 프리미에 크뤼 푸르숌므",12.5,http://img.wine21.com/WINE_MST/TITLE/0166000/W0166660.jpg?370280,와인
"람블린 에 피스, 쥬브레 샹베르땡",13,http://img.wine21.com/WINE_MST/TITLE/0149000/W0149925.jpg?155746,와인
"람블린 피스, 꼬뜨 뒤 론",13,http://img.wine21.com/WINE_MST/TITLE/0149000/W0149928.jpg?058195,와인
"람블린 피스, 람블린 브뤼",12,http://img.wine21.com/WINE_MST/TITLE/0149000/W0149930.jpg?533396,와인
"람블린 피스, 부르고뉴 피노누와",8.5,http://img.wine21.com/WINE_MST/TITLE/0149000/W0149932.jpg?480904,와인
"람블린 피스, 샤블리",8.5,http://img.wine21.com/WINE_MST/TITLE/0149000/W0149924.jpg?178893,와인
랑구스 에어벤 스페트레제,7,http://img.wine21.com/WINE_MST/TITLE/0151000/W0151145.jpg?053837,와인
"랑구스, 에어벤 아우스레제",7.5,http://img.wine21.com/WINE_MST/TITLE/0151000/W0151146.jpg?588105,와인
랑데부 보졸레 누보,8.5,http://img.wine21.com/WINE_MST/TITLE/0147000/W0147709.jpg?596793,와인
랑메일 더 피프스 웨이브 그르나슈,9.5,http://img.wine21.com/WINE_MST/TITLE/0155000/W0155891.jpg?671895,와인
"래번, 샤르도네 러시안 리버 밸리",14.5,http://img.wine21.com/WINE_MST/TITLE/0167000/W0167023.jpg?046575,와인
"래번, 피노 누아 러시안 리버 밸리",14.5,http://img.wine21.com/WINE_MST/TITLE/0167000/W0167022.jpg?438676,와인
랜서스 화이트,11.5,http://img.wine21.com/WINE_MST/TITLE/0162000/W0162517.jpg?355819,와인
"랜슬롯-피엔느, 뀌베 드 라 따블르 롱드 엑스트라 브뤼",12,http://img.wine21.com/WINE_MST/TITLE/0163000/W0163289.jpg?035134,와인
"랜슬롯-피엔느, 뀌베 아꼬르 마제 브뤼",8.5,http://img.wine21.com/WINE_MST/TITLE/0163000/W0163290.jpg?377547,와인
"랜슬롯-피엔느, 뀌베 트라디시옹 브뤼",12.5,http://img.wine21.com/WINE_MST/TITLE/0163000/W0163288.jpg?489314,와인
"랭 트윈스, 샤도네이",9.5,http://img.wine21.com/WINE_MST/TITLE/0162000/W0162682.jpg?218399,와인
"랭 트윈스, 올드 바인 진판델",15,http://img.wine21.com/WINE_MST/TITLE/0162000/W0162679.png?830847,와인
"랭 트윈스, 카버네 소비뇽",8,http://img.wine21.com/WINE_MST/TITLE/0162000/W0162680.jpg?119769,와인
"랭 트윈스, 피노 누아",8,http://img.wine21.com/WINE_MST/TITLE/0162000/W0162681.jpg?706532,와인
"랭, 리슬링 아이스와인",9,http://img.wine21.com/WINE_MST/TITLE/0140000/W0140232.jpg?484427,와인
"러더포드 힐, 샤르도네",8,http://img.wine21.com/WINE_MST/TITLE/0147000/W0147371.jpg?057395,와인
러버스 와인 버블리 모스카토,6,http://img.wine21.com/WINE_MST/TITLE/0159000/W0159733.jpg?044385,와인
"러스텐버그, 존 엑스 메리맨",9.5,http://img.wine21.com/WINE_MST/TITLE/0143000/W0143844.jpg?355860,와인
"러스텐버그, 피터 발로우",11,http://img.wine21.com/WINE_MST/TITLE/0143000/W0143843.jpg?404509,와인
러시안 리버 밸리 샤도네,8.5,http://img.wine21.com/no_image1.jpg?387296,와인
럭키 고트 까베르네 쇼비뇽,9,http://img.wine21.com/WINE_MST/TITLE/0161000/W0161862.jpg?252429,와인
레 그랑게뜨 까베르네 소비뇽,10,http://img.wine21.com/WINE_MST/TITLE/0145000/W0145266.jpg?714003,와인
레 그랑게뜨 메를로,10,http://img.wine21.com/WINE_MST/TITLE/0145000/W0145267.jpg?092921,와인
레 그랑게뜨 소비뇽 블랑,10,http://img.wine21.com/WINE_MST/TITLE/0145000/W0145268.jpg?201291,와인
레 그로테 실레노 콘트로라 샤도네이,16,http://img.wine21.com/WINE_MST/TITLE/0153000/W0153493.jpg?130505,와인
"레 그로테 실레노, 슈파페미네 알리아띠코",10,http://img.wine21.com/WINE_MST/TITLE/0153000/W0153494.jpg?550479,와인
레 까뜨르 방,14.5,http://img.wine21.com/WINE_MST/TITLE/0167000/W0167226.png?512270,와인
레 꼬또 두 픽  쎄빠쥐 나뛰르 까베르네 소비뇽,13,http://img.wine21.com/WINE_MST/TITLE/0150000/W0150557.jpg?221450,와인
레 꼬또 두 픽 쎄빠쥐 나뛰르 메를로,13,http://img.wine21.com/WINE_MST/TITLE/0150000/W0150558.jpg?468904,와인
레 꼬또 두 픽 쎄빠쥐 나뛰르 비오니에,13,http://img.wine21.com/WINE_MST/TITLE/0150000/W0150559.jpg?085705,와인
레 꽁플리스 드 푸에쉬오,14,http://img.wine21.com/WINE_MST/TITLE/0146000/W0146274.jpg?159668,와인
레 두모아젤 드 팔파,13,http://img.wine21.com/WINE_MST/TITLE/0151000/W0151176.jpg?841818,와인
레 뚜르넬 드 롱그빌,13.5,http://img.wine21.com/WINE_MST/TITLE/0140000/W0140906.jpg?084475,와인
레 로마랑 보졸레 누보,8.5,http://img.wine21.com/WINE_MST/TITLE/0163000/W0163703.jpg?586114,와인
"레 모레, 스위트 화이트",5.5,http://img.wine21.com/WINE_MST/TITLE/0164000/W0164974.jpg?686778,와인
"레 비뉴홍 디제, 로제",8.25,http://img.wine21.com/WINE_MST/TITLE/0166000/W0166801.jpg?489619,와인
"레 비뉴홍 디제, 블랑",8.25,http://img.wine21.com/WINE_MST/TITLE/0166000/W0166799.jpg?183357,와인
"레 비뉴홍 디제, 블랑 드 블랑",8.25,http://img.wine21.com/WINE_MST/TITLE/0166000/W0166800.jpg?030242,와인
레 쑤스 두 샤또 드 라 리비에르 ,9.5,http://img.wine21.com/WINE_MST/TITLE/0150000/W0150470.jpg?401885,와인
레 오 드 고엘란,8.5,http://img.wine21.com/WINE_MST/TITLE/0147000/W0147860.jpg?339327,와인
레 오 드 샤또 까농 라 가플리에르,13.5,http://img.wine21.com/WINE_MST/TITLE/0161000/W0161870.jpg?495882,와인
레 오 드 스미스 로제,13,http://img.wine21.com/WINE_MST/TITLE/0161000/W0161005.jpg?409207,와인
레 오브리에 드 라 뻬이라,9.5,http://img.wine21.com/WINE_MST/TITLE/0147000/147854.jpg?127892,와인
레 자르당 드 수따르,13,http://img.wine21.com/WINE_MST/TITLE/0147000/W0147110.jpg?787117,와인
레 크리오뜨 메네투-살롱,12.5,http://img.wine21.com/WINE_MST/TITLE/0163000/W0163197.jpg?445550,와인
레 클레르꼼떼 로제 당주,7.5,http://img.wine21.com/WINE_MST/TITLE/0161000/W0161014.jpg?790359,와인
"레 키안티지아네, 키안티 클라시코 제지아노",13,http://img.wine21.com/WINE_MST/TITLE/0149000/W0149370.jpg?917803,와인
레 펠레렁 드 라퐁 로쉐,14.5,http://img.wine21.com/WINE_MST/TITLE/0140000/W0140277.jpg?010724,와인
"레 폰띠, 끼안띠 끌라시꼬",9,http://img.wine21.com/WINE_MST/TITLE/0140000/W0140076.jpg?754667,와인
"레 프로듀퇴르 뤠니, 레 조르미에 60 비에이 비뉴",12.5,http://img.wine21.com/WINE_MST/TITLE/0158000/W0158525.jpg?312494,와인
"레 프로듀퇴르 뤠니, 빠비용 메를로 까베르네",13,http://img.wine21.com/WINE_MST/TITLE/0158000/W0158527.jpg?055627,와인
"레 프로듀퇴르 뤠니, 빠비용 소비뇽 블랑",8,http://img.wine21.com/WINE_MST/TITLE/0158000/W0158526.jpg?903531,와인
"레꼴 넘버 41, 콜럼비아 밸리 슈냉 블랑",13.5,http://img.wine21.com/WINE_MST/TITLE/0162000/W0162834.jpg?144649,와인
"레드우드, 까베르네 소비뇽",8.5,http://img.wine21.com/WINE_MST/TITLE/0149000/W0149376.jpg?314708,와인
"레드우드, 샤르도네",8.5,http://img.wine21.com/WINE_MST/TITLE/0149000/W0149377.jpg?349386,와인
"레드우드, 피노 누아",8.5,http://img.wine21.com/WINE_MST/TITLE/0149000/W0149375.jpg?167912,와인
"레드트리, 모스카토",11,http://img.wine21.com/WINE_MST/TITLE/0154000/154345.jpg?774367,와인
"레드헤즈 스튜디오, 베럴 몽키즈 쉬라즈",14.5,http://img.wine21.com/WINE_MST/TITLE/0160000/W0160791.jpg?171133,와인
"레드헤즈 스튜디오, 블루 벨 샤르도네",12.5,http://img.wine21.com/WINE_MST/TITLE/0166000/W0166649.jpg?509233,와인
"레드헤즈 스튜디오, 야드독 레드",13.5,http://img.wine21.com/WINE_MST/TITLE/0160000/W0160794.jpg?104790,와인
"레드헤즈 스튜디오, 야드독 화이트",12.5,http://img.wine21.com/WINE_MST/TITLE/0160000/W0160795.jpg?175587,와인
레리타쥬 드 샤스 스플린,13.5,http://img.wine21.com/WINE_MST/TITLE/0165000/W0165768.jpg?847635,와인
레멜슨 띠아 셀렉션 피노 누아,9.5,http://img.wine21.com/WINE_MST/TITLE/0149000/W0149095.jpg?415011,와인
"레멜슨, 제놈 리저브 피노 누아",10,http://img.wine21.com/WINE_MST/TITLE/0149000/W0149178.jpg?409569,와인
레스 크레스테스,14.5,http://img.wine21.com/WINE_MST/TITLE/0161000/W0161410.jpg?695841,와인
"레알 꼼빠니아 드 비노스, 뗌쁘라니요",9,http://img.wine21.com/WINE_MST/TITLE/0154000/W0154107.jpg?273633,와인
"레알 꼼빠니아 드 비노스, 블랑코",9,http://img.wine21.com/WINE_MST/TITLE/0154000/W0154081.jpg?708370,와인
"레알 꼼빠니아, 가르나차",14,http://img.wine21.com/WINE_MST/TITLE/0154000/W0154079.jpg?366781,와인
"레알체, 틴토 템프라니오",13,http://img.wine21.com/WINE_MST/TITLE/0160000/W0160947.jpg?409024,와인
레알탄자 그랑 레쎄르바,9,http://img.wine21.com/WINE_MST/TITLE/0151000/W0151727.jpg?757725,와인
레알탄자 레쎄르바,9,http://img.wine21.com/WINE_MST/TITLE/0151000/W0151725.jpg?230792,와인
레알탄자 레쎄르바 쎌레치온,9,http://img.wine21.com/WINE_MST/TITLE/0151000/W0151726.jpg?252924,와인
레알탄자 크리안자,9,http://img.wine21.com/WINE_MST/TITLE/0151000/W0151724.jpg?858146,와인
"레어 빈야드, 까버네 멜롯",13.5,http://img.wine21.com/WINE_MST/TITLE/0167000/W0167777.png?418328,와인
"레어 빈야드, 마르산느 비오니에",12.5,http://img.wine21.com/WINE_MST/TITLE/0167000/W0167778.png?823770,와인
레오 브릇 스파클링,9.5,http://img.wine21.com/WINE_MST/TITLE/0154000/W0154017.jpg?940062,와인
"레오나르드 커리쉬, 리슬링 빈 168",11.5,http://img.wine21.com/WINE_MST/TITLE/0167000/W0167151.jpg?007484,와인
"레오나르드 커리쉬, 리프라우밀히",7,http://img.wine21.com/WINE_MST/TITLE/0163000/0163111.jpg?836740,와인
"레오나르드 커리쉬, 사파이어 셀렉션 슈페트레제",9,http://img.wine21.com/WINE_MST/TITLE/0163000/W0163113.jpg?375984,와인
"레오나르드 커리쉬, 사파이어 셀렉션 카비넷",6.5,http://img.wine21.com/WINE_MST/TITLE/0163000/W0163112.jpg?409537,와인
"레이다,  리제르바 메를로",9,http://img.wine21.com/WINE_MST/TITLE/0146000/W0146891.jpg?414836,와인
"레이다, 레세르바 피노누아",13.5,http://img.wine21.com/WINE_MST/TITLE/0158000/W0158905.jpg?474705,와인
"레이다, 로트 21 피노누아",9.5,http://img.wine21.com/WINE_MST/TITLE/0158000/W0158904.jpg?015836,와인
"레이다, 리제르바 까르메네르",9,http://img.wine21.com/WINE_MST/TITLE/0146000/W0146893.jpg?429033,와인
"레이다, 리제르바 까베르네 쇼비뇽",9,http://img.wine21.com/WINE_MST/TITLE/0146000/W0146890.jpg?796233,와인
"레이다, 리제르바 소비뇽 블랑",9,http://img.wine21.com/WINE_MST/TITLE/0146000/W0146895.jpg?930350,와인
"레이다, 리제르바 시라",14,http://img.wine21.com/WINE_MST/TITLE/0146000/W0146892.jpg?497394,와인
"레이다, 싱글 빈야드 까베르네 쇼비뇽",9,http://img.wine21.com/WINE_MST/TITLE/0146000/W0146896.jpg?203355,와인
"레이다, 싱글 빈야드 시라",9.5,http://img.wine21.com/WINE_MST/TITLE/0147000/W0147273.jpg?988567,와인
"레이다, 싱글 빈야드 피노 누아",9.5,http://img.wine21.com/WINE_MST/TITLE/0146000/W0146897.jpg?789922,와인
"레이다, 싱글빈야드 카후일 피노누아",14,http://img.wine21.com/WINE_MST/TITLE/0158000/W0158901.jpg?174421,와인
레이디 그레이삭,13.5,http://img.wine21.com/WINE_MST/TITLE/0167000/W0167784.png?826133,와인
레이디 로르,13,http://img.wine21.com/WINE_MST/TITLE/0166000/W0166867.jpg?149467,와인
레이븐스우드 나파 밸리 진판델,9.5,http://img.wine21.com/WINE_MST/TITLE/0147000/W0147245.jpg?709856,와인
레이븐스우드 소노마 진판델,9.5,http://img.wine21.com/WINE_MST/TITLE/0147000/W0147246.jpg?051568,와인
"레이아, 레불라",8.5,http://img.wine21.com/WINE_MST/TITLE/0166000/W0166010.jpg?095324,와인
렉스 골리앗 까베르네 소비뇽,13,http://img.wine21.com/WINE_MST/TITLE/0161000/W0161496.jpg?240680,와인
렉스 골리앗 메를로,9,http://img.wine21.com/WINE_MST/TITLE/0161000/W0161497.jpg?822793,와인
렉스 골리앗 샤르도네,13,http://img.wine21.com/WINE_MST/TITLE/0161000/W0161498.jpg?199824,와인
"렌조 마시, 베르지네 발디끼아노",12,http://img.wine21.com/WINE_MST/TITLE/0139000/W0139959.jpg?457079,와인
"렌조 마시, 에르따 에 끼나",9,http://img.wine21.com/WINE_MST/TITLE/0139000/W0139957.jpg?564804,와인
렘후뜨 에스테이트,15,http://img.wine21.com/WINE_MST/TITLE/0142000/W0142197.jpg?633853,와인
로까 데 포르띠 스프만떼 돌체,7,http://img.wine21.com/WINE_MST/TITLE/0146000/W0146282.jpg?781205,와인
로난 바이 끌리네 레드,8.5,http://img.wine21.com/WINE_MST/TITLE/0160000/W0160488.jpg?260628,와인
"로드니스트롱, 까베르네 소비뇽",13,http://img.wine21.com/WINE_MST/TITLE/0142000/W0142207.jpg?798000,와인
"로드니스트롱, 메를로",13,http://img.wine21.com/WINE_MST/TITLE/0142000/W0142209.jpg?224807,와인
"로드니스트롱, 샤르도네",9,http://img.wine21.com/WINE_MST/TITLE/0142000/W0142208.jpg?222728,와인
"로드니스트롱, 시미트리",8.5,http://img.wine21.com/WINE_MST/TITLE/0142000/W0142211.jpg?518018,와인
"로드니스트롱, 진판델",13,http://img.wine21.com/WINE_MST/TITLE/0142000/W0142210.jpg?049074,와인
"로드니스트롱, 피노 누아",9,http://img.wine21.com/WINE_MST/TITLE/0147000/W0147928.jpg?935111,와인
"로드리게스, 산죠 나쏘스",15.5,http://img.wine21.com/WINE_MST/TITLE/0163000/W0163226.jpg?136356,와인
로라클 므왈레 뱅 드 뻬이 꼬뜨 드 따른,12,http://img.wine21.com/WINE_MST/TITLE/0150000/W0150174.jpg?949233,와인
"로멘 뒤베르네, 꼬드 뒤 론 비에이 비뉴",9,http://img.wine21.com/WINE_MST/TITLE/0150000/W0150932.jpg?897079,와인
"로멘 뒤베르네, 에르미따쥬",9,http://img.wine21.com/WINE_MST/TITLE/0150000/W0150937.jpg?788716,와인
"로멘 뒤베르네, 크로즈 에르미따쥬",13,http://img.wine21.com/WINE_MST/TITLE/0150000/W0150936.jpg?441112,와인
로미또 델 로미또리오 산탄티모 로쏘,14.5,http://img.wine21.com/WINE_MST/TITLE/0155000/155432.jpg?882481,와인
로미오,13.5,http://img.wine21.com/WINE_MST/TITLE/0141000/W0141817.jpg?347455,와인
로미오 크리안자,13.5,http://img.wine21.com/WINE_MST/TITLE/0141000/W0141818.jpg?458338,와인
로버트 몬다비 트윈 오크 까베르네 소비뇽,10,http://img.wine21.com/WINE_MST/TITLE/0144000/W0144879.jpg?837214,와인
"로버트 몬다비, 모스카토 도로",8,http://img.wine21.com/WINE_MST/TITLE/0153000/W0153433.jpg?037014,와인
"로버트 몬다비, 우드브릿지 브뤼",12.5,http://img.wine21.com/WINE_MST/TITLE/0158000/W0158536.jpg?994940,와인
"로버트 몬다비, 트윈 오크 모스카토",10,http://img.wine21.com/WINE_MST/TITLE/0153000/W0153436.jpg?708514,와인
"로버트 몬다비, 트윈 오크 진판델",9,http://img.wine21.com/WINE_MST/TITLE/0140000/W0140953.jpg?090070,와인
"로버트 몬다비, 프라이빗 셀렉션 럼 배럴 멜롯",14.5,http://img.wine21.com/WINE_MST/TITLE/0166000/W0166142.jpg?856544,와인
"로버트 몬다비, 프라이빗 셀렉션 버본 배럴 까베르네 소비뇽",14.5,http://img.wine21.com/WINE_MST/TITLE/0164000/W0164948.jpg?433360,와인
"로버트 몬다비, 프라이빗 셀렉션 버본 배럴 샤도네이",14.5,http://img.wine21.com/WINE_MST/TITLE/0164000/W0164950.jpg?128921,와인
"로버트 바일, 라인가우 리슬링 카비넷",7,http://img.wine21.com/WINE_MST/TITLE/0149000/W0149668.jpg?607187,와인
"로버트 바일, 라인가우 리슬링 콸리태츠바인 트로켄",8,http://img.wine21.com/WINE_MST/TITLE/0149000/W0149674.jpg?391736,와인
"로버트 바일, 라인가우 리슬링 키드리히 그래펜베르그 스패트레제",8,http://img.wine21.com/WINE_MST/TITLE/0149000/W0149672.jpg?835812,와인
"로버트 바일, 키드리히 그래펜버그 리슬링 카비넷 트로켄",12,http://img.wine21.com/WINE_MST/TITLE/0149000/W0149664.jpg?847012,와인
"로버트 오틀리, 비치 헛 핑크 모스카토 ",6,http://img.wine21.com/WINE_MST/TITLE/0155000/W0155799.jpg?894045,와인
"로베르토 보에르치오, 랑게 네비올로",9.5,http://img.wine21.com/WINE_MST/TITLE/0140000/W0140154.jpg?316811,와인
"로베르토 사로토, 솔라티오 로쏘",6,http://img.wine21.com/WINE_MST/TITLE/0149000/W0149612.jpg?695977,와인
"로쉐 마제, 메를로",12.5,http://img.wine21.com/WINE_MST/TITLE/0149000/W0149572.jpg?856301,와인
"로쉐 마제, 생쏘 그르나슈",12.5,http://img.wine21.com/WINE_MST/TITLE/0167000/W0167717.png?600580,와인
"로쉐 마제, 샤르도네",11.5,http://img.wine21.com/WINE_MST/TITLE/0162000/W0162479.jpg?173309,와인
"로쉐 마제, 소비뇽",12.5,http://img.wine21.com/WINE_MST/TITLE/0167000/W0167716.png?143563,와인
"로쉐 마제, 피노누아",12.5,http://img.wine21.com/WINE_MST/TITLE/0167000/W0167301.png?317410,와인
로스 깐디레스 레드,11.5,http://img.wine21.com/WINE_MST/TITLE/0147000/W0147847.jpg?149435,와인
로스 깐디레스 블랑코,8,http://img.wine21.com/WINE_MST/TITLE/0147000/W0147880.jpg?225723,와인
로스 바스코스 르 딕스,8,http://img.wine21.com/WINE_MST/TITLE/0146000/W0146849.jpg?884982,와인
로스 바스코스 샤도네이,13,http://img.wine21.com/WINE_MST/TITLE/0146000/W0146850.jpg?451864,와인
"로스 바스코스, 까베르네 쇼비뇽",13.5,http://img.wine21.com/WINE_MST/TITLE/0146000/W0146847.jpg?303327,와인
로스 아르볼리또스 까베르네 소비뇽,9,http://img.wine21.com/WINE_MST/TITLE/0145000/W0145929.jpg?615354,와인
로스 아르볼리또스 소비뇽 블랑,13,http://img.wine21.com/WINE_MST/TITLE/0145000/W0145930.jpg?244738,와인
로쏘 델 조르노,12.5,http://img.wine21.com/WINE_MST/TITLE/0141000/W0141866.jpg?779160,와인
로씨니,5,http://img.wine21.com/WINE_MST/TITLE/0148000/W0148867.jpg?992117,와인
"로저 뿌이용, '레 떼르 프루아드' 브뤼 프르미에 크뤼",12,http://img.wine21.com/WINE_MST/TITLE/0162000/W0162841.jpg?243827,와인
"로저 뿌이용, '레 발농' 아이 그랑 크뤼",12,http://img.wine21.com/WINE_MST/TITLE/0162000/W0162842.jpg?670380,와인
"로저 뿌이용, '레 블랑쉬엔' 브뤼 나뚜르",12,http://img.wine21.com/WINE_MST/TITLE/0162000/W0162843.jpg?277132,와인
"로저 뿌이용, 브뤼 로제 프르미에 크뤼",12,http://img.wine21.com/WINE_MST/TITLE/0162000/W0162844.jpg?195318,와인
"로저 뿌이용, 슈맹 뒤 부아",12,http://img.wine21.com/WINE_MST/TITLE/0162000/W0162845.jpg?930574,와인
"로즈마운트, 다이아몬드 라벨 소비뇽 블랑",8.5,http://img.wine21.com/WINE_MST/TITLE/0140000/W0140984.jpg?847469,와인
"로즈마운트, 다이아몬드 라벨 피노 누아 ",11,http://img.wine21.com/WINE_MST/TITLE/0163000/W0163087.jpg?907759,와인
"로즈마운트, 다이아몬드 블렌디드 까베르네 멜롯",14,http://img.wine21.com/WINE_MST/TITLE/0140000/W0140989.jpg?449218,와인
"로즈마운트, 다이아몬드 셀러 까베르네 멜롯",14,http://img.wine21.com/WINE_MST/TITLE/0153000/W0153463.jpg?168633,와인
"로즈마운트, 레이크로프트 쉬라즈",9,http://img.wine21.com/WINE_MST/TITLE/0148000/W0148068.jpg?570703,와인
"로즈마운트, 밀매처 레드 블렌드",13.5,http://img.wine21.com/WINE_MST/TITLE/0163000/W0163089.jpg?592223,와인
"로즈마운트, 밀매처 화이트",8.5,http://img.wine21.com/WINE_MST/TITLE/0163000/W0163090.jpg?029532,와인
"로즈마운트, 발모랄 시라",9.5,http://img.wine21.com/WINE_MST/TITLE/0140000/W0140977.jpg?000333,와인
"로즈마운트, 블렌드 까베르네 메를로",13,http://img.wine21.com/WINE_MST/TITLE/0163000/W0163088.jpg?102991,와인
"로즈마운트, 블렌드 쉬라즈 까베르네",13,http://img.wine21.com/WINE_MST/TITLE/0140000/0140982.jpg?897417,와인
"로즈마운트, 쇼 리저브 까베르네 소비뇽",14,http://img.wine21.com/WINE_MST/TITLE/0140000/W0140971.jpg?775909,와인
"로즈마운트, 쇼 리저브 쉬라즈",14,http://img.wine21.com/WINE_MST/TITLE/0140000/W0140978.jpg?573518,와인
"로즈마운트, 쇼 리져브 GSM",9.5,http://img.wine21.com/WINE_MST/TITLE/0140000/W0140986.jpg?102411,와인
"로즈마운트, 쇼 리져브 샤도네",9,http://img.wine21.com/WINE_MST/TITLE/0140000/W0140973.jpg?709533,와인
로차스 타우니 포트,19,http://img.wine21.com/WINE_MST/TITLE/0141000/W0141857.jpg?375720,와인
"로카 델레 마시, 끼안띠 베르나이올로 ",8.5,http://img.wine21.com/WINE_MST/TITLE/0140000/W0140554.jpg?992660,와인
"로카 델레 마시, 끼안띠 클라시코 리제르바 파미글리아 징가렐리  ",9,http://img.wine21.com/WINE_MST/TITLE/0140000/W0140553.jpg?597573,와인
"로카 델레 마시, 끼안띠 클라시코 파미글리아 징가렐리 ",8.5,http://img.wine21.com/WINE_MST/TITLE/0140000/W0140556.jpg?163186,와인
"로클랜드, 초콜릿 박스 GSM",9.5,http://img.wine21.com/WINE_MST/TITLE/0153000/W0153803.jpg?171879,와인
"로클랜드, 초콜릿 박스 까베르네 소비뇽",15.5,http://img.wine21.com/WINE_MST/TITLE/0153000/W0153802.jpg?909213,와인
"로클랜드, 초콜릿 박스 쉬라즈",15.5,http://img.wine21.com/WINE_MST/TITLE/0153000/W0153801.jpg?294543,와인
"로클랜드, 초콜릿 박스 스파클링 쉬라즈",14,http://img.wine21.com/WINE_MST/TITLE/0153000/W0153804.jpg?210175,와인
로피또 프레르 꼬뜨 뒤 론,13.5,http://img.wine21.com/WINE_MST/TITLE/0149000/W0149425.jpg?203789,와인
로피또 프레르 마꽁 빌라쥐,13,http://img.wine21.com/WINE_MST/TITLE/0143000/W0143563.jpg?805039,와인
로피또 프레르 뫼르소,8.5,http://img.wine21.com/WINE_MST/TITLE/0143000/W0143560.jpg?468682,와인
로피또 프레르 물랭 아 방,13,http://img.wine21.com/WINE_MST/TITLE/0143000/143564.jpg?551853,와인
로피또 프레르 부루이,8.5,http://img.wine21.com/WINE_MST/TITLE/0149000/W0149403.jpg?884897,와인
로피또 프레르 부르고뉴 알리고떼,12,http://img.wine21.com/WINE_MST/TITLE/0143000/W0143549.jpg?435539,와인
로피또 프레르 샤또네프 뒤 빠쁘,13,http://img.wine21.com/WINE_MST/TITLE/0143000/W0143556.jpg?641098,와인
록 드 루싹,13,http://img.wine21.com/WINE_MST/TITLE/0140000/W0140381.jpg?190130,와인
롱 메도우 랜치 까베르네 쇼비뇽 팜스테드,9,http://img.wine21.com/WINE_MST/TITLE/0161000/W0161925.jpg?621419,와인
롱 메도우 랜치 샤도네이,9,http://img.wine21.com/WINE_MST/TITLE/0162000/W0162540.jpg?597055,와인
롱 메도우 랜치 피노누아,9,http://img.wine21.com/WINE_MST/TITLE/0162000/W0162539.jpg?398963,와인
롱 컨트리 까베르네 소비뇽,13,http://img.wine21.com/WINE_MST/TITLE/0148000/W0148624.jpg?289232,와인
롱 컨트리 메를로,8.5,http://img.wine21.com/WINE_MST/TITLE/0148000/W0148625.jpg?100243,와인
롱고 동고,15,http://img.wine21.com/WINE_MST/TITLE/0162000/W0162064.jpg?626590,와인
"롱고 콜렉션, 피노 그리지오",12,http://img.wine21.com/WINE_MST/TITLE/0149000/W0149879.jpg?447029,와인
롱반 멀롯,9,http://img.wine21.com/WINE_MST/TITLE/0161000/W0161703.jpg?180269,와인
루더포드 그로브 까베르네 쇼비뇽,10,http://img.wine21.com/WINE_MST/TITLE/0147000/W0147833.jpg?715687,와인
루더포드 그로브 리저브 까베르네 쇼비뇽,10,http://img.wine21.com/WINE_MST/TITLE/0147000/W0147834.jpg?889053,와인
루더포드 랜치 리저브 까베르네 쇼비뇽,15,http://img.wine21.com/WINE_MST/TITLE/0161000/W0161873.jpg?632077,와인
루메지오 디 로쏘 몬테풀치아노 다브르쪼,9,http://img.wine21.com/WINE_MST/TITLE/0163000/W0163130.jpg?241827,와인
루메지오 디 비앙코 콘트로구에라,12.5,http://img.wine21.com/WINE_MST/TITLE/0163000/W0163131.jpg?599446,와인
루스 넘버 원,14.5,http://img.wine21.com/WINE_MST/TITLE/0141000/W0141883.jpg?519207,와인
"루스토, 아몬띠야도 로스 아르코스 솔레라 레세르바",11.5,http://img.wine21.com/WINE_MST/TITLE/0162000/W0162096.jpg?532968,와인
"루스토, 올로로소 돈 누뇨 솔레라 레세르바",20,http://img.wine21.com/WINE_MST/TITLE/0162000/W0162098.jpg?355274,와인
"루스토, 이스트 인디아 솔레라",20,http://img.wine21.com/WINE_MST/TITLE/0162000/W0162097.jpg?061448,와인
"루스토, 페드로 히메네즈 산 에밀리오 솔레라 레세르바",20,http://img.wine21.com/WINE_MST/TITLE/0162000/W0162099.jpg?884180,와인
루씨아 레드 스위트,8,http://img.wine21.com/WINE_MST/TITLE/0147000/W0147552.jpg?629786,와인
루씨아 화이트 스위트,6.5,http://img.wine21.com/WINE_MST/TITLE/0147000/W0147553.jpg?252623,와인
루이 라뚜르 마르샤네,13,http://img.wine21.com/WINE_MST/TITLE/0146000/W0146863.jpg?536526,와인
루이 라뚜르 샤르도네,13,http://img.wine21.com/WINE_MST/TITLE/0141000/W0141463.jpg?587538,와인
"루이 라뚜르, 그랑 아데슈 샤르도네",13,http://img.wine21.com/WINE_MST/TITLE/0155000/W0155611.jpg?432657,와인
"루이 라뚜르, 본 로마네",9,http://img.wine21.com/WINE_MST/TITLE/0141000/W0141479.jpg?971220,와인
"루이 라뚜르, 뿌이 퓌세",13,http://img.wine21.com/WINE_MST/TITLE/0141000/W0141480.jpg?401089,와인
"루이 라뚜르, 사비니 레 본",9,http://img.wine21.com/WINE_MST/TITLE/0141000/W0141476.jpg?012587,와인
"루이 라뚜르, 상뜨네",9,http://img.wine21.com/WINE_MST/TITLE/0141000/W0141475.jpg?502147,와인
"루이 라뚜르, 샤블리",13,http://img.wine21.com/WINE_MST/TITLE/0141000/W0141465.jpg?165242,와인
"루이 라뚜르, 샤블리 프리미에 크뤼",13,http://img.wine21.com/WINE_MST/TITLE/0141000/W0141466.jpg?424213,와인
"루이 라뚜르, 아데슈 샤르도네",13,http://img.wine21.com/WINE_MST/TITLE/0155000/W0155615.jpg?779866,와인
"루이 라뚜르, 알록스 꼬르똥",9,http://img.wine21.com/WINE_MST/TITLE/0146000/W0146862.jpg?925942,와인
"루이 라뚜르, 피노 누아",13,http://img.wine21.com/WINE_MST/TITLE/0141000/W0141464.jpg?584250,와인
"루이 막스 수드, 르 봉 땅",13.5,http://img.wine21.com/WINE_MST/TITLE/0165000/W0165305.jpg?230827,와인
"루이 막스, 끌리마 오 밸리 샤도네이",13,http://img.wine21.com/WINE_MST/TITLE/0154000/W0154060.jpg?221957,와인
"루이 막스, 머큐리 '끌로 라 마르쉐' 모노폴",13,http://img.wine21.com/WINE_MST/TITLE/0154000/154125.jpg?823601,와인
"루이 막스, 부르고뉴 오 꼬뜨 드 뉘",8.5,http://img.wine21.com/WINE_MST/TITLE/0157000/W0157891.jpg?663850,와인
"루이 막스, 샤블리 생 장",13,http://img.wine21.com/WINE_MST/TITLE/0154000/154124.jpg?901753,와인
루이 블랑,12,http://img.wine21.com/WINE_MST/TITLE/0163000/W0163140.jpg?029860,와인
루이 에슈너 크레망 드 보르도,11.5,http://img.wine21.com/WINE_MST/TITLE/0164000/W0164040.jpg?115888,와인
"루이 자도(도멘 _ 드 마젠타), 뿔리니 몽라셰 프르미에 크뤼 ‘끌로 드 라 갸렌느’",9,http://img.wine21.com/WINE_MST/TITLE/0151000/151826.jpg?863945,와인
"루이 자도, 바쿠스 블랑",13,http://img.wine21.com/WINE_MST/TITLE/0148000/W0148255.jpg?071674,와인
"루이 자도, 쌩 따무르",13,http://img.wine21.com/WINE_MST/TITLE/0148000/W0148236.jpg?427859,와인
"루이 자도, 쥐브리 샹베르땡",13,http://img.wine21.com/WINE_MST/TITLE/0151000/151818.jpg?556658,와인
루이스 펠리페 에드워드 마레아 쉬라                                                ,14.5,http://img.wine21.com/WINE_MST/TITLE/0156000/W0156010.jpg?583996,와인
루이스 펠리페 에드워즈 까르미네르,13.5,http://img.wine21.com/WINE_MST/TITLE/0150000/W0150505.jpg?964833,와인
루이스 펠리페 에드워즈 까르미네르 리제르바,14,http://img.wine21.com/WINE_MST/TITLE/0150000/W0150500.jpg?069561,와인
루이스 펠리페 에드워즈 까베르네 쇼비뇽,13.5,http://img.wine21.com/WINE_MST/TITLE/0150000/W0150503.jpg?583832,와인
루이스 펠리페 에드워즈 도나 베르나다 블랜드,14.5,http://img.wine21.com/WINE_MST/TITLE/0150000/W0150698.jpg?587869,와인
루이스 펠리페 에드워즈 로사 블랑카 유기농,13,http://img.wine21.com/WINE_MST/TITLE/0153000/W0153914.jpg?888511,와인
루이스 펠리페 에드워즈 마레아 샤도네이 ,13.5,http://img.wine21.com/WINE_MST/TITLE/0156000/W0156036.jpg?840404,와인
루이스 펠리페 에드워즈 말벡 리제르바,14,http://img.wine21.com/WINE_MST/TITLE/0150000/W0150501.jpg?631084,와인
루이스 펠리페 에드워즈 멜롯,13.5,http://img.wine21.com/WINE_MST/TITLE/0150000/W0150504.jpg?006217,와인
루이스 펠리페 에드워즈 멜롯 리제르바,14.5,http://img.wine21.com/WINE_MST/TITLE/0150000/W0150499.jpg?693806,와인
루이스 펠리페 에드워즈 샤도네이,13,http://img.wine21.com/WINE_MST/TITLE/0150000/W0150507.jpg?394150,와인
루이스 펠리페 에드워즈 소비뇽 블랑,13,http://img.wine21.com/WINE_MST/TITLE/0150000/W0150508.jpg?887989,와인
루이스 펠리페 에드워즈 쉬라즈,13.5,http://img.wine21.com/WINE_MST/TITLE/0150000/W0150506.jpg?394503,와인
루이스 펠리페 에드워즈 엘에프이 100 씨엔,14.5,http://img.wine21.com/WINE_MST/TITLE/0157000/W0157250.jpg?320152,와인
루이스 펠리페 에드워즈 엘에프이 100 카리냥,9.5,http://img.wine21.com/WINE_MST/TITLE/0156000/W0156035.jpg?146984,와인
루이스 펠리페 에드워즈 엘에프이 900 말벡,9.5,http://img.wine21.com/WINE_MST/TITLE/0150000/W0150697.jpg?027915,와인
"루이스 펠리페 에드워즈, 까베르네 쇼비뇽 리제르바",14,http://img.wine21.com/WINE_MST/TITLE/0150000/W0150498.jpg?133635,와인
"루이스 펠리페 에드워즈, 샤도네이 리제르바",13,http://img.wine21.com/WINE_MST/TITLE/0150000/W0150502.jpg?003902,와인
"루이스 펠리페 에드워즈, 패밀리 셀렉션  멜롯 그란 리제르바",14,http://img.wine21.com/WINE_MST/TITLE/0150000/W0150495.jpg?019901,와인
"루이스 펠리페 에드워즈, 패밀리 셀렉션 까베르네 쇼비뇽 그란 리제르바",14.5,http://img.wine21.com/WINE_MST/TITLE/0150000/W0150493.jpg?252562,와인
"루이스 펠리페 에드워즈, 패밀리 셀렉션 말벡 그란 리제르바",14,http://img.wine21.com/WINE_MST/TITLE/0150000/W0150496.jpg?393431,와인
"루카렐리, 일 바카 프리미티보 디 만두리아",14,http://img.wine21.com/WINE_MST/TITLE/0162000/W0162636.jpg?283198,와인
루타스 델 아르떼,13,http://img.wine21.com/WINE_MST/TITLE/0163000/W0163143.jpg?444715,와인
"루팡, 화이트",11,http://img.wine21.com/WINE_MST/TITLE/0148000/W0148151.jpg?696753,와인
루퍼트 로칠드 바롱 에드몽드,13,http://img.wine21.com/WINE_MST/TITLE/0156000/W0156325.jpg?663333,와인
"루피노, 라 솔라티아 피노 그리지오",9,http://img.wine21.com/WINE_MST/TITLE/0147000/W0147701.jpg?059611,와인
"루피노, 프로세코 엑스트라 드라이",11,http://img.wine21.com/WINE_MST/TITLE/0162000/W0162416.jpg?809206,와인
"룽가로티, 루 ",14,http://img.wine21.com/WINE_MST/TITLE/0163000/W0163652.jpg?563515,와인
"룽가로티, 피노 그리지오",12,http://img.wine21.com/WINE_MST/TITLE/0140000/W0140913.jpg?102269,와인
뤼똥 마고,8.5,http://img.wine21.com/WINE_MST/TITLE/0141000/W0141250.jpg?840203,와인
뤼똥 오 메독,8.5,http://img.wine21.com/WINE_MST/TITLE/0141000/W0141251.jpg?777034,와인
"르 꼰떼쎄, 라보소 로제 스푸만테 브뤼",11.5,http://img.wine21.com/WINE_MST/TITLE/0166000/W0166636.jpg?355782,와인
"르 꼰떼쎄, 스푸만테 뀌베 엑스트라 드라이",11.5,http://img.wine21.com/WINE_MST/TITLE/0166000/W0166637.jpg?716711,와인
"르 꼰떼쎄, 프로세코 수페리오레 발도비아데네 뀌베 엑스트라 드라이",10.5,http://img.wine21.com/WINE_MST/TITLE/0160000/W0160789.jpg?394737,와인
르 따나 드 필리프 꾸리안,14.5,http://img.wine21.com/WINE_MST/TITLE/0163000/W0163196.jpg?140635,와인
르 레플레 드 라피트 까르까세,12.5,http://img.wine21.com/WINE_MST/TITLE/0157000/W0157519.jpg?293981,와인
르 리발,15.5,http://img.wine21.com/WINE_MST/TITLE/0161000/W0161872.jpg?843605,와인
"르 몽드, 레포스코",13,http://img.wine21.com/WINE_MST/TITLE/0165000/W0165935.jpg?811880,와인
"르 몽드, 피노 그리지오",13,http://img.wine21.com/WINE_MST/TITLE/0163000/W0163509.jpg?591203,와인
"르 봉 클리마, 피노 누아",13.5,http://img.wine21.com/WINE_MST/TITLE/0161000/W0161928.jpg?957669,와인
르 빌라쥐 뒤 쉬드 까베르네 소비뇽,13,http://img.wine21.com/WINE_MST/TITLE/0151000/W0151668.jpg?106276,와인
르 빌라쥐 뒤 쉬드 시라,13,http://img.wine21.com/WINE_MST/TITLE/0151000/W0151667.jpg?532725,와인
르 빌라쥐 뒤 쉬드 피노 누아,9,http://img.wine21.com/WINE_MST/TITLE/0151000/W0151669.jpg?132667,와인
르 쁘띠 쿠들리스 로제,13,http://img.wine21.com/WINE_MST/TITLE/0163000/W0163262.jpg?699093,와인
르 쁘띠 쿠들리스 루즈,9.5,http://img.wine21.com/WINE_MST/TITLE/0163000/W0163260.jpg?368635,와인
르 쁘띠 쿠들리스 블랑,9.5,http://img.wine21.com/WINE_MST/TITLE/0163000/W0163261.jpg?142416,와인
르 샤 누아 피노그리,13,http://img.wine21.com/WINE_MST/TITLE/0158000/W0158056.jpg?388067,와인
"르 샤 누아, 소비뇽 블랑",8.5,http://img.wine21.com/WINE_MST/TITLE/0151000/W0151969.jpg?127660,와인
"르 샤 누아, 쉬라즈",13,http://img.wine21.com/WINE_MST/TITLE/0151000/W0151968.jpg?874135,와인
"르 샤 누아, 피노 누아",8.5,http://img.wine21.com/WINE_MST/TITLE/0151000/W0151967.jpg?411786,와인
르 샤름므 드 마죠스 블랑,13,http://img.wine21.com/WINE_MST/TITLE/0155000/W0155822.jpg?311889,와인
르 코스테,12,http://img.wine21.com/WINE_MST/TITLE/0161000/W0161738.jpg?631084,와인
"르 플랑, GT-1",15,http://img.wine21.com/WINE_MST/TITLE/0150000/W0150987.jpg?615879,와인
"르 플랑, 클래식 ",13,http://img.wine21.com/WINE_MST/TITLE/0150000/W0150981.jpg?317270,와인
"르네 바르비에, 로블 레드 ",14.5,http://img.wine21.com/WINE_MST/TITLE/0162000/W0162413.jpg?267446,와인
"르네 바르비에, 칼리너 세코 화이트",12.5,http://img.wine21.com/WINE_MST/TITLE/0162000/W0162412.jpg?470181,와인
르네 부비에 픽생 '크레 드 쉔느',13,http://img.wine21.com/WINE_MST/TITLE/0161000/W0161606.jpg?683499,와인
"르네 부비에, 막사네 루즈 '샹 살로몽'",13,http://img.wine21.com/WINE_MST/TITLE/0162000/W0162485.jpg?405977,와인
르네상스,14,http://img.wine21.com/WINE_MST/TITLE/0148000/W0148503.jpg?565913,와인
르카치텔리 팩 와인,12,http://img.wine21.com/WINE_MST/TITLE/0149000/W0149531.jpg?468903,와인
르플렛 드 샤또 시삭,12.5,http://img.wine21.com/WINE_MST/TITLE/0143000/W0143610.jpg?131720,와인
리도 베이 진판델,14.5,http://img.wine21.com/WINE_MST/TITLE/0159000/W0159229.jpg?291110,와인
리도 베이 피노누아,14.5,http://img.wine21.com/WINE_MST/TITLE/0159000/W0159230.jpg?124110,와인
리라 본드 레드 ,9,http://img.wine21.com/WINE_MST/TITLE/0160000/W0160726.jpg?629785,와인
리라 콘서트,9.5,http://img.wine21.com/WINE_MST/TITLE/0160000/W0160727.jpg?546008,와인
리라 투 로제스 ,11.5,http://img.wine21.com/WINE_MST/TITLE/0160000/W0160725.jpg?683408,와인
"리머릭 레인, 로제",12.5,http://img.wine21.com/WINE_MST/TITLE/0167000/W0167015.jpg?500643,와인
"리머릭 레인, 리슬링",12.5,http://img.wine21.com/WINE_MST/TITLE/0167000/W0167016.jpg?272277,와인
"리머릭 레인, 에스테이트 블렌드",14.5,http://img.wine21.com/WINE_MST/TITLE/0167000/W0167019.jpg?742894,와인
"리머릭 레인, 에스테이트 시라 그르나슈",14.5,http://img.wine21.com/WINE_MST/TITLE/0167000/W0167018.jpg?373523,와인
"리머릭 레인, 에스테이트 진판델",14.5,http://img.wine21.com/WINE_MST/TITLE/0167000/W0167017.jpg?801132,와인
"리바니, 모스카토 로제",7,http://img.wine21.com/WINE_MST/TITLE/0150000/W0150862.jpg?835659,와인
"리버비, 싱글 빈야드 노블 리슬링",11.5,http://img.wine21.com/WINE_MST/TITLE/0166000/W0166627.jpg?135528,와인
"리버비, 싱글 빈야드 샤르도네",12.5,http://img.wine21.com/WINE_MST/TITLE/0166000/W0166628.jpg?269053,와인
"리버비, 싱글 빈야드 소비뇽 블랑",12.5,http://img.wine21.com/WINE_MST/TITLE/0166000/W0166629.jpg?767698,와인
"리버비, 싱글 빈야드 피노 누아",11.5,http://img.wine21.com/WINE_MST/TITLE/0166000/W0166630.jpg?093417,와인
"리베라, 로코로톤도",8,http://img.wine21.com/WINE_MST/TITLE/0143000/W0143442.jpg?664500,와인
"리베토, 네비올로 달바 '리라노'",14,http://img.wine21.com/WINE_MST/TITLE/0140000/W0140144.jpg?411022,와인
리쎈씨아도 리오하 리제르바,9,http://img.wine21.com/WINE_MST/TITLE/0160000/W0160855.jpg?245965,와인
리씬 프르미에 메독,13,http://img.wine21.com/WINE_MST/TITLE/0139000/W0139775.jpg?130702,와인
리씬 프르미에 보르도 화이트,8.5,http://img.wine21.com/WINE_MST/TITLE/0145000/W0145270.jpg?803864,와인
리씬 프르미에 쌩떼밀리옹,13,http://img.wine21.com/no_image1.jpg?483263,와인
"리어 까드, 피노 누아 뀌베 루드빈",12,http://img.wine21.com/WINE_MST/TITLE/0148000/W0148957.jpg?511626,와인
"리에치네, 라 지오이아",14,http://img.wine21.com/WINE_MST/TITLE/0140000/W0140143.jpg?883414,와인
리오 부에노 까베르네 소비뇽,13,http://img.wine21.com/WINE_MST/TITLE/0146000/W0146155.jpg?752938,와인
리오 부에노 메를로,8.5,http://img.wine21.com/WINE_MST/TITLE/0146000/W0146156.jpg?369003,와인
리오 부에노 소비뇽 블랑,13,http://img.wine21.com/WINE_MST/TITLE/0146000/W0146157.jpg?206351,와인
리저브 드 빌르꾸르,8.5,http://img.wine21.com/WINE_MST/TITLE/0150000/W0150055.jpg?526370,와인
리저브 생 마르땡 까베르네 소비뇽,8.5,http://img.wine21.com/WINE_MST/TITLE/0167000/W0167095.jpg?747643,와인
리지니 로쏘 디 몬탈치노,14,http://img.wine21.com/WINE_MST/TITLE/0141000/W0141461.jpg?314743,와인
리코레야 가르나차,9.25,http://img.wine21.com/WINE_MST/TITLE/0166000/W0166803.jpg?066090,와인
리코사 가비 ,8.5,http://img.wine21.com/WINE_MST/TITLE/0150000/W0150886.jpg?500232,와인
리코사 모스카토 다스티,5,http://img.wine21.com/WINE_MST/TITLE/0150000/W0150890.jpg?023554,와인
리코사 바르바레스코 ,14,http://img.wine21.com/WINE_MST/TITLE/0150000/W0150893.jpg?331931,와인
리틀 제임스 바스켓 프레스 루지,9,http://img.wine21.com/WINE_MST/TITLE/0151000/W0151517.jpg?296637,와인
리프 앤 바인 쁘띠 시라,11,http://img.wine21.com/WINE_MST/TITLE/0166000/W0166835.jpg?403538,와인
리프 앤 바인 카리냥,8,http://img.wine21.com/WINE_MST/TITLE/0166000/W0166834.jpg?402925,와인
리프라우밀히,7,http://img.wine21.com/WINE_MST/TITLE/0147000/W0147435.jpg?356450,와인
"링컨 에스테이트, 사시미 소비뇽 블랑",12.5,http://img.wine21.com/WINE_MST/TITLE/0162000/W0162804.jpg?743228,와인
마끼 달메라 드미 섹,12,http://img.wine21.com/WINE_MST/TITLE/0149000/W0149675.jpg?003974,와인
"마레농, 클래식 루베롱 루즈",13,http://img.wine21.com/WINE_MST/TITLE/0147000/W0147558.jpg?693881,와인
"마렌고, 스트론콜리",9,http://img.wine21.com/WINE_MST/TITLE/0143000/W0143418.jpg?113677,와인
마렌코 브라께또 다뀌 스푸만떼,6,http://img.wine21.com/WINE_MST/TITLE/0141000/W0141928.jpg?299936,와인
마루가 레세르바 까바 브뤼 임페리얼,8,http://img.wine21.com/WINE_MST/TITLE/0159000/W0159198.jpg?702660,와인
마르께스 까사 콘차 까베르네 소비뇽 롯데 35주년 에디션,14,http://img.wine21.com/WINE_MST/TITLE/0162000/W0162379.jpg?839490,와인
"마르께스 데 그리뇬, 리오하",13,http://img.wine21.com/WINE_MST/TITLE/0146000/W0146228.jpg?409105,와인
"마르께스 데 그리뇬, 알레아 크리안자",13,http://img.wine21.com/WINE_MST/TITLE/0146000/W0146231.jpg?329423,와인
"마르께스 데 그리뇬, 크리안자",13,http://img.wine21.com/WINE_MST/TITLE/0146000/W0146230.jpg?430927,와인
"마르께스 데 그리뇬, 템프라니요",13,http://img.wine21.com/WINE_MST/TITLE/0146000/W0146229.jpg?987108,와인
"마르께스 데 그리뇽, 까베르네쇼비뇽",15,http://img.wine21.com/WINE_MST/TITLE/0145000/W0145657.jpg?003995,와인
"마르께스 데 그리뇽, 깔리자",9.5,http://img.wine21.com/WINE_MST/TITLE/0149000/W0149315.jpg?702383,와인
"마르께스 데 그리뇽, 쁘띠 베르도",15,http://img.wine21.com/WINE_MST/TITLE/0145000/W0145658.jpg?836352,와인
"마르께스 데 그리뇽, 시라",14,http://img.wine21.com/WINE_MST/TITLE/0145000/W0145659.jpg?865494,와인
"마르께스 데 그리뇽, 썸마",14,http://img.wine21.com/WINE_MST/TITLE/0145000/W0145660.jpg?830913,와인
"마르께스 데 그리뇽, 엘 링꼰",15,http://img.wine21.com/WINE_MST/TITLE/0145000/W0145655.jpg?388431,와인
마르께스 데 까사 콘차 시라,14,http://img.wine21.com/WINE_MST/TITLE/0150000/W0150401.jpg?809954,와인
마르께스 데 까사 콘차 에티케타 네그라,14.5,http://img.wine21.com/WINE_MST/TITLE/0166000/W0166160.jpg?648439,와인
마르께스 데 까사 콘차 피노 누아,14.5,http://img.wine21.com/WINE_MST/TITLE/0153000/W0153510.jpg?160271,와인
"마르께스 데 까세레스, 로사도",9,http://img.wine21.com/WINE_MST/TITLE/0148000/W0148024.jpg?949373,와인
"마르께스 데 라 꽁꼬르디아, 리제르바",9,http://img.wine21.com/WINE_MST/TITLE/0145000/W0145664.jpg?416891,와인
"마르께스 데 라 꽁꼬르디아, 아씨엔다 수사르",9.5,http://img.wine21.com/WINE_MST/TITLE/0145000/W0145663.jpg?429929,와인
"마르께스 데 라 꽁꼬르디아, 크리안자",9,http://img.wine21.com/WINE_MST/TITLE/0145000/W0145661.jpg?423774,와인
"마르께스 데 라 꽁꼬르디아, 템프라니요",9,http://img.wine21.com/WINE_MST/TITLE/0145000/W0145665.jpg?948952,와인
마르께스 데 레온 비앙코,11,http://img.wine21.com/WINE_MST/TITLE/0148000/W0148632.jpg?673291,와인
"마르께스 데 리스칼, 비냐 코야다",13.5,http://img.wine21.com/WINE_MST/TITLE/0147000/W0147756.jpg?492588,와인
"마르께스 데 리스칼, 핀카 몬티코 ",13.5,http://img.wine21.com/WINE_MST/TITLE/0160000/W0160923.jpg?343808,와인
"마르께스 데 리스칼, 핀카 토레아",14,http://img.wine21.com/WINE_MST/TITLE/0160000/W0160924.jpg?044454,와인
마르께스 데 톨레도 그랑 리제르바,13,http://img.wine21.com/WINE_MST/TITLE/0163000/W0163174.jpg?358378,와인
마르께스 데 톨레도 리제르바,13,http://img.wine21.com/WINE_MST/TITLE/0163000/W0163175.jpg?902882,와인
마르께스 데 톨레도 베르데호,12,http://img.wine21.com/WINE_MST/TITLE/0163000/W0163177.jpg?079526,와인
마르께스 데 톨레도 크리안자,13,http://img.wine21.com/WINE_MST/TITLE/0163000/W0163176.jpg?271725,와인
마르께시 안티노리 몬테니자 사텐 밀레지마토,8,http://img.wine21.com/WINE_MST/TITLE/0158000/W0158484.jpg?958523,와인
마르꿰토스,13,http://img.wine21.com/WINE_MST/TITLE/0144000/W0144806.jpg?783920,와인
마르꿰토스 블랑코,8.5,http://img.wine21.com/WINE_MST/TITLE/0144000/W0144807.jpg?709647,와인
마르로닷핀 파트라스 쿠르타키,15,http://img.wine21.com/WINE_MST/TITLE/0145000/W0145494.jpg?786783,와인
마르셀 다이스 SGN 피노 그리,7.5,http://img.wine21.com/WINE_MST/TITLE/0145000/W0145556.jpg?012269,와인
마르셀 다이스 게뷔르츠트라미너 생이뽈리뜨,13,http://img.wine21.com/WINE_MST/TITLE/0145000/W0145560.jpg?075771,와인
마르셀 다이스 알자스,13,http://img.wine21.com/WINE_MST/TITLE/0151000/151832.jpg?768340,와인
마르셀 다이스 휘불 프르미에 크뤼,13,http://img.wine21.com/WINE_MST/TITLE/0145000/W0145558.jpg?152122,와인
"마르셀 다이스, 로텐베르그",12,http://img.wine21.com/WINE_MST/TITLE/0145000/W0145557.jpg?540635,와인
"마르셀 다이스, 리슬링 방당주 타르디브",8.75,http://img.wine21.com/WINE_MST/TITLE/0140000/W0140441.jpg?193767,와인
"마르셀 다이스, 리슬링 베블렌하임",8.5,http://img.wine21.com/WINE_MST/TITLE/0140000/W0140442.jpg?145528,와인
"마르셀 다이스, 벌렌베르그 프르미에 크뤼",13,http://img.wine21.com/WINE_MST/TITLE/0145000/W0145559.jpg?756953,와인
마르체시 토리지아니 또레 디 치아르도,9,http://img.wine21.com/WINE_MST/TITLE/0139000/W0139702.jpg?974658,와인
마르치구 엘 까르메네르 리저브,13,http://img.wine21.com/WINE_MST/TITLE/0141000/W0141748.jpg?191807,와인
마르치구 엘 까베르네 프랑 쁘띠 베르도 리저브,13,http://img.wine21.com/WINE_MST/TITLE/0141000/W0141746.jpg?979098,와인
마르치구 엘 시라 리저브,13,http://img.wine21.com/WINE_MST/TITLE/0148000/W0148763.jpg?599982,와인
마르치구 엠 까르메네르,13,http://img.wine21.com/WINE_MST/TITLE/0141000/W0141755.jpg?247608,와인
마르치구 엠 까베르네 프랑,13,http://img.wine21.com/WINE_MST/TITLE/0141000/W0141749.jpg?763101,와인
마르치구 엠 시라 프라이벳 콜렉션,14,http://img.wine21.com/WINE_MST/TITLE/0141000/W0141758.jpg?845881,와인
"마르케스 데 무리에타, 카페야니아 리제르바",13.5,http://img.wine21.com/WINE_MST/TITLE/0153000/W0153934.jpg?722383,와인
마르케시 디 그레시 랑게 로쏘 '빌라 마르티스',9,http://img.wine21.com/WINE_MST/TITLE/0146000/W0146177.jpg?637228,와인
마르케시 디 그레시 랑게 '비르투스',14,http://img.wine21.com/WINE_MST/TITLE/0146000/W0146179.jpg?776191,와인
마르케시 디 그레시 랑게 소비뇽,14,http://img.wine21.com/WINE_MST/TITLE/0146000/W0146182.jpg?770323,와인
마르케시 디 그레시 몬떼 아리발도 돌체또 달바,13,http://img.wine21.com/WINE_MST/TITLE/0146000/W0146181.jpg?223942,와인
마르케시 디 그레시 솔로멜롯,9,http://img.wine21.com/WINE_MST/TITLE/0146000/W0146178.jpg?190967,와인
"마르케시 디 그레시, 바르베라 다스티",14,http://img.wine21.com/WINE_MST/TITLE/0146000/W0146180.jpg?168807,와인
마르코발디 프로세코 프리잔테 스파고,9.5,http://img.wine21.com/WINE_MST/TITLE/0141000/W0141830.jpg?565360,와인
마르코발디 피노 그리조,12,http://img.wine21.com/WINE_MST/TITLE/0141000/W0141829.jpg?483563,와인
마르퀴스 까베르네 소비뇽,13,http://img.wine21.com/WINE_MST/TITLE/0146000/W0146116.jpg?827841,와인
마르퀴스 드 샤스 까버네 소비뇽,13,http://img.wine21.com/WINE_MST/TITLE/0142000/W0142770.jpg?207917,와인
마르퀴스 드 샤스 레 폴리,9,http://img.wine21.com/WINE_MST/TITLE/0142000/W0142771.jpg?738248,와인
마르퀴스 드 샤스 메독,8.5,http://img.wine21.com/WINE_MST/TITLE/0142000/W0142772.jpg?496090,와인
마르퀴스 드 샤스 메를로,13,http://img.wine21.com/WINE_MST/TITLE/0142000/W0142773.jpg?894059,와인
마르퀴스 드 샤스 보르도,12,http://img.wine21.com/WINE_MST/TITLE/0148000/W0148138.jpg?343992,와인
마르퀴스 드 샤스 소테른,9,http://img.wine21.com/WINE_MST/TITLE/0142000/W0142775.jpg?190093,와인
마르퀴스 드 샤스 쌩떼밀리옹,8.5,http://img.wine21.com/WINE_MST/TITLE/0142000/W0142774.jpg?970417,와인
마르퀴스 멜롯,13,http://img.wine21.com/WINE_MST/TITLE/0146000/W0146117.jpg?428462,와인
마르키스 드 로스버그 까베르네 쇼비뇽,13,http://img.wine21.com/WINE_MST/TITLE/0162000/W0162526.jpg?057775,와인
마르키스 드 로스버그 마고,9,http://img.wine21.com/WINE_MST/TITLE/0162000/W0162527.jpg?635015,와인
마르키스 드 로스버그 메독,8.5,http://img.wine21.com/WINE_MST/TITLE/0162000/W0162528.jpg?807324,와인
마르키스 드 로스버그 멜롯,13,http://img.wine21.com/WINE_MST/TITLE/0162000/W0162529.jpg?221364,와인
마르키스 드 로스버그 보르도,13,http://img.wine21.com/WINE_MST/TITLE/0162000/W0162530.jpg?540447,와인
마르키스 드 로스버그 생떼밀리옹,13,http://img.wine21.com/WINE_MST/TITLE/0162000/W0162531.jpg?647237,와인
마르티우스 마그니피캇 ,12,http://img.wine21.com/WINE_MST/TITLE/0149000/W0149975.jpg?578497,와인
마르티우스 마그니피캇 화이트,8,http://img.wine21.com/WINE_MST/TITLE/0153000/W0153652.jpg?515415,와인
마르틴 센도야 리제르바,9,http://img.wine21.com/WINE_MST/TITLE/0150000/W0150357.jpg?556842,와인
"마리마르 토레스, 돈 미구엘 빈야드 피노 누아",14,http://img.wine21.com/WINE_MST/TITLE/0141000/W0141020.jpg?724936,와인
"마리에따, 로만 진판델",11.5,http://img.wine21.com/WINE_MST/TITLE/0166000/W0166837.jpg?954570,와인
"마리에따, 아르메 카베르네 소비뇽",11,http://img.wine21.com/WINE_MST/TITLE/0166000/W0166839.jpg?262124,와인
"마리에따, 올드 바인 레드",9,http://img.wine21.com/WINE_MST/TITLE/0166000/W0166836.jpg?394021,와인
"마리에따, 크리스토",8.5,http://img.wine21.com/WINE_MST/TITLE/0166000/W0166838.jpg?271092,와인
마메종 루즈,12,http://img.wine21.com/WINE_MST/TITLE/0148000/W0148881.jpg?200576,와인
마브루디,13.5,http://img.wine21.com/WINE_MST/TITLE/0167000/W0167233.png?629568,와인
"마스트로얀니, 브루넬로 디 몬탈치노",9,http://img.wine21.com/WINE_MST/TITLE/0140000/W0140094.jpg?360282,와인
"마쏘 안티코, 일 포테레 로쏘 풀리아",15.5,http://img.wine21.com/WINE_MST/TITLE/0164000/W0164374.jpg?015260,와인
"마쏘 안티코, 프리미티보",14.5,http://img.wine21.com/WINE_MST/TITLE/0164000/W0164874.jpg?616278,와인
"마쏘 안티코, 피아노",13.5,http://img.wine21.com/WINE_MST/TITLE/0167000/W0167217.png?729100,와인
마오루,9.5,http://img.wine21.com/WINE_MST/TITLE/0158000/W0158986.jpg?366085,와인
"마욜리니, 프란챠코르타 브뤼",8.5,http://img.wine21.com/WINE_MST/TITLE/0145000/W0145572.jpg?589889,와인
"마우로 세바스테, 바롤로 트레쥬리",9.5,http://img.wine21.com/WINE_MST/TITLE/0164000/W0164784.jpg?166637,와인
마우릿슨 소비뇽 블랑,7.5,http://img.wine21.com/WINE_MST/TITLE/0166000/W0166846.jpg?996251,와인
마우릿슨 진판델,11,http://img.wine21.com/WINE_MST/TITLE/0166000/W0166845.jpg?856564,와인
마우이다 그란 레세르바 까베르네 소비뇽,13.5,http://img.wine21.com/WINE_MST/TITLE/0162000/W0162377.jpg?781454,와인
마우이다 그란 레세르바 시라,13.5,http://img.wine21.com/WINE_MST/TITLE/0162000/W0162378.jpg?319288,와인
마운트 릴리 피노누아,9,http://img.wine21.com/WINE_MST/TITLE/0150000/W0150218.jpg?064872,와인
마운트 비더 까버네 소비뇽,7.5,http://img.wine21.com/WINE_MST/TITLE/0145000/W0145853.jpg?176276,와인
마운트 에드워드 피노 누아,10.5,http://img.wine21.com/WINE_MST/TITLE/0143000/W0143291.jpg?004183,와인
마유 까베르네 쇼비뇽,14,http://img.wine21.com/WINE_MST/TITLE/0149000/W0149967.jpg?995692,와인
마유 페드로 히메네즈 ,13,http://img.wine21.com/WINE_MST/TITLE/0149000/W0149965.jpg?849140,와인
"마유, 리제르바  이스페셜  쉬라",14,http://img.wine21.com/WINE_MST/TITLE/0149000/W0149974.jpg?379102,와인
"마유, 리제르바  이스페셜 까르미네르 쉬라",9.5,http://img.wine21.com/WINE_MST/TITLE/0149000/W0149973.jpg?809567,와인
"마유, 리제르바 까르미네르 ",14,http://img.wine21.com/WINE_MST/TITLE/0149000/W0149971.jpg?790595,와인
"마유, 리제르바 까베르네 쇼비뇽",14,http://img.wine21.com/WINE_MST/TITLE/0149000/W0149969.jpg?805978,와인
"마유, 리제르바 메를로",14,http://img.wine21.com/WINE_MST/TITLE/0149000/W0149968.jpg?405219,와인
"마유, 리제르바 소비뇽 블랑 ",9,http://img.wine21.com/WINE_MST/TITLE/0149000/W0149966.jpg?811579,와인
"마유, 리제르바 쉬라",14,http://img.wine21.com/WINE_MST/TITLE/0149000/W0149970.jpg?280133,와인
"마유, 리제르바 이스페셜 까르미네르 ",15,http://img.wine21.com/WINE_MST/TITLE/0149000/W0149972.jpg?791320,와인
마이너 스테지코치 빈야드 멜롯,10.5,http://img.wine21.com/WINE_MST/TITLE/0162000/W0162729.jpg?193432,와인
"마일즈 프롬 노웨어, 쉬라즈",10,http://img.wine21.com/WINE_MST/TITLE/0160000/W0160931.jpg?295315,와인
"마제이, 벨구아르도 로제",9,http://img.wine21.com/WINE_MST/TITLE/0149000/W0149841.jpg?180809,와인
마조꼬 샤도네이,11.5,http://img.wine21.com/WINE_MST/TITLE/0166000/W0166842.jpg?996531,와인
마조꼬 진판델,10.5,http://img.wine21.com/WINE_MST/TITLE/0166000/W0166843.jpg?953639,와인
"마크 웨스트, 피노누아",10.5,http://img.wine21.com/WINE_MST/TITLE/0147000/W0147819.jpg?603282,와인
"마테오 꼬레지아, 네비올로 달바 '발 데이 쁘레띠'",14,http://img.wine21.com/WINE_MST/TITLE/0145000/W0145253.jpg?923618,와인
"마테오 꼬레지아, 레 마르네 그리지에",14,http://img.wine21.com/WINE_MST/TITLE/0152000/152600.jpg?168055,와인
"마테오 꼬레지아, 바르베라 달바",9,http://img.wine21.com/WINE_MST/TITLE/0145000/W0145251.jpg?433056,와인
"마테오 꼬레지아, 안토스 비노 다 타볼라",9,http://img.wine21.com/no_image1.jpg?702342,와인
"마테틱, 이큐 샤도네이",9.5,http://img.wine21.com/WINE_MST/TITLE/0139000/W0139707.jpg?414283,와인
"마테틱, 이큐 소비뇽 블랑",14,http://img.wine21.com/WINE_MST/TITLE/0139000/W0139709.jpg?504389,와인
"마테틱, 이큐 시라",14,http://img.wine21.com/WINE_MST/TITLE/0139000/W0139710.jpg?769097,와인
"마테틱, 이큐 피노 누아",9.5,http://img.wine21.com/WINE_MST/TITLE/0139000/W0139708.jpg?899663,와인
"마테틱, 코라릴로 메를로 말벡",9.5,http://img.wine21.com/WINE_MST/TITLE/0139000/W0139706.jpg?821049,와인
"마테틱, 코라릴로 시라",14,http://img.wine21.com/WINE_MST/TITLE/0146000/W0146291.jpg?192476,와인
"마틴 랜치, JD 헐리 까베르네 소비뇽",14,http://img.wine21.com/WINE_MST/TITLE/0149000/W0149628.jpg?141067,와인
"마틴 랜치, 테레즈 빈야드 시라",10.5,http://img.wine21.com/WINE_MST/TITLE/0149000/W0149599.jpg?754435,와인
마틴 레이 트라이 카운티 까베르네 소비뇽,10.5,http://img.wine21.com/no_image1.jpg?333657,와인
"마틴 레이, 나파 밸리 메를로",8,http://img.wine21.com/no_image1.jpg?070605,와인
마푸 까베르네 소비뇽,9,http://img.wine21.com/WINE_MST/TITLE/0148000/W0148463.jpg?424392,와인
마푸 리제르바 까베르네 소비뇽,9,http://img.wine21.com/WINE_MST/TITLE/0148000/W0148460.jpg?356496,와인
"막셀 라삐에르, 모르공",13,http://img.wine21.com/WINE_MST/TITLE/0151000/W0151257.jpg?617723,와인
만사니아 라 히타나,15,http://img.wine21.com/WINE_MST/TITLE/0161000/W0161070.jpg?842307,와인
"만자니타 크릭, 렌치오니 진판델 드라이 크릭 밸리",15.5,http://img.wine21.com/WINE_MST/TITLE/0167000/W0167048.jpg?186105,와인
"만텔라시, 마에스트랄레 									",13.5,http://img.wine21.com/WINE_MST/TITLE/0164000/W0164014.png?907295,와인
"만텔라시, 사쏘 비앙코								",12.5,http://img.wine21.com/WINE_MST/TITLE/0164000/W0164015.png?422709,와인
"만텔라시, 스칼란드리노",12.5,http://img.wine21.com/WINE_MST/TITLE/0164000/W0164017.png?023550,와인
"만텔라시, 일 카네토",13.5,http://img.wine21.com/WINE_MST/TITLE/0164000/W0164018.png?740817,와인
"만텔라시, 푼톤 델 소르보",13.5,http://img.wine21.com/WINE_MST/TITLE/0164000/W0164019.png?920883,와인
"말도나도, 파 빈야드 샤도네이",14.5,http://img.wine21.com/WINE_MST/TITLE/0167000/W0167405.png?082546,와인
"말도나도, 팜 워커 샤도네이",13.5,http://img.wine21.com/WINE_MST/TITLE/0167000/W0167105.jpg?529855,와인
"말레 베스, 코르동 블랑",9,http://img.wine21.com/WINE_MST/TITLE/0148000/W0148903.jpg?515615,와인
"말레르 베스, 보르도 루즈",8.5,http://img.wine21.com/WINE_MST/TITLE/0147000/W0147841.jpg?083760,와인
"말레르 베스, 보르도 화이트",12,http://img.wine21.com/WINE_MST/TITLE/0147000/W0147883.jpg?436620,와인
말바시아 디 카소르조 돌체,5,http://img.wine21.com/WINE_MST/TITLE/0149000/W0149897.jpg?498780,와인
"말보로 릿지, 소비뇽 블랑",12.5,http://img.wine21.com/WINE_MST/TITLE/0165000/W0165882.jpg?699310,와인
말보로 썬 소비뇽 블랑,13,http://img.wine21.com/WINE_MST/TITLE/0161000/W0161299.jpg?411231,와인
"매누아 그리뇽, 까베르네 시라",9,http://img.wine21.com/WINE_MST/TITLE/0153000/W0153653.jpg?943456,와인
"매누아 그리뇽, 말벡",13,http://img.wine21.com/WINE_MST/TITLE/0165000/W0165379.jpg?178950,와인
"매누아 그리뇽, 샤르도네",13,http://img.wine21.com/WINE_MST/TITLE/0165000/W0165380.jpg?013920,와인
"매누아 그리뇽, 스페셜 에디션",8.75,http://img.wine21.com/WINE_MST/TITLE/0164000/W0164942.jpg?000233,와인
"맥 머레이 랜치, 피노 그리",11,http://img.wine21.com/WINE_MST/TITLE/0148000/W0148056.jpg?811656,와인
"맥 머레이 랜치, 피노 누아",9,http://img.wine21.com/WINE_MST/TITLE/0148000/W0148055.jpg?257217,와인
"맥기건, 더 숏리스트 바로사 밸리 쉬라즈",14.5,http://img.wine21.com/WINE_MST/TITLE/0165000/W0165786.png?928262,와인
"맥기건, 맥기건 애들레이드 힐즈 로제",13.5,http://img.wine21.com/WINE_MST/TITLE/0165000/W0165787.png?281789,와인
"맥기건, 블랙 라벨 레드",12.5,http://img.wine21.com/WINE_MST/TITLE/0167000/W0167649.png?039618,와인
"맥기건, 블랙 라벨 모스카토",8.5,http://img.wine21.com/WINE_MST/TITLE/0167000/W0167648.png?441504,와인
"맥기건, 블랙 라벨 스파클링 샤도네이 피노누아",12.5,http://img.wine21.com/WINE_MST/TITLE/0167000/W0167647.png?346575,와인
"맥기건, 퍼스널 리저브 쉬라즈",13,http://img.wine21.com/WINE_MST/TITLE/0139000/W0139721.jpg?413147,와인
"맥기건, 프라이빗 빈 쉬라즈",13.5,http://img.wine21.com/WINE_MST/TITLE/0162000/W0162632.jpg?354011,와인
"맥기건, 핸드 메이드 랑혼 크릭 쉬라즈",14.5,http://img.wine21.com/WINE_MST/TITLE/0163000/W0163161.png?456619,와인
"맥매니스, 캘리포니아 피노 누아",13.5,http://img.wine21.com/WINE_MST/TITLE/0167000/W0167789.png?952444,와인
머추어 리저브 까르미네르,12.5,http://img.wine21.com/WINE_MST/TITLE/0162000/W0162381.jpg?886388,와인
머추어 스페셜 리저브 까베르네 소비뇽,14,http://img.wine21.com/WINE_MST/TITLE/0162000/W0162382.jpg?780656,와인
멀티 베스트 빈티지,14,http://img.wine21.com/WINE_MST/TITLE/0163000/W0163151.jpg?929569,와인
멀티 베스트 셀렉션,14,http://img.wine21.com/WINE_MST/TITLE/0163000/W0163150.jpg?841321,와인
멀티 베스트 존,14,http://img.wine21.com/WINE_MST/TITLE/0163000/W0163149.jpg?141365,와인
멈 밀레짐,8.5,http://img.wine21.com/WINE_MST/TITLE/0148000/148650.jpg?855416,와인
멈 블랑 드 블랑 멈 드 크라망,8.5,http://img.wine21.com/WINE_MST/TITLE/0154000/W0154956.jpg?829309,와인
"메네골리, 발폴리첼라 베이직",12.5,http://img.wine21.com/WINE_MST/TITLE/0153000/W0153669.jpg?733251,와인
"메네골리, 발폴리첼라 수페리오레 리파소 베이직",9.25,http://img.wine21.com/WINE_MST/TITLE/0153000/W0153667.jpg?324573,와인
"메네골리, 발폴리첼라 수페리오레 리파소 프리미엄 ",14,http://img.wine21.com/WINE_MST/TITLE/0153000/W0153668.jpg?181444,와인
"메네골리, 발폴리첼라 프리미엄",12.5,http://img.wine21.com/WINE_MST/TITLE/0153000/W0153670.jpg?136311,와인
"메네골리, 아마로네 델라 발폴리첼라 베이직",15.5,http://img.wine21.com/WINE_MST/TITLE/0153000/W0153671.jpg?373327,와인
메독 마퀴 루싹,8.5,http://img.wine21.com/WINE_MST/TITLE/0149000/W0149920.jpg?259466,와인
메디에보 알마라스 리오하 레세르바,13.5,http://img.wine21.com/WINE_MST/TITLE/0141000/W0141861.jpg?783062,와인
"메디치 에르메테, 콘체르토",11.5,http://img.wine21.com/WINE_MST/TITLE/0151000/W0151160.jpg?035084,와인
메르캣 까바 브뤼,12,http://img.wine21.com/WINE_MST/TITLE/0162000/W0162796.jpg?071676,와인
메르캣 까바 브뤼 네이처,12,http://img.wine21.com/WINE_MST/TITLE/0162000/W0162798.jpg?462152,와인
메리디안 까버네 소비뇽,9,http://img.wine21.com/WINE_MST/TITLE/0142000/W0142790.jpg?749526,와인
메리디안 메를로,10.5,http://img.wine21.com/WINE_MST/TITLE/0142000/W0142792.jpg?837527,와인
메리디안 샤도네,8.5,http://img.wine21.com/WINE_MST/TITLE/0142000/W0142791.jpg?067785,와인
"메이오미, 샤도네이",9.5,http://img.wine21.com/WINE_MST/TITLE/0161000/W0161477.jpg?346533,와인
"메이오미, 피노 누아 ",13.5,http://img.wine21.com/WINE_MST/TITLE/0161000/W0161478.jpg?298254,와인
메인스트리트 까베르네쇼비뇽,24,http://img.wine21.com/WINE_MST/TITLE/0151000/W0151348.jpg?955293,와인
"메종 걀로, 그르나슈 누아",13.5,http://img.wine21.com/WINE_MST/TITLE/0167000/W0167227.png?868386,와인
메종 라세또 로제 당주,11,http://img.wine21.com/WINE_MST/TITLE/0146000/W0146590.jpg?297555,와인
"메종 바데르 미뮈르, 부르고뉴 샤르도네",13,http://img.wine21.com/WINE_MST/TITLE/0150000/W0150715.jpg?815943,와인
"메종 바데르 미뮈르, 부르고뉴 피노 누아",13,http://img.wine21.com/WINE_MST/TITLE/0147000/W0147949.jpg?404930,와인
메종 비알리드,11,http://img.wine21.com/WINE_MST/TITLE/0147000/W0147551.jpg?023844,와인
"메종 샹피, 부르고뉴 샤르도네 뀌베 에드므",13.5,http://img.wine21.com/WINE_MST/TITLE/0166000/W0166926.jpg?476553,와인
"메종 샹피, 부르고뉴 피노 누아 뀌베 에드므",12.5,http://img.wine21.com/WINE_MST/TITLE/0166000/W0166927.jpg?019618,와인
"메종 샹피, 사비니 레 본 '오 후르쉬'",13.5,http://img.wine21.com/WINE_MST/TITLE/0166000/W0166929.jpg?269332,와인
"메종 샹피, 쇼레 레 본",13.5,http://img.wine21.com/WINE_MST/TITLE/0166000/W0166928.jpg?433541,와인
모건 데이비드 블랙베리,10,http://img.wine21.com/WINE_MST/TITLE/0143000/W0143544.jpg?581897,와인
모건 데이비드 석류,9,http://img.wine21.com/WINE_MST/TITLE/0152000/W0152406.jpg?586787,와인
모건 데이비드 체리,9,http://img.wine21.com/WINE_MST/TITLE/0143000/W0143545.jpg?196335,와인
모건 베이 까베르네 쇼비뇽,13,http://img.wine21.com/WINE_MST/TITLE/0162000/W0162624.jpg?510818,와인
모나스띠에 까베르네 쇼비뇽,13,http://img.wine21.com/WINE_MST/TITLE/0154000/W0154014.jpg?714651,와인
모나스띠에 소비뇽 블랑,12,http://img.wine21.com/WINE_MST/TITLE/0154000/W0154016.jpg?933022,와인
모나스띠에 쉬라즈,13,http://img.wine21.com/WINE_MST/TITLE/0154000/W0154015.jpg?617383,와인
"모나스테리오, 가르나차 로제",12.5,http://img.wine21.com/WINE_MST/TITLE/0162000/W0162053.jpg?677985,와인
"모나스테리오, 그랑 리제르바",13,http://img.wine21.com/WINE_MST/TITLE/0162000/W0162054.jpg?164170,와인
"모나스테리오, 레세르바",13.5,http://img.wine21.com/WINE_MST/TITLE/0151000/W0151330.jpg?240489,와인
"모나스테리오, 마카베오",12.5,http://img.wine21.com/WINE_MST/TITLE/0157000/W0157949.jpg?654458,와인
"모나스테리오, 크리안자 ",13.5,http://img.wine21.com/WINE_MST/TITLE/0157000/W0157950.jpg?997701,와인
모라 네그라,14,http://img.wine21.com/WINE_MST/TITLE/0162000/W0162346.jpg?243817,와인
"모란데, 피오네로 로제 ",12,http://img.wine21.com/WINE_MST/TITLE/0153000/W0153980.jpg?343313,와인
"모레나, 리브프라우밀흐",5.5,http://img.wine21.com/WINE_MST/TITLE/0141000/W0141255.jpg?803826,와인
"모레나, 베렌아우스레제",5.5,http://img.wine21.com/WINE_MST/TITLE/0141000/W0141254.jpg?021229,와인
"모레나스, 마르퀴스 드 브룅",11,http://img.wine21.com/WINE_MST/TITLE/0153000/W0153960.jpg?477087,와인
"모르간테, 네로다볼라",9,http://img.wine21.com/WINE_MST/TITLE/0145000/W0145144.jpg?324924,와인
"모르간테, 돈 안토니오",14,http://img.wine21.com/WINE_MST/TITLE/0145000/W0145143.jpg?715385,와인
모르모라이아 네이떼아,9,http://img.wine21.com/WINE_MST/TITLE/0139000/W0139734.jpg?720150,와인
모르모라이아 미띨루스,9,http://img.wine21.com/WINE_MST/TITLE/0139000/W0139733.jpg?717179,와인
"모리스 팜스, 모렐리노 디 스칸사노",9,http://img.wine21.com/WINE_MST/TITLE/0140000/W0140103.jpg?479578,와인
"모리스 팜스, 몬테레지오 디 마싸 마리티마",9.5,http://img.wine21.com/WINE_MST/TITLE/0140000/W0140101.jpg?304354,와인
"모리스 팜스, 알볼토레",14,http://img.wine21.com/WINE_MST/TITLE/0140000/W0140100.jpg?946525,와인
모스카토 다스티 펜시에로,5,http://img.wine21.com/WINE_MST/TITLE/0149000/W0149964.jpg?231123,와인
모스카토 러버,7,http://img.wine21.com/WINE_MST/TITLE/0148000/W0148697.jpg?883851,와인
모스카토 루비노,5,http://img.wine21.com/WINE_MST/TITLE/0148000/W0148061.jpg?907546,와인
모스카토 엠,7,http://img.wine21.com/WINE_MST/TITLE/0148000/W0148699.jpg?526362,와인
모스케토 핑크,5.5,http://img.wine21.com/WINE_MST/TITLE/0163000/W0163098.jpg?672354,와인
모스코필레로,8,http://img.wine21.com/WINE_MST/TITLE/0160000/W0160766.jpg?690721,와인
모엣 샹동 로제 임페리얼,12,http://img.wine21.com/WINE_MST/TITLE/0148000/W0148510.jpg?867749,와인
모엣 샹동 임페리얼,12,http://img.wine21.com/WINE_MST/TITLE/0149000/W0149862.jpg?039948,와인
"모카리, 로쏘 디 몬탈치노",14,http://img.wine21.com/WINE_MST/TITLE/0145000/W0145581.jpg?508619,와인
"모카리, 브루넬로 디 몬탈치노",9,http://img.wine21.com/WINE_MST/TITLE/0145000/W0145583.jpg?122363,와인
모토 궁호 레드블랜드,9.5,http://img.wine21.com/WINE_MST/TITLE/0164000/W0164020.png?202071,와인
몬타나 샤르도네 ,13,http://img.wine21.com/WINE_MST/TITLE/0141000/W0141780.jpg?197459,와인
"몬타나, 리저브 소비뇽 블랑",13,http://img.wine21.com/WINE_MST/TITLE/0141000/W0141784.jpg?173690,와인
"몬타나, 리저브 피노 누아",9,http://img.wine21.com/WINE_MST/TITLE/0141000/W0141783.jpg?586931,와인
"몬타나, 메를로 까베르네 소비뇽",13,http://img.wine21.com/WINE_MST/TITLE/0141000/W0141781.jpg?806288,와인
"몬타나, 소비뇽 블랑",13,http://img.wine21.com/WINE_MST/TITLE/0141000/W0141785.jpg?792536,와인
"몬타나, 피노 누아",13,http://img.wine21.com/WINE_MST/TITLE/0141000/W0141782.jpg?390513,와인
"몬탈토, 에스테이트 피노 누아",13.5,http://img.wine21.com/WINE_MST/TITLE/0166000/W0166652.jpg?460498,와인
"몬탈토, 페논 힐 샤르도네",13.5,http://img.wine21.com/WINE_MST/TITLE/0166000/W0166653.jpg?930732,와인
"몬탈토, 페논 힐 쉬라즈",14.5,http://img.wine21.com/WINE_MST/TITLE/0167000/W0167125.png?680596,와인
"몬탈토, 페논 힐 피노 누아",13.5,http://img.wine21.com/WINE_MST/TITLE/0166000/W0166651.jpg?723398,와인
몬테니어 리슬링 스위트 리저브,9,http://img.wine21.com/WINE_MST/TITLE/0148000/W0148522.jpg?835382,와인
"몬테니어, 그래함 블락7 피노 누아",7,http://img.wine21.com/WINE_MST/TITLE/0148000/W0148872.jpg?919367,와인
"몬테니어, 피노 누아",13,http://img.wine21.com/WINE_MST/TITLE/0151000/W0151885.jpg?457994,와인
"몬테브루노, 피노 누아",13,http://img.wine21.com/WINE_MST/TITLE/0151000/W0151887.jpg?830949,와인
몬테스 알파 블랙 라벨 카버네 소비뇽,14.5,http://img.wine21.com/WINE_MST/TITLE/0161000/W0161501.jpg?111008,와인
몬테스 알파 블랙 라벨 피노 누아,14,http://img.wine21.com/WINE_MST/TITLE/0163000/0163172.jpg?399245,와인
"몬테스 알파, 카버네 소비뇽 한글 레이블",14.5,http://img.wine21.com/WINE_MST/TITLE/0167000/W0167719.png?718416,와인
몬테칠로 리제르바,13.5,http://img.wine21.com/WINE_MST/TITLE/0164000/W0164022.png?526103,와인
몬테칠로 크리안자 ,13.5,http://img.wine21.com/WINE_MST/TITLE/0164000/W0164021.png?542840,와인
몬테팔라치오 엠 레드,11,http://img.wine21.com/WINE_MST/TITLE/0161000/W0161022.jpg?817698,와인
몬테팔라치오 엠 화이트,11,http://img.wine21.com/WINE_MST/TITLE/0161000/W0161023.jpg?882424,와인
몬텔리아나 아솔로 프로세코 엑스트라 드라이,8,http://img.wine21.com/WINE_MST/TITLE/0154000/W0154395.jpg?501878,와인
"몰 와인즈, 바이올렌토 말벡",14.5,http://img.wine21.com/WINE_MST/TITLE/0167000/W0167215.png?759701,와인
몽그라스 솔라 까베르네 소비뇽,13,http://img.wine21.com/WINE_MST/TITLE/0161000/W0161206.jpg?667921,와인
몽그라스 솔라 메를로,13,http://img.wine21.com/WINE_MST/TITLE/0161000/W0161207.jpg?042854,와인
"몽그라스, 리라 그랑 레세르바 까베르네 소비뇽",13.5,http://img.wine21.com/WINE_MST/TITLE/0165000/W0165335.jpg?598460,와인
"몽그라스, 리제르바 피노누아",13.5,http://img.wine21.com/WINE_MST/TITLE/0161000/W0161210.jpg?585752,와인
"몽그라스, 아마랄 소비뇽 블랑 ",13.5,http://img.wine21.com/WINE_MST/TITLE/0161000/W0161213.jpg?906167,와인
"몽그라스, 안투 까베르네 소비뇽 ",14.5,http://img.wine21.com/WINE_MST/TITLE/0158000/W0158005.jpg?532969,와인
"몽그라스, 안투 닝켄 까베르네 소비뇽",9,http://img.wine21.com/WINE_MST/TITLE/0146000/W0146027.jpg?934817,와인
"몽그라스, 안투 닝켄 시라",8.5,http://img.wine21.com/WINE_MST/TITLE/0146000/W0146026.jpg?222465,와인
"몽그라스, 안투 리미티드 피노 누아 ",14.5,http://img.wine21.com/WINE_MST/TITLE/0161000/W0161216.jpg?917542,와인
"몽그라스, 안투 샤도네이",13.5,http://img.wine21.com/WINE_MST/TITLE/0165000/W0165734.jpg?468524,와인
"몽그라스, 안투 시라",14.5,http://img.wine21.com/WINE_MST/TITLE/0158000/W0158007.jpg?836885,와인
"몽그라스, 인트리가",14.5,http://img.wine21.com/WINE_MST/TITLE/0158000/W0158008.jpg?070976,와인
"몽그라스, 콰트로 레드",14,http://img.wine21.com/WINE_MST/TITLE/0158000/W0158003.jpg?823761,와인
"몽튀 페레 앤 필, 밀레짐",12.5,http://img.wine21.com/WINE_MST/TITLE/0161000/W0161003.jpg?846362,와인
무르파틀라르,12.5,http://img.wine21.com/WINE_MST/TITLE/0141000/W0141858.jpg?986072,와인
무버즈 피노 누아,9,http://img.wine21.com/WINE_MST/TITLE/0151000/W0151446.jpg?796803,와인
무쉬 시라노 꼬뜨 드 베르제락 무왈르,12,http://img.wine21.com/WINE_MST/TITLE/0140000/W0140370.jpg?035274,와인
무스캇 사모스 쿠르타키,15,http://img.wine21.com/WINE_MST/TITLE/0145000/W0145493.jpg?261034,와인
"무쏘, 바르바레스코 리오 쏘르도",9,http://img.wine21.com/WINE_MST/TITLE/0140000/W0140105.jpg?471275,와인
"무쏘, 바르바레스코 포라",9,http://img.wine21.com/WINE_MST/TITLE/0140000/W0140104.jpg?057276,와인
무크자니,13,http://img.wine21.com/WINE_MST/TITLE/0151000/W0151036.jpg?255192,와인
물랭 드 시트랑,13.5,http://img.wine21.com/WINE_MST/TITLE/0153000/153544.jpg?556642,와인
"뮐러 카토이르, 리슬링 콸리타스바인 트로켄",12,http://img.wine21.com/WINE_MST/TITLE/0146000/W0146768.jpg?786683,와인
"뮐러 카토이르, 하르트 부르거가르텐 리슬링 스페트레제",9,http://img.wine21.com/WINE_MST/TITLE/0146000/W0146769.jpg?658123,와인
뮤렐레 몬테풀치아노 다브루쪼,13.5,http://img.wine21.com/WINE_MST/TITLE/0159000/W0159224.jpg?656378,와인
"뮤리에타스, 웰 레드 '더 스퍼'",14.5,http://img.wine21.com/WINE_MST/TITLE/0150000/W0150857.jpg?629189,와인
뮤리엘 그랑 리제르바,9,http://img.wine21.com/WINE_MST/TITLE/0161000/W0161482.jpg?600168,와인
뮤리엘 리제르바,9,http://img.wine21.com/WINE_MST/TITLE/0159000/W0159686.jpg?816869,와인
뮤리엘 크리안자,13,http://img.wine21.com/WINE_MST/TITLE/0159000/W0159685.jpg?251310,와인
뮤비드로 콜렉션 쁘띠 베르도,13,http://img.wine21.com/WINE_MST/TITLE/0155000/W0155727.jpg?158370,와인
뮤비드로 콜렉션 쉬라,13,http://img.wine21.com/WINE_MST/TITLE/0155000/W0155726.jpg?770720,와인
뮤비드로 콜렉션 템프라니요,13,http://img.wine21.com/WINE_MST/TITLE/0155000/W0155725.jpg?334532,와인
"뮤비드로, 루나 브뤼 까바",8,http://img.wine21.com/WINE_MST/TITLE/0153000/W0153565.jpg?781567,와인
"미 떼루노, 마야카바 말벡",14.5,http://img.wine21.com/WINE_MST/TITLE/0154000/W0154354.jpg?842678,와인
미구엘 깔라타유드 베가발 플라타 까베르네 소비뇽,13,http://img.wine21.com/WINE_MST/TITLE/0157000/W0157951.jpg?411473,와인
"미구엘 토레스, 벤디미아 타르디아",14,http://img.wine21.com/WINE_MST/TITLE/0144000/W0144885.jpg?714353,와인
"미구엘 토레스, 산 메딘 소비뇽 블랑",13,http://img.wine21.com/WINE_MST/TITLE/0141000/W0141032.jpg?376250,와인
미니 엠,5,http://img.wine21.com/WINE_MST/TITLE/0155000/155514.jpg?720365,와인
"미도우크로프트, 러시안 리버 밸리 피노 누아",13.5,http://img.wine21.com/WINE_MST/TITLE/0166000/W0166531.jpg?378437,와인
"미도우크로프트, 로디 말벡",14.5,http://img.wine21.com/WINE_MST/TITLE/0166000/W0166530.jpg?867295,와인
"미도우크로프트, 소노마 진판델",14.5,http://img.wine21.com/WINE_MST/TITLE/0166000/W0166532.jpg?583111,와인
"미도우크로프트, 아마도 진판델",14.5,http://img.wine21.com/WINE_MST/TITLE/0166000/W0166533.jpg?045703,와인
"미라부에노, 틴토 템프라니오",9,http://img.wine21.com/WINE_MST/TITLE/0160000/W0160949.jpg?464813,와인
미래,9,http://img.wine21.com/WINE_MST/TITLE/0158000/W0158537.jpg?906795,와인
"미션 드 렝고, 뀌베 까르메네르",9.5,http://img.wine21.com/WINE_MST/TITLE/0147000/W0147670.jpg?568578,와인
"미션 드 렝고, 뀌베 샤르도네",14,http://img.wine21.com/WINE_MST/TITLE/0147000/W0147671.jpg?271269,와인
"미션 드 렝고, 뀌베 카베르네 소비뇽",9,http://img.wine21.com/WINE_MST/TITLE/0147000/W0147669.jpg?409768,와인
"미션 드 렝고, 리제르바 메를로",14,http://img.wine21.com/WINE_MST/TITLE/0147000/W0147673.jpg?137383,와인
"미션 드 렝고, 리제르바 샤르도네",14,http://img.wine21.com/WINE_MST/TITLE/0147000/W0147675.jpg?244312,와인
"미션 드 렝고, 리제르바 소비뇽 블랑",13,http://img.wine21.com/WINE_MST/TITLE/0147000/W0147676.jpg?968838,와인
"미션 드 렝고, 리제르바 쉬라",9.5,http://img.wine21.com/WINE_MST/TITLE/0147000/W0147674.jpg?020910,와인
"미션 드 렝고, 리제르바 카베르네 소비뇽",9.5,http://img.wine21.com/WINE_MST/TITLE/0147000/W0147672.jpg?719794,와인
"미션 드 렝고, 버라이어탈 까르메네르",9,http://img.wine21.com/WINE_MST/TITLE/0147000/W0147679.jpg?606919,와인
"미션 드 렝고, 버라이어탈 메를로",14,http://img.wine21.com/WINE_MST/TITLE/0147000/W0147678.jpg?932890,와인
"미션 드 렝고, 버라이어탈 샤르도네",9,http://img.wine21.com/WINE_MST/TITLE/0147000/W0147680.jpg?206662,와인
"미션 드 렝고, 버라이어탈 소비뇽 블랑",8.5,http://img.wine21.com/WINE_MST/TITLE/0147000/W0147681.jpg?731492,와인
"미션 드 렝고, 버라이어탈 카베르네 소비뇽",9,http://img.wine21.com/WINE_MST/TITLE/0147000/W0147677.jpg?937750,와인
미션 서드 샤도네이,13,http://img.wine21.com/WINE_MST/TITLE/0161000/W0161250.jpg?695910,와인
미션 서드 카베르네-시라,13,http://img.wine21.com/WINE_MST/TITLE/0161000/W0161249.jpg?604700,와인
"미션 에스테이트 와이너리, 소비뇽 블랑",12.5,http://img.wine21.com/WINE_MST/TITLE/0166000/W0166525.jpg?606924,와인
미셸 롤랑 본느 누벨,9.5,http://img.wine21.com/WINE_MST/TITLE/0142000/W0142186.jpg?736236,와인
미셸 롤랑 샤또 르 드와예네,8.5,http://img.wine21.com/WINE_MST/TITLE/0146000/W0146273.jpg?745774,와인
미셸 롤랑 샤또 베르티노 생 뱅상,13,http://img.wine21.com/WINE_MST/TITLE/0142000/W0142188.jpg?809952,와인
미셸 롤랑 샤또 퐁뜨닐,13,http://img.wine21.com/WINE_MST/TITLE/0142000/W0142190.jpg?040769,와인
미셸 생그라 랑그독,14.5,http://img.wine21.com/WINE_MST/TITLE/0167000/W0167224.png?993153,와인
"미셸 토리노, 꼴렉시온 까베르네 소비뇽",9,http://img.wine21.com/WINE_MST/TITLE/0146000/W0146397.jpg?878009,와인
"미셸 토리노, 꼴렉시온 말벡",9,http://img.wine21.com/WINE_MST/TITLE/0146000/W0146398.jpg?822367,와인
"미셸 토리노, 꼴렉시온 샤르도네",9,http://img.wine21.com/WINE_MST/TITLE/0146000/W0146399.jpg?379977,와인
"미셸 토리노, 돈데이비드 리저브 까베르네 소비뇽",14,http://img.wine21.com/WINE_MST/TITLE/0145000/W0145650.jpg?878531,와인
"미셸 토리노, 돈데이비드 리저브 말벡",14,http://img.wine21.com/WINE_MST/TITLE/0145000/W0145651.jpg?497055,와인
"미셸 토리노, 씨클로 말벡 메를로",14,http://img.wine21.com/WINE_MST/TITLE/0145000/W0145648.jpg?447921,와인
"미셸 토리노, 씨클로 소비뇽 블랑",9,http://img.wine21.com/WINE_MST/TITLE/0145000/W0145649.jpg?080287,와인
미숑 쌩 뱅쌍 루즈,13,http://img.wine21.com/WINE_MST/TITLE/0140000/W0140369.jpg?448594,와인
"미쉘 린치, 메독 리저브 레드",12.5,http://img.wine21.com/WINE_MST/TITLE/0154000/154122.jpg?357234,와인
"미쉘 린치, 보르도 화이트 오가닉",12.5,http://img.wine21.com/WINE_MST/TITLE/0167000/W0167482.png?677457,와인
미쉘슈나이더 돈펠더 로제 아이스 와인,10,http://img.wine21.com/WINE_MST/TITLE/0151000/W0151245.jpg?154643,와인
미쉘슈나이더 리프라우밀히,6.5,http://img.wine21.com/WINE_MST/TITLE/0142000/W0142019.jpg?536540,와인
"미스팅게, 까바 브뤼",8,http://img.wine21.com/WINE_MST/TITLE/0162000/W0162107.jpg?511771,와인
"미스팅게, 까바 브뤼 로제",12,http://img.wine21.com/WINE_MST/TITLE/0162000/W0162106.jpg?474931,와인
미안더 핑크 모스카토,5.5,http://img.wine21.com/WINE_MST/TITLE/0159000/W0159925.jpg?813126,와인
미안더 화이트 모스카토,5,http://img.wine21.com/WINE_MST/TITLE/0159000/W0159923.jpg?567842,와인
"미오네토, 프로세코 브뤼",11.5,http://img.wine21.com/WINE_MST/TITLE/0163000/W0163110.jpg?551388,와인
미켈레 끼아를로 바롤로 '또르또니아노',9,http://img.wine21.com/WINE_MST/TITLE/0145000/W0145736.jpg?867197,와인
"미켈레 끼아를로, 가비 '레 마르네'",12.5,http://img.wine21.com/WINE_MST/TITLE/0148000/W0148051.jpg?656979,와인
"미켈레 끼아를로, '니볼레' 모스카토 다스티 ",4.5,http://img.wine21.com/WINE_MST/TITLE/0154000/W0154703.jpg?860467,와인
"미켈레 끼아를로, 라 꾸르뜨 바르베라 다스티 수페리오레 니짜",14.5,http://img.wine21.com/WINE_MST/TITLE/0146000/W0146084.jpg?307477,와인
"미켈레 끼아를로, 랑게 네비올로 '일 프린시페'",13.5,http://img.wine21.com/WINE_MST/TITLE/0164000/W0164023.jpg?062868,와인
"미켈레 끼아를로, 루나 모스카토 다스티",5.5,http://img.wine21.com/WINE_MST/TITLE/0164000/W0164025.png?066518,와인
"미켈레 끼아를로, 바롤로",13.5,http://img.wine21.com/WINE_MST/TITLE/0164000/W0164024.png?285785,와인
"미켈레 끼아를로, 바르바레스코 레이나",9,http://img.wine21.com/WINE_MST/TITLE/0145000/W0145737.jpg?988094,와인
"미켈레 끼아를로, 바르베라 다스티 레 오르메",13.5,http://img.wine21.com/WINE_MST/TITLE/0145000/W0145738.jpg?752785,와인
"미켈레 사따, 디암브라 로쏘",14,http://img.wine21.com/WINE_MST/TITLE/0148000/W0148611.jpg?419928,와인
"미켈레 사따, 볼게리 로쏘",9,http://img.wine21.com/WINE_MST/TITLE/0144000/W0144925.jpg?211810,와인
밀스트림 내추럴 스위트 레드,8.5,http://img.wine21.com/WINE_MST/TITLE/0149000/W0149458.jpg?422965,와인
밀스트림 소비뇽 블랑 ,12,http://img.wine21.com/WINE_MST/TITLE/0151000/W0151041.jpg?153630,와인
밀스트림 피노타쥬,9,http://img.wine21.com/WINE_MST/TITLE/0151000/W0151040.jpg?190185,와인
바나르트 보이즈 프리미엄 블랜드,14,http://img.wine21.com/WINE_MST/TITLE/0155000/W0155905.jpg?295789,와인
"바디아 꼴띠부오노, 알에스 키안티 클라시코",13.5,http://img.wine21.com/WINE_MST/TITLE/0143000/W0143508.jpg?484241,와인
"바디아 꼴띠부오노, 체타무라 키안티",8.5,http://img.wine21.com/WINE_MST/TITLE/0143000/W0143506.jpg?297508,와인
"바디아 꼴띠부오노, 키안티 클라시코 리제르바",15,http://img.wine21.com/WINE_MST/TITLE/0143000/W0143507.jpg?888556,와인
"바라문디, 샤르도네 비오니에",9,http://img.wine21.com/WINE_MST/TITLE/0164000/W0164168.png?820251,와인
"바라문디, 쉬라즈",14,http://img.wine21.com/WINE_MST/TITLE/0164000/W0164170.png?658262,와인
"바라문디, 쉬라즈 쁘띠 베르도",14,http://img.wine21.com/WINE_MST/TITLE/0164000/W0164169.png?180846,와인
"바라문디, 피노 누아",14,http://img.wine21.com/WINE_MST/TITLE/0164000/W0164171.png?865879,와인
바라파카스 네메아,13,http://img.wine21.com/WINE_MST/TITLE/0160000/W0160704.jpg?028825,와인
"바렛, 리저브 피노 누아",14,http://img.wine21.com/WINE_MST/TITLE/0143000/W0143278.jpg?329235,와인
바론 리카솔리 알비아,9,http://img.wine21.com/WINE_MST/TITLE/0151000/151835.jpg?296690,와인
"바론 리카솔리, 키안티 델 바론 리카솔리",13,http://img.wine21.com/WINE_MST/TITLE/0154000/154514.jpg?570673,와인
바롤로,13.5,http://img.wine21.com/WINE_MST/TITLE/0141000/W0141837.jpg?511025,와인
바롱 다리냑 무엘루,11,http://img.wine21.com/no_image1.jpg?583842,와인
바롱 데 리토랄,12,http://img.wine21.com/WINE_MST/TITLE/0151000/W0151661.jpg?253460,와인
바롱 데 샤르뜨롱,12,http://img.wine21.com/WINE_MST/TITLE/0146000/W0146279.jpg?494793,와인
바롱 드 레스탁 보르도 모엘로,11.5,http://img.wine21.com/WINE_MST/TITLE/0162000/W0162458.jpg?193104,와인
바롱 드 레스탁 보르도 블랑,12.5,http://img.wine21.com/WINE_MST/TITLE/0146000/W0146021.jpg?216989,와인
바롱 드 몽 플레즈르,8.5,http://img.wine21.com/WINE_MST/TITLE/0144000/W0144834.jpg?874732,와인
바롱 레스탁 보르도 루즈,12,http://img.wine21.com/WINE_MST/TITLE/0146000/W0146020.jpg?507539,와인
바롱 브라소니예 ,8.5,http://img.wine21.com/WINE_MST/TITLE/0150000/W0150846.jpg?488713,와인
"바롱 퓌엔테, 그랑 세파즈 뫼느에",8.5,http://img.wine21.com/WINE_MST/TITLE/0150000/W0150784.jpg?033250,와인
"바롱 퓌엔테, 그랑 세파즈 피노누와",8.5,http://img.wine21.com/WINE_MST/TITLE/0150000/W0150785.jpg?046082,와인
바루아,8,http://img.wine21.com/WINE_MST/TITLE/0141000/W0141360.jpg?820553,와인
바바 콘트라바쏘 바롤로 크뤼 스카로네,14,http://img.wine21.com/WINE_MST/TITLE/0141000/W0141095.jpg?267522,와인
"바바, 로제타",5.5,http://img.wine21.com/WINE_MST/TITLE/0141000/W0141099.jpg?085146,와인
"바바, 리베라 바르베라 다스티",13.5,http://img.wine21.com/WINE_MST/TITLE/0141000/W0141098.jpg?496853,와인
"바바, 바르바레스코",14,http://img.wine21.com/WINE_MST/TITLE/0141000/W0141094.jpg?915816,와인
"바슐레 모노, 마랑쥬 1er 끌로 드 라 부티에르",13.5,http://img.wine21.com/WINE_MST/TITLE/0167000/W0167145.png?421545,와인
"바슐레 모노, 부르고뉴 샤르도네",12.5,http://img.wine21.com/WINE_MST/TITLE/0167000/W0167146.png?513555,와인
"바슐레 모노, 부르고뉴 피노누아",12.5,http://img.wine21.com/WINE_MST/TITLE/0167000/W0167147.png?411377,와인
"바스티아니치, 라 모짜 아라고네",9,http://img.wine21.com/WINE_MST/TITLE/0150000/W0150535.jpg?954556,와인
"바스티아니치, 라 모짜 이 페라찌",13,http://img.wine21.com/WINE_MST/TITLE/0150000/W0150534.jpg?271585,와인
"바스티아니치, 베스파 로쏘",9,http://img.wine21.com/WINE_MST/TITLE/0150000/W0150532.jpg?133080,와인
"바스티아니치, 베스파 비앙코",9,http://img.wine21.com/WINE_MST/TITLE/0150000/W0150531.jpg?185309,와인
"바스티아니치, 플러스",15,http://img.wine21.com/WINE_MST/TITLE/0150000/W0150533.jpg?146104,와인
바이 제프 카렐 '레 다론',14,http://img.wine21.com/WINE_MST/TITLE/0161000/W0161293.jpg?144610,와인
"바이런, 산타 마리아 밸리 샤도네",8.5,http://img.wine21.com/WINE_MST/TITLE/0146000/W0146858.jpg?607536,와인
"바인 클리프, 락 블록 오크빌 까베르네 쇼비뇽",10,http://img.wine21.com/WINE_MST/TITLE/0162000/W0162250.jpg?956033,와인
"바인굿 가일, 휘셀레베 스페트레제",13,http://img.wine21.com/WINE_MST/TITLE/0141000/W0141350.jpg?653903,와인
"바자, 크리안자",9,http://img.wine21.com/WINE_MST/TITLE/0145000/W0145976.jpg?996953,와인
"바쵸디 피오리, 모스카토 다스티",5,http://img.wine21.com/WINE_MST/TITLE/0147000/W0147668.jpg?856301,와인
"바타시올로, 가비 디 가비 그라네",13,http://img.wine21.com/WINE_MST/TITLE/0161000/W0161403.jpg?626147,와인
"바타시올로, 랑게 로쏘",13.5,http://img.wine21.com/WINE_MST/TITLE/0161000/W0161406.jpg?514461,와인
"바타시올로, 랑게 샤르도네 모리노",8.5,http://img.wine21.com/WINE_MST/TITLE/0161000/W0161404.jpg?591243,와인
"바타시올로, 모스카토 다스티 '보스크 들라 레이'",5.5,http://img.wine21.com/WINE_MST/TITLE/0161000/W0161402.jpg?017770,와인
"바타시올로, 바롤로",13.5,http://img.wine21.com/WINE_MST/TITLE/0163000/W0163037.jpg?566155,와인
"바타시올로, 바르바레스코",14.5,http://img.wine21.com/WINE_MST/TITLE/0163000/W0163036.jpg?269870,와인
"바타시올로, 바르베라 다스티 사브리",9,http://img.wine21.com/WINE_MST/TITLE/0161000/W0161405.jpg?781867,와인
"바타시올로, 세테 카시네 프로세코 브뤼",8,http://img.wine21.com/WINE_MST/TITLE/0150000/W0150356.jpg?213824,와인
"바통 앤 게스띠에, 리저브 샤르도네",9,http://img.wine21.com/WINE_MST/TITLE/0146000/W0146202.jpg?542308,와인
"바통 앤 게스띠에, 토마스 바통 리저브 프리베 메독",9,http://img.wine21.com/WINE_MST/TITLE/0146000/W0146220.jpg?515383,와인
"바통 앤 게스띠에, 파타저 레드",12,http://img.wine21.com/WINE_MST/TITLE/0146000/W0146196.jpg?570559,와인
"바통 앤 게스띠에, 패스포트 꼬뜨 뒤 론",13.5,http://img.wine21.com/WINE_MST/TITLE/0159000/W0159564.jpg?264374,와인
"반 폭셈, 자르 리슬링",12,http://img.wine21.com/WINE_MST/TITLE/0152000/W0152085.jpg?260207,와인
반네발,12,http://img.wine21.com/WINE_MST/TITLE/0145000/W0145928.jpg?395294,와인
발 데 플로레스,15,http://img.wine21.com/WINE_MST/TITLE/0142000/W0142198.jpg?212416,와인
발델라나 빅토리아 리오하,9,http://img.wine21.com/WINE_MST/TITLE/0151000/W0151172.jpg?875905,와인
발델라나 빅토리아 리제르바,9,http://img.wine21.com/WINE_MST/TITLE/0151000/W0151171.jpg?389275,와인
발델라나 빅토리아 크리안자,13,http://img.wine21.com/WINE_MST/TITLE/0151000/W0151170.jpg?834243,와인
발도뷰 샤뜨듀이 드 코라이,8.5,http://img.wine21.com/WINE_MST/TITLE/0154000/154457.jpg?740554,와인
발디비스 까베르네 멜롯,14,http://img.wine21.com/WINE_MST/TITLE/0141000/W0141090.jpg?218648,와인
발디비스 샤도네,13,http://img.wine21.com/WINE_MST/TITLE/0141000/W0141092.jpg?471731,와인
발디비에소 까베르네 소비뇽,13,http://img.wine21.com/WINE_MST/TITLE/0140000/W0140610.jpg?203037,와인
발디비에소 메를로,12.5,http://img.wine21.com/WINE_MST/TITLE/0145000/W0145063.jpg?125123,와인
발디비에소 샤도네이,9,http://img.wine21.com/WINE_MST/TITLE/0140000/W0140578.jpg?191540,와인
발디비에소 스파클링 모스카토,12,http://img.wine21.com/WINE_MST/TITLE/0140000/W0140585.jpg?917638,와인
발디비에소 싱글 빈야드 까베르네 쇼비뇽,9.5,http://img.wine21.com/WINE_MST/TITLE/0140000/W0140575.jpg?024101,와인
발디비에소 싱글 빈야드 메를로,9,http://img.wine21.com/WINE_MST/TITLE/0140000/W0140590.jpg?257409,와인
발디비에소 싱글 빈야드 카베르네 프랑 ,9.5,http://img.wine21.com/WINE_MST/TITLE/0153000/W0153688.jpg?142620,와인
"발디비에소, 샤도네이 리저브",10.5,http://img.wine21.com/WINE_MST/TITLE/0140000/W0140580.jpg?688709,와인
발레 드 살리나스 로블,13,http://img.wine21.com/WINE_MST/TITLE/0149000/W0149896.jpg?246336,와인
발레 드 살리나스 호벤,13,http://img.wine21.com/WINE_MST/TITLE/0149000/W0149895.jpg?316673,와인
발레 드 콜차구아 메를로,14,http://img.wine21.com/WINE_MST/TITLE/0141000/W0141869.jpg?527405,와인
"발레 안디노, 그랑 리제르바 까르미네르",9,http://img.wine21.com/WINE_MST/TITLE/0151000/W0151743.jpg?443212,와인
"발레 안디노, 리제르바 이스페셜 까베르네 쇼비뇽",14.5,http://img.wine21.com/WINE_MST/TITLE/0151000/W0151740.jpg?642313,와인
"발레 안디노, 리제르바 이스페셜 시라",14.5,http://img.wine21.com/no_image1.jpg?112179,와인
"발레벨보, 돌체 루나",2,http://img.wine21.com/WINE_MST/TITLE/0154000/W0154073.jpg?862032,와인
"발레벨보, 돌체 루체",2,http://img.wine21.com/WINE_MST/TITLE/0154000/W0154072.jpg?733380,와인
"발레벨보, 모스카토 다스티 라마렝까",5,http://img.wine21.com/WINE_MST/TITLE/0160000/W0160922.jpg?742532,와인
"발레벨보, 핑크 모스카토 스푸만테",6.5,http://img.wine21.com/WINE_MST/TITLE/0165000/W0165315.jpg?708368,와인
"발레피치올라, 키안티 클라시코",14.5,http://img.wine21.com/WINE_MST/TITLE/0166000/W0166316.jpg?256206,와인
"발레피치올라, 키안티 클라시코 리제르바",14.5,http://img.wine21.com/WINE_MST/TITLE/0166000/W0166317.jpg?700655,와인
발렌시소 레세르바,9.5,http://img.wine21.com/WINE_MST/TITLE/0161000/W0161882.jpg?194875,와인
발렌싱  레드,11,http://img.wine21.com/WINE_MST/TITLE/0142000/W0142839.jpg?181010,와인
발렌싱 화이트,11,http://img.wine21.com/WINE_MST/TITLE/0147000/W0147957.jpg?420336,와인
"발렌틴 비안치, 레오 말벡",9,http://img.wine21.com/WINE_MST/TITLE/0150000/W0150971.jpg?441123,와인
"발렌틴 비안치, 레오 토론테스",8.5,http://img.wine21.com/WINE_MST/TITLE/0150000/W0150973.jpg?422065,와인
"발렌틴 비안치, 레오 프리미엄 말벡",9.5,http://img.wine21.com/WINE_MST/TITLE/0150000/W0150972.jpg?476274,와인
"발롯 밀롯 & 피스, 메르소 레 크리오",9,http://img.wine21.com/WINE_MST/TITLE/0141000/W0141533.jpg?471257,와인
"발롯 밀롯 & 피스, 부르고뉴 알리고떼",8.5,http://img.wine21.com/WINE_MST/TITLE/0141000/W0141529.jpg?117012,와인
발타사르 가르나차,14.5,http://img.wine21.com/WINE_MST/TITLE/0161000/W0161247.jpg?552303,와인
"발타사르, 가르나차 히어로",15,http://img.wine21.com/WINE_MST/TITLE/0161000/W0161248.jpg?829087,와인
발혼도 까바 브륏,11.5,http://img.wine21.com/WINE_MST/TITLE/0167000/W0167444.png?418917,와인
"백하우스, 까베르네 소비뇽",13.5,http://img.wine21.com/WINE_MST/TITLE/0167000/W0167786.png?128758,와인
"백하우스, 샤도네이",13.5,http://img.wine21.com/WINE_MST/TITLE/0167000/W0167787.png?165736,와인
"백하우스, 피노 누아",13.5,http://img.wine21.com/WINE_MST/TITLE/0167000/W0167788.png?467248,와인
밴드 오브 빈트너 컨소시엄,9.5,http://img.wine21.com/WINE_MST/TITLE/0162000/W0162840.jpg?373440,와인
뱅드비엔 꼬뜨 뒤 론,9.5,http://img.wine21.com/WINE_MST/TITLE/0159000/W0159260.jpg?246496,와인
"뱅상 꾸슈, 엘레강스 엑스트라 브뤼",12.5,http://img.wine21.com/WINE_MST/TITLE/0163000/W0163199.jpg?303661,와인
"뱅상 지라르댕, 마랑쥬 프르미에 크뤼 '라 푸시에르'",13,http://img.wine21.com/WINE_MST/TITLE/0144000/W0144825.jpg?247800,와인
"뱅상 지라르댕, 마르사네",13,http://img.wine21.com/no_image1.jpg?939937,와인
"뱅상 지라르댕, 본 로마네 비에이 비뉴",13,http://img.wine21.com/WINE_MST/TITLE/0145000/W0145465.jpg?328382,와인
"뱅상 지라르댕, 상트네 1등급 레 그라비에르",12.5,http://img.wine21.com/no_image1.jpg?130917,와인
뱅주,12.5,http://img.wine21.com/WINE_MST/TITLE/0148000/W0148438.jpg?485210,와인
버니니 클래식,4.5,http://img.wine21.com/WINE_MST/TITLE/0148000/W0148205.jpg?025451,와인
"버메스터, 타우니 포트",19.5,http://img.wine21.com/WINE_MST/TITLE/0167000/W0167644.png?434298,와인
버블 넘버원 반빈 에디션,12.5,http://img.wine21.com/WINE_MST/TITLE/0167000/W0167718.png?049561,와인
베가 시실리아 알리온,9.5,http://img.wine21.com/WINE_MST/TITLE/0141000/W0141049.jpg?898670,와인
"베가 시실리아, 삔띠아",15,http://img.wine21.com/WINE_MST/TITLE/0153000/153422.jpg?157397,와인
베가스 3 화이트,13,http://img.wine21.com/WINE_MST/TITLE/0143000/W0143850.jpg?156794,와인
베끼아 토레 살리스 살렌티노 리제르바,9,http://img.wine21.com/WINE_MST/TITLE/0161000/W0161251.jpg?418442,와인
"베끼아 토레, 살리스 살렌티노 로쏘",9,http://img.wine21.com/WINE_MST/TITLE/0161000/W0161252.jpg?125689,와인
"베끼아 토레, 샤도네이",13,http://img.wine21.com/WINE_MST/TITLE/0161000/W0161253.jpg?381253,와인
"베난띠, 베르젤라",9,http://img.wine21.com/WINE_MST/TITLE/0147000/W0147347.jpg?895592,와인
"베난티, 일 드라뽀",9,http://img.wine21.com/WINE_MST/TITLE/0147000/W0147348.jpg?806687,와인
"베네가쭈, 까베르네 소비뇽 몬떼로",8.5,http://img.wine21.com/WINE_MST/TITLE/0146000/W0146005.jpg?324584,와인
"베네가쭈, 프로세코 브뤼",11,http://img.wine21.com/WINE_MST/TITLE/0139000/W0139788.jpg?243055,와인
"베란다, 그랑 뀌베 밀렁다쥐 피노 누아",14,http://img.wine21.com/WINE_MST/TITLE/0147000/W0147858.jpg?106025,와인
"베란다, 오다 레드",9,http://img.wine21.com/WINE_MST/TITLE/0145000/W0145684.jpg?595963,와인
"베란다, 오다 피노누아",9,http://img.wine21.com/WINE_MST/TITLE/0145000/W0145683.jpg?032345,와인
베러 하프 소비뇽 블랑  ,44,http://img.wine21.com/WINE_MST/TITLE/0162000/W0162075.jpg?984627,와인
베러 하프 피노 누아,7.5,http://img.wine21.com/WINE_MST/TITLE/0162000/W0162074.jpg?535080,와인
"베르나르 드페, 샤블리 프르미에 크뤼 '푸르숌'",13,http://img.wine21.com/WINE_MST/TITLE/0149000/W0149139.jpg?707720,와인
베르베르아나 리제르바 셀렉션 오로,9,http://img.wine21.com/WINE_MST/TITLE/0156000/W0156399.jpg?481594,와인
"베르사노, 생 미셸 모스카토 다스티",5.5,http://img.wine21.com/WINE_MST/TITLE/0149000/W0149472.jpg?689393,와인
"베르타니, 빌라 노바레 발폴리첼라 리파쏘",9,http://img.wine21.com/WINE_MST/TITLE/0148000/W0148150.jpg?388036,와인
"베를루끼, '61 로제",12.5,http://img.wine21.com/WINE_MST/TITLE/0166000/W0166185.jpg?868463,와인
"베를루끼, '61 브뤼",12.5,http://img.wine21.com/WINE_MST/TITLE/0164000/W0164629.jpg?261111,와인
"베를루끼, '61 사텐",12.5,http://img.wine21.com/WINE_MST/TITLE/0166000/W0166186.jpg?217431,와인
"베리 브라더스 &  & 러드, 네로 다볼라",14,http://img.wine21.com/WINE_MST/TITLE/0166000/W0166376.jpg?865892,와인
"베린저, 프라이빗 리저브 샤도네이",14.5,http://img.wine21.com/WINE_MST/TITLE/0145000/W0145015.jpg?251972,와인
"베세보, 타우라시",13.5,http://img.wine21.com/WINE_MST/TITLE/0150000/W0150889.jpg?264748,와인
"베세보, 타우라시 엔시스",13.5,http://img.wine21.com/WINE_MST/TITLE/0166000/W0166730.jpg?149971,와인
베소데비노 비비큐 샤도네 마카베오,8.5,http://img.wine21.com/WINE_MST/TITLE/0152000/W0152037.jpg?128104,와인
베소데비노 쎌레씨온,9,http://img.wine21.com/WINE_MST/TITLE/0150000/W0150950.jpg?233519,와인
베소데비노 올드바인 가르나차,9,http://img.wine21.com/WINE_MST/TITLE/0150000/W0150949.jpg?099275,와인
베스츠 그레이트 웨스턴 빈 넘버 0 쉬라즈,9.5,http://img.wine21.com/WINE_MST/TITLE/0143000/W0143279.jpg?467437,와인
베어플래그 다크 레드 ,12,http://img.wine21.com/WINE_MST/TITLE/0161000/W0161218.jpg?946695,와인
베어플래그 소프트 화이트 ,10,http://img.wine21.com/WINE_MST/TITLE/0161000/W0161219.jpg?433392,와인
베어플래그 스무스 레드,12,http://img.wine21.com/WINE_MST/TITLE/0161000/W0161217.jpg?489509,와인
베어플래그 일렉트릭 로제,6.5,http://img.wine21.com/WINE_MST/TITLE/0161000/W0161220.jpg?001857,와인
"베이어스클루프, 시너지 케이프 블랜드",9.5,http://img.wine21.com/WINE_MST/TITLE/0143000/W0143839.jpg?826601,와인
"베이어스클루프, 피노타쥐",10.5,http://img.wine21.com/WINE_MST/TITLE/0143000/W0143840.jpg?881957,와인
"베이어스클루프, 피노타지 리저브 셀렉션",15,http://img.wine21.com/WINE_MST/TITLE/0147000/W0147509.jpg?909298,와인
벤타 모랄레스 오가닉,9.5,http://img.wine21.com/WINE_MST/TITLE/0160000/W0160197.jpg?589303,와인
벤타 모랄레스 템프라니요,9,http://img.wine21.com/WINE_MST/TITLE/0162000/W0162063.jpg?610672,와인
"벤티스꾸에로, 그레이 까르미네르",14,http://img.wine21.com/WINE_MST/TITLE/0150000/W0150551.jpg?414918,와인
"벤티스꾸에로, 그레이 메를로",9.5,http://img.wine21.com/WINE_MST/TITLE/0150000/W0150549.jpg?766653,와인
"벤티스꾸에로, 그레이 샤도네이",9,http://img.wine21.com/WINE_MST/TITLE/0150000/W0150550.jpg?668509,와인
"벤티스꾸에로, 그레이 시라  ",9.5,http://img.wine21.com/WINE_MST/TITLE/0150000/W0150552.jpg?503989,와인
"벤티스꾸에로, 꾸에울랏 싱글빈야드 까르미네르  ",14,http://img.wine21.com/WINE_MST/TITLE/0150000/W0150546.jpg?570744,와인
"벤티스꾸에로, 꾸에울랏 싱글빈야드 까베르네 소비뇽",8,http://img.wine21.com/WINE_MST/TITLE/0150000/W0150543.jpg?792404,와인
"벤티스꾸에로, 꾸에울랏 싱글빈야드 소비뇽 블랑 ",9,http://img.wine21.com/WINE_MST/TITLE/0150000/W0150547.jpg?923675,와인
"벤티스꾸에로, 꾸에울랏 싱글빈야드 시라  ",14,http://img.wine21.com/WINE_MST/TITLE/0150000/W0150545.jpg?588058,와인
"벤티스꾸에로, 베르티스",9.5,http://img.wine21.com/WINE_MST/TITLE/0154000/154724.jpg?784779,와인
"벤티스꾸에로, 옐초 리제르바 이스페셜 까르미네르",9,http://img.wine21.com/WINE_MST/TITLE/0150000/W0150541.jpg?225775,와인
"벤티스꾸에로, 옐초 리제르바 이스페셜 까베르네 소비뇽",9,http://img.wine21.com/WINE_MST/TITLE/0150000/W0150540.jpg?262214,와인
"벤티스꾸에로, 옐초 리제르바 이스페셜 소비뇽 블랑  ",13,http://img.wine21.com/WINE_MST/TITLE/0150000/W0150542.jpg?188383,와인
"벤티스꾸에로, 클라시코 까베르네 소비뇽",9,http://img.wine21.com/WINE_MST/TITLE/0150000/W0150536.jpg?658159,와인
"벤티스꾸에로, 클라시코 샤도네",13,http://img.wine21.com/WINE_MST/TITLE/0150000/W0150539.jpg?793685,와인
"벤티스꾸에로, 클라시코 소비뇽 블랑",8.5,http://img.wine21.com/WINE_MST/TITLE/0150000/W0150538.jpg?807073,와인
"벤티스꾸에로, 클라시코 쉬라",9,http://img.wine21.com/WINE_MST/TITLE/0150000/W0150537.jpg?297652,와인
"벨가라 이스테이트, 오팔 릿지 세미용 샤도네",13,http://img.wine21.com/WINE_MST/TITLE/0146000/W0146423.jpg?626597,와인
"벨가라, 더뱅 쉬라 카베르네 멜롯",13,http://img.wine21.com/WINE_MST/TITLE/0149000/W0149846.jpg?103853,와인
"벨가라, 와인메이커스 셀렉션 블랙 쉬라즈",9,http://img.wine21.com/WINE_MST/TITLE/0149000/W0149847.jpg?589601,와인
벨라누  로쏘 돌체,10,http://img.wine21.com/WINE_MST/TITLE/0155000/W0155896.jpg?580071,와인
"벨레노시, 레브",13,http://img.wine21.com/WINE_MST/TITLE/0162000/W0162034.jpg?388854,와인
"벨레노시, 베르디키오 데이 까스텔리 디 예지",14,http://img.wine21.com/WINE_MST/TITLE/0162000/W0162038.jpg?607119,와인
"벨레노시, 치르쿰 몬테풀치아노 다브루쪼",9,http://img.wine21.com/WINE_MST/TITLE/0162000/W0162033.jpg?213939,와인
"벨레노시, 프로페 트레비아노 다부르쪼",12,http://img.wine21.com/WINE_MST/TITLE/0164000/W0164782.jpg?459744,와인
"벨렌다, 샤르도네 엑스트라 브뤼 메또도 끌라시꼬",8.5,http://img.wine21.com/WINE_MST/TITLE/0145000/W0145951.jpg?572113,와인
벨리스코 까바 브뤼,11.5,http://img.wine21.com/WINE_MST/TITLE/0161000/W0161021.jpg?877887,와인
벨링햄 모카 야바 멜롯  ,9,http://img.wine21.com/WINE_MST/TITLE/0153000/W0153484.jpg?385109,와인
"벨무드, 카버넷 소비뇽",14,http://img.wine21.com/WINE_MST/TITLE/0147000/W0147518.jpg?541876,와인
"벨싯, 바르베라 다스티 수페리오레 시키베이",9,http://img.wine21.com/WINE_MST/TITLE/0144000/W0144992.jpg?858292,와인
"보글, 까베르네 소비뇽",14.5,http://img.wine21.com/WINE_MST/TITLE/0146000/W0146624.jpg?241661,와인
"보글, 멜롯",13.5,http://img.wine21.com/WINE_MST/TITLE/0146000/W0146622.jpg?736449,와인
"보글, 쁘띠 시라",9,http://img.wine21.com/WINE_MST/TITLE/0146000/W0146623.jpg?638374,와인
"보글, 샤도네이",9,http://img.wine21.com/WINE_MST/TITLE/0146000/W0146626.jpg?536834,와인
"보글, 소비뇽 블랑",13.5,http://img.wine21.com/WINE_MST/TITLE/0146000/W0146627.jpg?854347,와인
"보글, 에센셜 레드",13.5,http://img.wine21.com/WINE_MST/TITLE/0162000/W0162763.jpg?684596,와인
"보글, 피노 누아",9,http://img.wine21.com/WINE_MST/TITLE/0146000/W0146625.jpg?325567,와인
"보니 둔, 르 시가 볼랑",9,http://img.wine21.com/WINE_MST/TITLE/0147000/W0147097.jpg?836945,와인
"보니 둔, 뱅 그리 드 시거",9,http://img.wine21.com/WINE_MST/TITLE/0166000/W0166840.jpg?447597,와인
"보데가 꼴로메, 아말라야 드 꼴로메",10.5,http://img.wine21.com/WINE_MST/TITLE/0148000/W0148121.jpg?262013,와인
"보데가 꼴로메, 에스테이트 말벡",10.5,http://img.wine21.com/WINE_MST/TITLE/0148000/W0148122.jpg?916260,와인
"보데가 베네가스, 돈 티부르치오",14,http://img.wine21.com/WINE_MST/TITLE/0146000/W0146246.jpg?226334,와인
"보데가 베네가스, 린치 메리티지",9.5,http://img.wine21.com/WINE_MST/TITLE/0146000/W0146249.jpg?759808,와인
"보데가 베네가스, 말벡",9.5,http://img.wine21.com/WINE_MST/TITLE/0146000/W0146248.jpg?206263,와인
"보데가 베네가스, 시라",15,http://img.wine21.com/WINE_MST/TITLE/0146000/W0146247.jpg?835900,와인
"보데가 베네가스, 후안 베네가스 말벡",14,http://img.wine21.com/WINE_MST/TITLE/0146000/W0146245.jpg?460530,와인
"보데가 치비떼, 꼰데 데 라 살쎄다 레제르바",9,http://img.wine21.com/WINE_MST/TITLE/0147000/W0147208.jpg?240000,와인
"보데가 치비떼, 비냐 살쎄다 레제르바",13,http://img.wine21.com/WINE_MST/TITLE/0147000/W0147210.jpg?110222,와인
"보데가 치비떼, 비냐 살쎄다 크리안자",13,http://img.wine21.com/WINE_MST/TITLE/0147000/W0147209.jpg?764597,와인
보데가 팔라시오 밀플로레스 로제,13,http://img.wine21.com/WINE_MST/TITLE/0155000/W0155582.jpg?208003,와인
"보데가 팔라시오, 코스메 팔라시오 V.S",9,http://img.wine21.com/WINE_MST/TITLE/0153000/W0153679.jpg?109513,와인
"보데가스 까레, 모스까뗄 델 알레한드리아",9,http://img.wine21.com/WINE_MST/TITLE/0164000/W0164581.jpg?487276,와인
"보데가스 라 푸리시마, 로사도",12.5,http://img.wine21.com/WINE_MST/TITLE/0159000/W0159693.jpg?639101,와인
"보데가스 루손, 가스띠쇼",14.5,http://img.wine21.com/no_image1.jpg?686062,와인
"보데가스 루손, 알토스",9.5,http://img.wine21.com/WINE_MST/TITLE/0141000/W0141509.jpg?832912,와인
"보데가스 세뇨리오 데 아라나, 소믈리에 레세르바",14,http://img.wine21.com/WINE_MST/TITLE/0162000/W0162014.jpg?090225,와인
"보데가스 세뇨리오 데 아라나, 소믈리에 크리안자",14,http://img.wine21.com/WINE_MST/TITLE/0162000/W0162013.jpg?616872,와인
"보데가스 아르주아가 나바로, 레르마",9,http://img.wine21.com/WINE_MST/TITLE/0145000/W0145445.jpg?124130,와인
"보데가스 이시드로 밀라그로 또레 드 레하스, 템프라니오 크리안자",13.5,http://img.wine21.com/WINE_MST/TITLE/0160000/W0160913.jpg?971991,와인
"보데가스 이시드로 밀라그로, 또레 드 레하스 베르데호",12,http://img.wine21.com/WINE_MST/TITLE/0160000/W0160915.jpg?675834,와인
"보데가스 이시드로 밀라그로, 또레 드 레하스 템프라니오 리제르바",13.5,http://img.wine21.com/WINE_MST/TITLE/0160000/W0160914.jpg?579394,와인
"보데가스 이시드로 밀라그로, 칼리 칸토 베르데호",11.5,http://img.wine21.com/WINE_MST/TITLE/0166000/W0166634.jpg?852874,와인
"보데가스 이시드로 밀라그로, 칼리 칸토 템프라니요 로블",13.5,http://img.wine21.com/WINE_MST/TITLE/0166000/W0166635.jpg?421947,와인
"보데가스 치비떼, 그란 페우도 로사도",13,http://img.wine21.com/WINE_MST/TITLE/0146000/W0146040.jpg?498528,와인
"보데가스 치비떼, 그란 페우도 리제르바",13,http://img.wine21.com/WINE_MST/TITLE/0146000/W0146045.jpg?886219,와인
"보데가스 치비떼, 그란 페우도 크리안자",8.5,http://img.wine21.com/WINE_MST/TITLE/0146000/W0146043.jpg?325817,와인
"보데가스 치비떼, 꼴레시온 125 리제르바",9,http://img.wine21.com/WINE_MST/TITLE/0146000/W0146042.jpg?107781,와인
"보데가스 치비떼, 꼴레시온 125 블랑코",9,http://img.wine21.com/WINE_MST/TITLE/0146000/W0146041.jpg?860235,와인
"보데가스 콘카빈스, 알레냐 리제르바 까바 브뤼",8,http://img.wine21.com/WINE_MST/TITLE/0150000/W0150713.jpg?857822,와인
"보데가스 페냐피엘, 미로스 리베라 리제르바 꼴렉시온 프리바다",13,http://img.wine21.com/WINE_MST/TITLE/0145000/W0145677.jpg?944051,와인
"보데가스 페냐피엘, 미로스 엠",14,http://img.wine21.com/WINE_MST/TITLE/0145000/W0145681.jpg?518903,와인
"보데가스 페냐피엘, 미로스 오",14,http://img.wine21.com/WINE_MST/TITLE/0147000/W0147849.jpg?861360,와인
"보데가스 페냐피엘, 알바 데 미로스",13,http://img.wine21.com/WINE_MST/TITLE/0145000/W0145676.jpg?327656,와인
보떼르 모스카토 ,8,http://img.wine21.com/WINE_MST/TITLE/0158000/W0158120.jpg?846028,와인
보르 포라시,10.5,http://img.wine21.com/WINE_MST/TITLE/0141000/W0141879.jpg?753740,와인
보르고 라메 로소,5.5,http://img.wine21.com/WINE_MST/TITLE/0155000/W0155900.jpg?585553,와인
보르고 라메 모스카토 다스티,5,http://img.wine21.com/WINE_MST/TITLE/0155000/W0155892.jpg?690443,와인
보르고 라메 비앙코,4.5,http://img.wine21.com/WINE_MST/TITLE/0155000/W0155901.jpg?120038,와인
"보르고 산 다니엘레, 일 비노 데이 포에띠",11,http://img.wine21.com/WINE_MST/TITLE/0143000/W0143372.jpg?738171,와인
"보르고 산 다니엘레, 프리울리 이손조 토카이 프리울라노",8.5,http://img.wine21.com/WINE_MST/TITLE/0143000/W0143416.jpg?507925,와인
"보르고 산 다니엘레, 프리울리 이손조 피노 그리지오",8.5,http://img.wine21.com/WINE_MST/TITLE/0143000/W0143371.jpg?121334,와인
보르도 드 글로리아,12.5,http://img.wine21.com/WINE_MST/TITLE/0165000/W0165687.jpg?472573,와인
"보르도 비네암, 바이오 풀",12.5,http://img.wine21.com/WINE_MST/TITLE/0165000/W0165312.jpg?598232,와인
"보르도 비네암, 바이오 풀 말벡",13.5,http://img.wine21.com/WINE_MST/TITLE/0165000/W0165313.jpg?978096,와인
보르도 카메린 드 베르누이,12,http://img.wine21.com/WINE_MST/TITLE/0147000/W0147431.jpg?161437,와인
"보르사오, 셀렉션 틴토",9.5,http://img.wine21.com/WINE_MST/TITLE/0153000/W0153498.jpg?107724,와인
"보르사오, 클라시코 블랑코",8.5,http://img.wine21.com/WINE_MST/TITLE/0153000/W0153499.jpg?575047,와인
보리 마누 보 리바쥬 프리미엄,13,http://img.wine21.com/WINE_MST/TITLE/0152000/W0152030.jpg?266278,와인
보비어,12,http://img.wine21.com/WINE_MST/TITLE/0145000/W0145425.jpg?051692,와인
"보비에르 에 피스, 샤블리",8.5,http://img.wine21.com/WINE_MST/TITLE/0145000/W0145525.jpg?670407,와인
보샤뗄 까베르네 소비뇽,12.5,http://img.wine21.com/WINE_MST/TITLE/0162000/W0162438.jpg?016639,와인
보샤뗄 메를로,12.5,http://img.wine21.com/WINE_MST/TITLE/0162000/W0162439.jpg?386024,와인
보샤뗄 소비뇽,10.5,http://img.wine21.com/WINE_MST/TITLE/0162000/W0162440.jpg?069360,와인
보스케 데 마타스노스,15,http://img.wine21.com/WINE_MST/TITLE/0161000/W0161446.jpg?420092,와인
"보시오, 모스카토 다스티",5,http://img.wine21.com/WINE_MST/TITLE/0147000/W0147706.jpg?302011,와인
"보이셋 패밀리 에스테이트, 엘 드 리쓰",12.5,http://img.wine21.com/WINE_MST/TITLE/0146000/W0146136.jpg?529335,와인
"보칸티노, 네로 다볼라",13,http://img.wine21.com/WINE_MST/TITLE/0163000/W0163201.jpg?156017,와인
"보칸티노, 몬테풀치아노 다브루쪼 리제르바",13,http://img.wine21.com/WINE_MST/TITLE/0147000/W0147441.jpg?145272,와인
"보테가 비나이, 피노 그리지오",12.5,http://img.wine21.com/WINE_MST/TITLE/0164000/W0164798.jpg?564204,와인
보히가스 까바 브뤼 로제,12,http://img.wine21.com/WINE_MST/TITLE/0161000/W0161662.jpg?720839,와인
보히가스 리제르바 까바 세미 섹,12,http://img.wine21.com/WINE_MST/TITLE/0156000/W0156441.jpg?328974,와인
본 샹스 모스카토,7,http://img.wine21.com/WINE_MST/TITLE/0156000/W0156440.jpg?528467,와인
본 샹스 모스카토 로제,7,http://img.wine21.com/WINE_MST/TITLE/0162000/W0162055.jpg?426883,와인
볼베르,15.5,http://img.wine21.com/WINE_MST/TITLE/0160000/W0160196.jpg?182629,와인
봉벡,13,http://img.wine21.com/WINE_MST/TITLE/0146000/W0146737.jpg?266616,와인
뵈브 본느발 브뤼,12.5,http://img.wine21.com/WINE_MST/TITLE/0164000/W0164945.jpg?543410,와인
"뵈브 엘리자베스, 브뤼",12.5,http://img.wine21.com/WINE_MST/TITLE/0167000/W0167109.png?777255,와인
부가티니,9,http://img.wine21.com/WINE_MST/TITLE/0151000/W0151296.jpg?710757,와인
부르고뉴 샤도네 리플렛츠,8.5,http://img.wine21.com/WINE_MST/TITLE/0145000/W0145524.jpg?174295,와인
부르고뉴 샤도네이 에게르떼,8.5,http://img.wine21.com/WINE_MST/TITLE/0151000/W0151671.jpg?999825,와인
부르고뉴 피노누아 리플렛츠,13,http://img.wine21.com/WINE_MST/TITLE/0145000/W0145523.jpg?681966,와인
"부르크 라이어 슐로스카펠레, 슈페트레제",9,http://img.wine21.com/WINE_MST/TITLE/0141000/W0141823.jpg?993257,와인
"부르크 라이어 슐로스카펠레, 아우스레제",10,http://img.wine21.com/WINE_MST/TITLE/0141000/W0141821.jpg?847213,와인
"부르크 라이어 슐로스카펠레, 카비네트",10,http://img.wine21.com/WINE_MST/TITLE/0141000/W0141822.jpg?423012,와인
"부샤 에네 엔 피스, 뉘 쌩 죠르쥐",13,http://img.wine21.com/WINE_MST/TITLE/0150000/W0150156.jpg?302433,와인
"부샤 에네 엔 피스, 마꽁 빌라쥐",8.5,http://img.wine21.com/WINE_MST/TITLE/0150000/W0150157.jpg?801395,와인
"부샤 에네 엔 피스, 뫼르소",13,http://img.wine21.com/WINE_MST/TITLE/0150000/W0150158.jpg?431263,와인
"부샤 에네 엔 피스, 샤블리 프리미에 크뤼 바이용",8.5,http://img.wine21.com/WINE_MST/TITLE/0150000/W0150160.jpg?713233,와인
"부샤 에네 엔 피스, 샹볼 뮈지니",13,http://img.wine21.com/WINE_MST/TITLE/0150000/W0150161.jpg?296796,와인
"부샤 에네 엔 피스, 지브리 샹베르땡",13,http://img.wine21.com/WINE_MST/TITLE/0150000/W0150162.jpg?166341,와인
"부에이 에 피스, 록 드 시스 메독",13,http://img.wine21.com/WINE_MST/TITLE/0141000/W0141487.jpg?247914,와인
"부에이 에 피스, 메독",13,http://img.wine21.com/WINE_MST/TITLE/0141000/W0141486.jpg?962759,와인
"부즈레, 본 라 몽테 루즈",13.5,http://img.wine21.com/no_image1.jpg?563740,와인
"부츠레그, 레드블렌드",9.75,http://img.wine21.com/WINE_MST/TITLE/0166000/W0166199.jpg?108859,와인
"부츠레그, 프리퀄",15.5,http://img.wine21.com/WINE_MST/TITLE/0166000/W0166200.jpg?583112,와인
"부켄하우츠크로프, 세븐 체어 까베르네 소비뇽",8.5,http://img.wine21.com/WINE_MST/TITLE/0146000/W0146709.jpg?709929,와인
"부켄하우츠크로프, 울프트랩",9.5,http://img.wine21.com/WINE_MST/TITLE/0146000/W0146284.jpg?359848,와인
"부켄하우츠크로프, 포큐파인 릿지 까베르네 소비뇽",9.5,http://img.wine21.com/WINE_MST/TITLE/0152000/152567.jpg?521389,와인
"부티노, '레 꼬또 쉬스또' 세귀레",13.5,http://img.wine21.com/WINE_MST/TITLE/0163000/W0163684.jpg?278255,와인
뷰 마넨 그란 레세르바 까르메네르 ,14.5,http://img.wine21.com/WINE_MST/TITLE/0143000/W0143811.jpg?900470,와인
뷰 마넨 그란 레세르바 까베르네 소비뇽,14.5,http://img.wine21.com/WINE_MST/TITLE/0143000/W0143807.jpg?648339,와인
뷰 마넨 그란 레세르바 말벡,14.5,http://img.wine21.com/WINE_MST/TITLE/0143000/W0143816.jpg?990889,와인
뷰 마넨 레세르바 까르메네르,14.5,http://img.wine21.com/WINE_MST/TITLE/0143000/W0143810.jpg?422740,와인
뷰 마넨 레세르바 까베르네소비뇽,14.5,http://img.wine21.com/WINE_MST/TITLE/0143000/W0143809.jpg?568440,와인
뷰 마넨 레세르바 말벡,14.5,http://img.wine21.com/WINE_MST/TITLE/0143000/W0143815.jpg?103372,와인
뷰 마넨 레세르바 메를로,14.5,http://img.wine21.com/WINE_MST/TITLE/0143000/W0143818.jpg?786068,와인
뷰 마넨 레세르바 샤르도네,14.5,http://img.wine21.com/WINE_MST/TITLE/0143000/W0143812.jpg?346750,와인
뷰 마넨 세크레토 까르메네르,14.5,http://img.wine21.com/WINE_MST/TITLE/0143000/W0143821.jpg?696414,와인
뷰 마넨 세크레토 소비뇽 블랑,13.5,http://img.wine21.com/WINE_MST/TITLE/0143000/W0143822.jpg?984591,와인
뷰 마넨 세크레토 시라,14.5,http://img.wine21.com/WINE_MST/TITLE/0143000/W0143823.jpg?791939,와인
뷰 마넨 싱글 빈야드 까베르네 소비뇽,14.5,http://img.wine21.com/WINE_MST/TITLE/0143000/W0143808.jpg?809540,와인
뷰 마넨 싱글 빈야드 말벡,13.5,http://img.wine21.com/WINE_MST/TITLE/0143000/W0143817.jpg?126156,와인
브라께또 다뀌 피네토,5,http://img.wine21.com/WINE_MST/TITLE/0141000/W0141927.jpg?274498,와인
"브라더후드, 리슬링 아이스 와인",10,http://img.wine21.com/WINE_MST/TITLE/0141000/W0141890.jpg?789964,와인
"브라더후드, 비달 아이스 와인",7.5,http://img.wine21.com/WINE_MST/TITLE/0141000/W0141891.jpg?210968,와인
브라우네베르거 쿠르퓌르스틀라이 카비네트,6.5,http://img.wine21.com/WINE_MST/TITLE/0141000/W0141848.jpg?914541,와인
"브라운 브라더스, 지비보",6.5,http://img.wine21.com/WINE_MST/TITLE/0145000/W0145539.jpg?225687,와인
"브라운 브라더스, 지비뽀 로사",8,http://img.wine21.com/WINE_MST/TITLE/0148000/W0148304.jpg?803692,와인
"브라운 브라더스, 히쓰코트 리미티드 릴리즈 쉬라즈",14,http://img.wine21.com/WINE_MST/TITLE/0148000/W0148303.jpg?220669,와인
"브라이다, 라 레지나",12.5,http://img.wine21.com/WINE_MST/TITLE/0164000/W0164260.png?282654,와인
"브라이다, 라 모넬라",9.5,http://img.wine21.com/WINE_MST/TITLE/0150000/W0150842.jpg?105181,와인
"브라이다, 일 피오레",13,http://img.wine21.com/WINE_MST/TITLE/0165000/W0165382.jpg?479799,와인
브래스 택스 레드 블렌드,15.5,http://img.wine21.com/WINE_MST/TITLE/0167000/W0167461.png?254895,와인
브래스 택스 샤도네이,13.5,http://img.wine21.com/WINE_MST/TITLE/0167000/W0167462.png?507503,와인
"브레드&버터, 까베르네 소비뇽",13.5,http://img.wine21.com/WINE_MST/TITLE/0164000/W0164964.jpg?216720,와인
"브로떼, 도메인 그로셋  꼬뜨 뒤 론 빌리지 케란느",9,http://img.wine21.com/WINE_MST/TITLE/0147000/W0147685.jpg?656099,와인
"브로떼, 샤또뇌쁘 뒤 빠쁘 라 삐올레",9,http://img.wine21.com/WINE_MST/TITLE/0147000/W0147843.jpg?246836,와인
"브로비아, 리오 소르도 바르바레스코",8.5,http://img.wine21.com/WINE_MST/TITLE/0143000/W0143378.jpg?962414,와인
"브로비아, 바롤로",12.5,http://img.wine21.com/WINE_MST/TITLE/0143000/W0143377.jpg?357630,와인
"브로큰우드, 쉬라즈",14,http://img.wine21.com/WINE_MST/TITLE/0146000/W0146854.jpg?822822,와인
"브로큰우드, 크리켓 피치 까베르네 쇼비뇽 쉬라즈 메를로",9.5,http://img.wine21.com/WINE_MST/TITLE/0146000/W0146853.jpg?592108,와인
"브로큰우드, 크리켓 피치 소비뇽 블랑 세미용",8.5,http://img.wine21.com/WINE_MST/TITLE/0146000/W0146852.jpg?517885,와인
"브로큰우드, 헌터 밸리 쉬라즈",9,http://img.wine21.com/WINE_MST/TITLE/0146000/W0146855.jpg?055747,와인
"브로큰우드,웨이드 블록 2 쉬라즈",15,http://img.wine21.com/WINE_MST/TITLE/0146000/W0146856.jpg?721760,와인
브루몽 그로 망상 소비뇽,12,http://img.wine21.com/WINE_MST/TITLE/0151000/W0151261.jpg?944154,와인
브루몽 따나 시라 메를로 로제,12,http://img.wine21.com/WINE_MST/TITLE/0151000/W0151260.jpg?528486,와인
브루몽 메를로 따나 ,9,http://img.wine21.com/WINE_MST/TITLE/0151000/W0151259.jpg?986272,와인
"브리갈다라, 발폴리첼라 끌라시꼬",8.5,http://img.wine21.com/WINE_MST/TITLE/0140000/W0140228.jpg?555497,와인
"브리스데일, 랑혼 크로싱 레드",9,http://img.wine21.com/WINE_MST/TITLE/0142000/W0142846.jpg?318427,와인
"브리스데일, 샤도네이",9,http://img.wine21.com/WINE_MST/TITLE/0147000/W0147971.jpg?158776,와인
"브리스데일, 페트럴  리져브",9.5,http://img.wine21.com/WINE_MST/TITLE/0147000/W0147968.jpg?583281,와인
블라송 머큐리,13,http://img.wine21.com/WINE_MST/TITLE/0150000/W0150448.jpg?199997,와인
블라송 부르고뉴 샤도네,12,http://img.wine21.com/WINE_MST/TITLE/0150000/W0150445.jpg?993469,와인
블라송 부르고뉴 피노 누아,13,http://img.wine21.com/WINE_MST/TITLE/0150000/W0150447.jpg?949697,와인
블라송 샤블리,12,http://img.wine21.com/WINE_MST/TITLE/0150000/W0150446.jpg?602086,와인
블랑 드 블루,11,http://img.wine21.com/WINE_MST/TITLE/0150000/W0150716.jpg?877074,와인
블랙 박스 까베르네 소비뇽,7.5,http://img.wine21.com/WINE_MST/TITLE/0155000/W0155516.jpg?860934,와인
블랙 코타지 소비뇽 블랑,13.5,http://img.wine21.com/WINE_MST/TITLE/0164000/W0164571.jpg?129405,와인
블랙 코타지 피노 누아,13.5,http://img.wine21.com/WINE_MST/TITLE/0164000/W0164572.jpg?205591,와인
블레삭 보르도,13,http://img.wine21.com/WINE_MST/TITLE/0149000/W0149574.jpg?103116,와인
"블루 넌, 아이스와인 실바너",8,http://img.wine21.com/WINE_MST/TITLE/0149000/W0149793.jpg?940248,와인
"블루 넌, 화이트 아이스",7.5,http://img.wine21.com/WINE_MST/TITLE/0162000/W0162269.jpg?977524,와인
"비나 까사 마린, 카타지나 까르메네르",8.5,http://img.wine21.com/WINE_MST/TITLE/0148000/W0148861.jpg?546813,와인
비나 람빌라,12,http://img.wine21.com/WINE_MST/TITLE/0141000/W0141722.jpg?641648,와인
"비나 마이포, 그랑 데보션 소비뇽 블랑",9,http://img.wine21.com/WINE_MST/TITLE/0147000/W0147574.jpg?346316,와인
"비나 마이포, 그랑 데보션 시라 쁘띠 시라",9.5,http://img.wine21.com/WINE_MST/TITLE/0148000/W0148588.jpg?646986,와인
비나 솔라나 세미 스위트,12.5,http://img.wine21.com/WINE_MST/TITLE/0151000/W0151974.jpg?755058,와인
비나 솔라나 틴토 레드,12,http://img.wine21.com/WINE_MST/TITLE/0151000/W0151972.jpg?705524,와인
비나 솔라나 화이트,11,http://img.wine21.com/WINE_MST/TITLE/0151000/W0151973.jpg?300024,와인
비나 아미고,11,http://img.wine21.com/WINE_MST/TITLE/0147000/W0147890.jpg?785815,와인
"비나 엘 아로모, 산타 인피니토 까베르네 소비뇽",12,http://img.wine21.com/WINE_MST/TITLE/0150000/W0150043.jpg?263008,와인
"비나 엘 아로모, 산타 인피니토 메를로",12,http://img.wine21.com/WINE_MST/TITLE/0150000/W0150041.jpg?447613,와인
"비나 엘 아로모, 인피니토 까베르네 소비뇽",12.5,http://img.wine21.com/WINE_MST/TITLE/0150000/W0150059.jpg?430402,와인
"비나 엘 아로모, 인피니토 메를로",12,http://img.wine21.com/WINE_MST/TITLE/0150000/W0150058.jpg?847265,와인
"비나이올리 디 카넬리, 모스카토 다스티",5,http://img.wine21.com/WINE_MST/TITLE/0148000/W0148862.jpg?898561,와인
"비날 아이스 와인, 화이트",11,http://img.wine21.com/WINE_MST/TITLE/0152000/W0152059.jpg?407860,와인
"비냐 마르, 레세르바 까베르네 소비뇽",9.5,http://img.wine21.com/WINE_MST/TITLE/0146000/W0146235.jpg?324069,와인
"비냐 마르, 레세르바 메를로",14,http://img.wine21.com/WINE_MST/TITLE/0146000/W0146236.jpg?347749,와인
"비냐 마르, 레세르바 에스페시알 까베르네 소비뇽 까르메네르",14,http://img.wine21.com/WINE_MST/TITLE/0146000/W0146237.jpg?809439,와인
"비냐 마르, 레세르바 에스페시알 메를로",14,http://img.wine21.com/WINE_MST/TITLE/0146000/W0146238.jpg?125257,와인
"비냐 마르, 레세르바 에스페시알 소비뇽 블랑",9,http://img.wine21.com/WINE_MST/TITLE/0146000/W0146240.jpg?256354,와인
"비냐 마이포, 까르메네르 까베르네 소비뇽",13,http://img.wine21.com/WINE_MST/TITLE/0148000/W0148568.jpg?355844,와인
"비냐 마이포, 까베르네 소비뇽 리제르바",9,http://img.wine21.com/WINE_MST/TITLE/0146000/W0146455.jpg?467015,와인
"비냐 마이포, 메를로 리제르바",9,http://img.wine21.com/WINE_MST/TITLE/0146000/W0146458.jpg?392646,와인
"비냐 마이포, 샤도네",13,http://img.wine21.com/WINE_MST/TITLE/0146000/W0146453.jpg?846784,와인
"비냐 마이포, 샤르도네 리제르바",9,http://img.wine21.com/WINE_MST/TITLE/0146000/W0146456.jpg?088521,와인
"비냐 마이포, 화이트 블랜드",8.5,http://img.wine21.com/WINE_MST/TITLE/0146000/W0146451.jpg?233288,와인
비냐 마퀴스 마퀴스 그랑 리제르바 까베르네 소비뇽,13.5,http://img.wine21.com/WINE_MST/TITLE/0160000/W0160797.jpg?570133,와인
비냐 만티브레 코세차,8.5,http://img.wine21.com/WINE_MST/TITLE/0146000/W0146169.jpg?575377,와인
"비냐 발로리아, 리세르바",9,http://img.wine21.com/WINE_MST/TITLE/0166000/W0166095.jpg?216459,와인
비냐 산티코 까베르네 소비뇽,13.5,http://img.wine21.com/WINE_MST/TITLE/0161000/W0161031.jpg?393084,와인
비냐 알발리 리제르바,12,http://img.wine21.com/WINE_MST/TITLE/0148000/W0148638.jpg?777101,와인
비냐 알발리 스무스 레드,12,http://img.wine21.com/WINE_MST/TITLE/0148000/W0148640.jpg?307806,와인
"비냐 에기아, 크리안자",9,http://img.wine21.com/WINE_MST/TITLE/0159000/W0159683.jpg?967338,와인
"비냐 올리바, 라스 구아리다스",14.5,http://img.wine21.com/WINE_MST/TITLE/0167000/W0167564.png?752439,와인
"비냐 테라푸라, 리저브 메를로",14,http://img.wine21.com/WINE_MST/TITLE/0167000/W0167094.jpg?317218,와인
"비냐 테라푸라, 리제르바 까르미네르",14,http://img.wine21.com/WINE_MST/TITLE/0164000/W0164576.jpg?973444,와인
"비냐 테라푸라, 리제르바 샤도네이",13.5,http://img.wine21.com/WINE_MST/TITLE/0164000/W0164578.jpg?594322,와인
"비냐 테라푸라, 리제르바 소비뇽 블랑",13.5,http://img.wine21.com/WINE_MST/TITLE/0164000/W0164574.jpg?918410,와인
"비냐 테라푸라, 리제르바 시라",13.5,http://img.wine21.com/WINE_MST/TITLE/0164000/W0164579.jpg?177227,와인
"비냐 테라푸라, 리제르바 피노누아",14,http://img.wine21.com/WINE_MST/TITLE/0164000/W0164577.jpg?441422,와인
"비냐 테라푸라, 싱글 빈야드 까베르네 소비뇽",14.5,http://img.wine21.com/WINE_MST/TITLE/0161000/W0161041.jpg?077528,와인
"비냐 테라푸라, 싱글 빈야드 피노 누아",13,http://img.wine21.com/WINE_MST/TITLE/0165000/W0165936.jpg?038973,와인
"비냐 페냐롤렌, 아줄",14.5,http://img.wine21.com/WINE_MST/TITLE/0167000/W0167027.jpg?968202,와인
"비냐 포말, 그랑 레세르바",14,http://img.wine21.com/WINE_MST/TITLE/0157000/0157968.jpg?486419,와인
"비냐 포말, 크리안자",14,http://img.wine21.com/WINE_MST/TITLE/0150000/W0150212.jpg?762239,와인
"비냐 프란시스코 드 아귀레, 프롤로고 레세르바 메를로 ",13.5,http://img.wine21.com/WINE_MST/TITLE/0162000/W0162409.jpg?966310,와인
"비냐 프란시스코 드 아귀레, 프롤로고 리세르바 까베르네 소비뇽 ",13.5,http://img.wine21.com/WINE_MST/TITLE/0162000/W0162408.jpg?263950,와인
비넘 스크래퍼,14.5,http://img.wine21.com/no_image1.jpg?981940,와인
비네키 무쿠자니,13,http://img.wine21.com/WINE_MST/TITLE/0149000/W0149514.jpg?764867,와인
비네키 비네키 세미 드라이,12,http://img.wine21.com/WINE_MST/TITLE/0149000/W0149517.jpg?763844,와인
비네키 알라자니 밸리,12.5,http://img.wine21.com/WINE_MST/TITLE/0149000/W0149513.jpg?534749,와인
비네키 알라자니 밸리 화이트,12,http://img.wine21.com/WINE_MST/TITLE/0149000/W0149516.jpg?512010,와인
비네키 치난달리,12,http://img.wine21.com/WINE_MST/TITLE/0149000/W0149518.jpg?375305,와인
비네키 카쿠리,13,http://img.wine21.com/WINE_MST/TITLE/0149000/W0149519.jpg?075516,와인
비네키 크반치카라,12.5,http://img.wine21.com/WINE_MST/TITLE/0149000/W0149511.jpg?457632,와인
비네키 킨즈마라울리,12.5,http://img.wine21.com/WINE_MST/TITLE/0149000/W0149512.jpg?920452,와인
"비네티 델 불투레, 센슈알레 모스카토",9.5,http://img.wine21.com/WINE_MST/TITLE/0160000/W0160871.jpg?213161,와인
"비네티 델 불투레, 투파렐로 네로 디 트로이아",13.5,http://img.wine21.com/WINE_MST/TITLE/0162000/W0162811.jpg?668190,와인
"비네티 델 불투레, 피아노 델 체로",9.5,http://img.wine21.com/WINE_MST/TITLE/0150000/W0150363.jpg?080240,와인
"비네티 델 불투레, 피폴리 로자또",12.5,http://img.wine21.com/WINE_MST/TITLE/0165000/W0165615.jpg?533600,와인
"비네티 델 불투레, 피폴리 알리아니꼬 델 불투레 제로",13.5,http://img.wine21.com/WINE_MST/TITLE/0165000/W0165616.jpg?789242,와인
비노 꾸에르다 로쏘 세미둘체,11,http://img.wine21.com/WINE_MST/TITLE/0151000/W0151750.jpg?237587,와인
비노 쿠에르다 블랑코 세미돌체,11,http://img.wine21.com/WINE_MST/TITLE/0152000/W0152399.jpg?637568,와인
"비뇨블 퐁까이유, 르 베르상 까베르네 소비뇽",14,http://img.wine21.com/WINE_MST/TITLE/0162000/W0162011.jpg?680839,와인
"비뇨블 퐁까이유, 르 베르상 샤르도네",13,http://img.wine21.com/WINE_MST/TITLE/0162000/W0162009.jpg?400767,와인
"비뇨블 퐁까이유, 르 베르상 피노누아",13,http://img.wine21.com/WINE_MST/TITLE/0162000/W0162010.jpg?373595,와인
비니 라 델리찌아 마스카레리 프로쎄코 ,11,http://img.wine21.com/WINE_MST/TITLE/0158000/W0158061.jpg?402051,와인
"비디갈 와이너리, 포르타 6 브랑코",12.5,http://img.wine21.com/WINE_MST/TITLE/0165000/W0165308.jpg?001025,와인
"비디갈 와이너리, 포르타 6 틴토",12.5,http://img.wine21.com/WINE_MST/TITLE/0165000/W0165307.jpg?796832,와인
비리애투스,13.5,http://img.wine21.com/WINE_MST/TITLE/0167000/W0167219.png?072069,와인
비블리아 호라 레드,9.5,http://img.wine21.com/WINE_MST/TITLE/0160000/W0160709.jpg?938779,와인
비블리아 호라 화이트 ,13,http://img.wine21.com/WINE_MST/TITLE/0160000/W0160710.jpg?519335,와인
"비비 그라츠, 까사마타 로쏘",12.5,http://img.wine21.com/WINE_MST/TITLE/0158000/W0158452.jpg?192398,와인
"비비 그라츠, 까사마타 비앙코",12.5,http://img.wine21.com/WINE_MST/TITLE/0147000/W0147646.jpg?466223,와인
"비비 그라츠, 볼라마타",12,http://img.wine21.com/WINE_MST/TITLE/0162000/W0162179.jpg?352370,와인
"비비오, 키안티",13,http://img.wine21.com/WINE_MST/TITLE/0145000/W0145713.jpg?159455,와인
"비비오, 투스칸 레드",13,http://img.wine21.com/WINE_MST/TITLE/0145000/W0145714.jpg?661699,와인
"비비오, 피노 그리지오",8.5,http://img.wine21.com/WINE_MST/TITLE/0145000/W0145712.jpg?578088,와인
"비센테 간디아, 데이빗 보위 쉬라즈",13,http://img.wine21.com/WINE_MST/TITLE/0155000/155446.jpg?353374,와인
비스타 알레그레 리저브 토니 포트,20,http://img.wine21.com/WINE_MST/TITLE/0150000/W0150771.jpg?282480,와인
비알레토 로쏘,11,http://img.wine21.com/WINE_MST/TITLE/0141000/W0141395.jpg?044087,와인
비알레토 비앙코,11,http://img.wine21.com/WINE_MST/TITLE/0141000/W0141394.jpg?855880,와인
비앙켈로 델 메타우로,12,http://img.wine21.com/WINE_MST/TITLE/0163000/W0163254.jpg?406960,와인
"비에티, 돌체토 달바 '트레 비그네'",13.5,http://img.wine21.com/WINE_MST/TITLE/0152000/W0152553.jpg?154831,와인
"비에티, 바르베라 다스티 '라 끄레나'",13.5,http://img.wine21.com/WINE_MST/TITLE/0139000/W0139791.jpg?001732,와인
비카 오크 말벡,10,http://img.wine21.com/WINE_MST/TITLE/0145000/W0145490.jpg?365462,와인
"비테 콜테, 라 가타 모스카토 다스티",5.5,http://img.wine21.com/WINE_MST/TITLE/0163000/W0163828.jpg?421891,와인
"비테 콜테, 일 뿌레또 브라께토 다뀌",6,http://img.wine21.com/WINE_MST/TITLE/0160000/W0160870.jpg?031822,와인
빅 카후나 레드,8.5,http://img.wine21.com/no_image1.jpg?657550,와인
빅 카후나 화이트,12,http://img.wine21.com/no_image1.jpg?945029,와인
빅센 스파클링 쉬라즈 까베르네 프랑,9,http://img.wine21.com/WINE_MST/TITLE/0145000/W0145265.jpg?545532,와인
빅토리아 토니,17.5,http://img.wine21.com/WINE_MST/TITLE/0161000/W0161246.jpg?555820,와인
빅하우스 더 버드맨 피노 그리지오,13.5,http://img.wine21.com/WINE_MST/TITLE/0151000/W0151047.jpg?243335,와인
빅하우스 더 유주얼 서스펙트 까베르네쇼비뇽,13,http://img.wine21.com/WINE_MST/TITLE/0151000/W0151045.jpg?522218,와인
빅하우스 빅하우스 카디날 진,13.5,http://img.wine21.com/WINE_MST/TITLE/0151000/W0151046.jpg?899686,와인
빅하우스 화이트,13,http://img.wine21.com/WINE_MST/TITLE/0151000/W0151044.jpg?175313,와인
빈 7479 시라,13,http://img.wine21.com/WINE_MST/TITLE/0151000/W0151301.jpg?193509,와인
"빈디빈, 카발리에 루즈",12.5,http://img.wine21.com/WINE_MST/TITLE/0166000/W0166647.jpg?688838,와인
"빈디빈, 카발리에 블랑",11.5,http://img.wine21.com/WINE_MST/TITLE/0166000/W0166648.jpg?068645,와인
"빈디빈, 카발리에 퀴베 비에이 비뉴 루즈",13.5,http://img.wine21.com/WINE_MST/TITLE/0167000/W0167124.png?181051,와인
빈산토,9.5,http://img.wine21.com/WINE_MST/TITLE/0167000/W0167236.png?700965,와인
"빈센조 보쏘티, 샤르도네",9,http://img.wine21.com/WINE_MST/TITLE/0140000/W0140226.jpg?076165,와인
"빈센조 보쏘티, 치스테마 다스티 수페리오레",14,http://img.wine21.com/no_image1.jpg?680694,와인
"빈센조 세사니, 루엔조",14,http://img.wine21.com/WINE_MST/TITLE/0140000/W0140000.jpg?255583,와인
빈센트 드 라가르드 트라디시옹,12,http://img.wine21.com/WINE_MST/TITLE/0164000/W0164037.jpg?963042,와인
빈스 드 페드라 라 무사 레드,9.5,http://img.wine21.com/WINE_MST/TITLE/0160000/W0160905.jpg?105972,와인
빈젠하이머 아우스레제,7.5,http://img.wine21.com/WINE_MST/TITLE/0146000/W0146063.jpg?222946,와인
"빈치오 발리오 세라, 니바스코 브라퀘토",6,http://img.wine21.com/WINE_MST/TITLE/0149000/W0149491.jpg?289289,와인
"빈치오 발리오 세라, 발라마스카 모스카토 다스티",5,http://img.wine21.com/WINE_MST/TITLE/0149000/W0149492.jpg?738837,와인
빌라 로랑 로제 당주,11.5,http://img.wine21.com/WINE_MST/TITLE/0165000/W0165947.jpg?530930,와인
"빌라 마리아, 셀러 셀렉션 샤도네이",9,http://img.wine21.com/WINE_MST/TITLE/0141000/W0141060.jpg?354948,와인
"빌라 마리아, 프라이빗 빈 리슬링",8.5,http://img.wine21.com/WINE_MST/TITLE/0141000/W0141067.jpg?907023,와인
"빌라 마리아, 프라이빗 빈 피노 누아",9,http://img.wine21.com/WINE_MST/TITLE/0144000/W0144886.jpg?681253,와인
"빌라 산디, 프로세코 뀌베 오리스",8,http://img.wine21.com/WINE_MST/TITLE/0147000/W0147354.jpg?999430,와인
"빌라 아 세스타, 끼안티 클라시코 그랑 셀레지오네 소를레오네 DOCG",14.5,http://img.wine21.com/WINE_MST/TITLE/0166000/W0166945.jpg?829514,와인
"빌라 아 세스타, 끼안티 클라시코 리제르바 DOCG",14.5,http://img.wine21.com/WINE_MST/TITLE/0166000/W0166943.jpg?671202,와인
"빌라 아 세스타, 끼안티 클라시코 일 빨레이 DOCG",13.5,http://img.wine21.com/WINE_MST/TITLE/0166000/W0166942.jpg?113914,와인
"빌라 아 세스타, 리빨텔라 끼안티 수페리오레 DOCG",13.5,http://img.wine21.com/WINE_MST/TITLE/0166000/W0166941.jpg?968332,와인
"빌라 아 세스타, 바스 토스카나 IGT",13.5,http://img.wine21.com/WINE_MST/TITLE/0166000/W0166944.jpg?022845,와인
빌라 엠,5,http://img.wine21.com/WINE_MST/TITLE/0141000/W0141387.jpg?434016,와인
빌라 엠 로미오,11,http://img.wine21.com/WINE_MST/TITLE/0141000/W0141393.jpg?827414,와인
빌라 엠 로쏘,5,http://img.wine21.com/WINE_MST/TITLE/0141000/W0141388.jpg?694205,와인
빌라 엠 줄리아,11,http://img.wine21.com/WINE_MST/TITLE/0141000/W0141392.jpg?684458,와인
"빌라 엠, 아마로네 델라 발폴리첼라 클라시코",15,http://img.wine21.com/WINE_MST/TITLE/0141000/W0141391.jpg?326473,와인
빌라 욜란다 모스카토 로제,5.5,http://img.wine21.com/WINE_MST/TITLE/0161000/W0161301.png?150281,와인
빌라 졸란다 키안티,8.5,http://img.wine21.com/WINE_MST/TITLE/0147000/W0147424.jpg?104312,와인
"빌라 체르나, 끼안띠 끌라시꼬",13,http://img.wine21.com/WINE_MST/TITLE/0140000/W0140219.jpg?217185,와인
"빌라 체르나, 끼안띠 끌라시꼬 리제르바",9,http://img.wine21.com/WINE_MST/TITLE/0140000/W0140218.jpg?271127,와인
"빌라 카파지오, 키안티 클라시코",13,http://img.wine21.com/WINE_MST/TITLE/0145000/W0145242.jpg?871857,와인
"빌라 카파지오, 키안티 클라시코 리제르바",9,http://img.wine21.com/WINE_MST/TITLE/0145000/W0145243.jpg?160429,와인
"빌라 파니, 토스카나 로쏘 ",12.5,http://img.wine21.com/WINE_MST/TITLE/0167000/W0167776.png?009974,와인
"빌라 필로, 빈 산토 델 키안티",16.5,http://img.wine21.com/WINE_MST/TITLE/0161000/W0161934.jpg?861445,와인
"빌라 필로, 친갈리노 로쏘 디 토스카나",13.5,http://img.wine21.com/WINE_MST/TITLE/0147000/W0147328.jpg?316612,와인
"빌라골프, 버디 까베르네쇼비뇽",9,http://img.wine21.com/WINE_MST/TITLE/0143000/W0143144.jpg?756373,와인
"빌라골프, 알바트로스",14,http://img.wine21.com/WINE_MST/TITLE/0143000/W0143145.jpg?351430,와인
"빌라골프, 홀인원 까베르네 쇼비뇽",13.5,http://img.wine21.com/WINE_MST/TITLE/0143000/W0143141.jpg?852173,와인
"빌라골프, 홀인원 샤르도네",9,http://img.wine21.com/WINE_MST/TITLE/0143000/W0143143.jpg?626159,와인
"빌라드, 그랑 뱅 르 피노 누아",9.5,http://img.wine21.com/WINE_MST/TITLE/0149000/W0149701.jpg?125850,와인
"빌라드, 그랑 뱅 앙상블라주",9.5,http://img.wine21.com/WINE_MST/TITLE/0145000/W0145920.jpg?736042,와인
"빌라드, 따나그라",9.5,http://img.wine21.com/WINE_MST/TITLE/0145000/W0145922.jpg?941332,와인
"빌라드, 엑스프레시옹 리저브 까베르네 소비뇽",14,http://img.wine21.com/WINE_MST/TITLE/0145000/W0145919.jpg?333738,와인
"빌라드, 엑스프레시옹 리저브 메를로",9.5,http://img.wine21.com/WINE_MST/TITLE/0145000/W0145918.jpg?934895,와인
"빌라드, 엑스프레시옹 리저브 샤르도네",9,http://img.wine21.com/WINE_MST/TITLE/0145000/W0145917.jpg?399667,와인
"빌라드, 엑스프레시옹 리저브 소비뇽 블랑",14,http://img.wine21.com/WINE_MST/TITLE/0145000/W0145916.jpg?824120,와인
"빌라드, 엘 노블 보트리티스 소비뇽 블랑",9,http://img.wine21.com/WINE_MST/TITLE/0145000/W0145923.jpg?932378,와인
빌바오 레드,11,http://img.wine21.com/WINE_MST/TITLE/0151000/W0151751.jpg?348459,와인
빠삐용,11,http://img.wine21.com/WINE_MST/TITLE/0148000/W0148643.jpg?157960,와인
"빠소 씨에이로, 알바리뇨",13.5,http://img.wine21.com/WINE_MST/TITLE/0164000/W0164685.jpg?755444,와인
뻬띠엉 드 리스텔 복숭아,3.5,http://img.wine21.com/WINE_MST/TITLE/0164000/W0164496.jpg?480077,와인
뻬르 앙슬렘 리져브 드 로브 루즈,9,http://img.wine21.com/WINE_MST/TITLE/0147000/W0147690.jpg?209947,와인
_야,10,http://img.wine21.com/WINE_MST/TITLE/0153000/W0153889.jpg?292191,와인
뽀이약 보리,13,http://img.wine21.com/WINE_MST/TITLE/0140000/W0140331.jpg?938031,와인
"뽀지오 베라노, 드로모스",14,http://img.wine21.com/WINE_MST/TITLE/0140000/W0140129.jpg?986155,와인
쁘띠뜨 시렌,13,http://img.wine21.com/WINE_MST/TITLE/0150000/W0150246.jpg?953165,와인
"삐에로판, 루베르판",9,http://img.wine21.com/WINE_MST/TITLE/0148000/W0148163.jpg?748892,와인
"삐에로판, 소아베 클라시코",12,http://img.wine21.com/WINE_MST/TITLE/0148000/W0148180.jpg?247028,와인
"삐에로판, 소아베 클라시코 깔바리노",8.5,http://img.wine21.com/WINE_MST/TITLE/0148000/W0148207.jpg?911385,와인
"삐에로판, 소아베 클라시코 라 로카",13,http://img.wine21.com/WINE_MST/TITLE/0148000/W0148181.jpg?865705,와인
"삐에르 그루버, 뉘 생 조르쥬",8.5,http://img.wine21.com/WINE_MST/TITLE/0141000/W0141736.jpg?553318,와인
"삐에르 그루버, 뫼르소",13,http://img.wine21.com/WINE_MST/TITLE/0141000/W0141733.jpg?827291,와인
"삐에르 그루버, 본 로마네",13,http://img.wine21.com/WINE_MST/TITLE/0141000/W0141737.jpg?675406,와인
"삐에르 그루버, 본 프리미에 크뤼 벨리쌍",13,http://img.wine21.com/WINE_MST/TITLE/0141000/W0141732.jpg?287070,와인
"삐에르 그루버, 부르고뉴 루즈",8.5,http://img.wine21.com/WINE_MST/TITLE/0145000/W0145517.jpg?694350,와인
"삐에르 그루버, 뽀마르",13,http://img.wine21.com/WINE_MST/TITLE/0145000/W0145520.jpg?913822,와인
"삐에르 그루버, 사비니 레 본",13,http://img.wine21.com/WINE_MST/TITLE/0141000/W0141735.jpg?027232,와인
"삐에르 그루버, 제브리 샹베르땅",13,http://img.wine21.com/WINE_MST/TITLE/0145000/W0145515.jpg?080888,와인
삐에르 아마디유 꼬뜨 뒤 론 루즈 롤레삐에르,9,http://img.wine21.com/WINE_MST/TITLE/0142000/W0142802.jpg?594336,와인
"삐에르 아마디유, 샤또네프 뒤 빠쁘 라 파이루세",14,http://img.wine21.com/WINE_MST/TITLE/0142000/W0142801.jpg?825297,와인
"삐에르 아마디유, 장 미셀 게랑 꼬뜨 로띠 샹팡 르 세그네르",13,http://img.wine21.com/WINE_MST/TITLE/0142000/W0142837.jpg?995973,와인
삐에르 앙드레 삐에르 드 샹빈느,8,http://img.wine21.com/WINE_MST/TITLE/0142000/W0142808.jpg?055711,와인
삐에르 앙드레 샤블리 르 그랑 쁘레,8.5,http://img.wine21.com/WINE_MST/TITLE/0142000/W0142805.jpg?059731,와인
삐에르 앙드레 샤블리 프리미에 크뤼 '몽멩',13,http://img.wine21.com/WINE_MST/TITLE/0145000/W0145838.jpg?961112,와인
"삐에르 앙드레, 뫼르소",13,http://img.wine21.com/WINE_MST/TITLE/0142000/W0142807.jpg?437670,와인
"삐에르 앙드레, 부르고뉴 피노 누아",8.5,http://img.wine21.com/WINE_MST/TITLE/0142000/W0142804.jpg?437009,와인
"삐에르 앙드레, 뽀마르",13,http://img.wine21.com/WINE_MST/TITLE/0145000/W0145835.jpg?086785,와인
"삐에르 앙드레, 뿌이 퓌세 '레 비에 삐에르'",13,http://img.wine21.com/WINE_MST/TITLE/0145000/W0145837.jpg?349864,와인
"삐에르 앙드레, 샤샤뉴 몽라쉐 '샹벤느'",13,http://img.wine21.com/WINE_MST/TITLE/0145000/W0145836.jpg?370678,와인
"삐에르 앙드레, 알록스 꼬르똥",13,http://img.wine21.com/WINE_MST/TITLE/0145000/W0145833.jpg?628089,와인
"삐에르 앙드레, 지브리 샹베르땡",13,http://img.wine21.com/WINE_MST/TITLE/0142000/W0142806.jpg?817851,와인
"사디 패밀리, 세퀼로 레드",9.5,http://img.wine21.com/WINE_MST/TITLE/0147000/W0147195.jpg?308725,와인
"사디 패밀리, 세퀼로 화이트",14,http://img.wine21.com/WINE_MST/TITLE/0147000/W0147196.jpg?238037,와인
사모스 넥타르,14,http://img.wine21.com/WINE_MST/TITLE/0160000/W0160729.jpg?021265,와인
사모스 빈 두,15,http://img.wine21.com/WINE_MST/TITLE/0160000/W0160730.jpg?698399,와인
사쏘레갈레 로쏘,9.5,http://img.wine21.com/WINE_MST/TITLE/0162000/W0162867.jpg?234426,와인
"사쏘레갈레, 베르멘티노",9,http://img.wine21.com/WINE_MST/TITLE/0162000/W0162866.jpg?356770,와인
사엣따,13.5,http://img.wine21.com/WINE_MST/TITLE/0139000/W0139731.jpg?278428,와인
"사이클즈 글래디에이터, 진판델",14.5,http://img.wine21.com/WINE_MST/TITLE/0167000/W0167727.png?275247,와인
사페라비,12,http://img.wine21.com/WINE_MST/TITLE/0151000/W0151037.jpg?710071,와인
"산 마르짜노, F 네그로아마로",14.5,http://img.wine21.com/WINE_MST/TITLE/0162000/W0162336.jpg?064145,와인
"산 마르짜노, 벨리타 로쏘",13.5,http://img.wine21.com/WINE_MST/TITLE/0162000/W0162266.jpg?628279,와인
"산 마르짜노, 벨리타 비앙코",11.5,http://img.wine21.com/WINE_MST/TITLE/0162000/W0162265.jpg?107724,와인
산 미켈레 알로디오,9,http://img.wine21.com/WINE_MST/TITLE/0140000/W0140164.jpg?702276,와인
"산 빈센티, 스티냐노",14,http://img.wine21.com/WINE_MST/TITLE/0140000/W0140165.jpg?266500,와인
산 시몬,12.5,http://img.wine21.com/WINE_MST/TITLE/0167000/W0167261.png?446377,와인
"산 파비아노 깔치나이아, 까사 보쉬노",9.5,http://img.wine21.com/WINE_MST/TITLE/0139000/W0139755.jpg?311443,와인
"산 파비아노 깔치나이아, 체르비올로",9.5,http://img.wine21.com/WINE_MST/TITLE/0139000/W0139756.jpg?216151,와인
"산 파비아노 깔치나이아, 키안티 클라시코",14,http://img.wine21.com/WINE_MST/TITLE/0139000/W0139754.jpg?395173,와인
"산 페드로, 35 사우스 레세르바 샤르도네",12.5,http://img.wine21.com/WINE_MST/TITLE/0150000/W0150367.jpg?445486,와인
"산 페드로, 나인 라이브스 리저브 소비뇽 블랑",12.5,http://img.wine21.com/WINE_MST/TITLE/0164000/W0164926.jpg?349570,와인
"산 페드로, 에피카 까베르네 소비뇽",13.5,http://img.wine21.com/WINE_MST/TITLE/0153000/W0153928.jpg?474731,와인
"산 페드로, 에피카 레드 블렌드",13.5,http://img.wine21.com/WINE_MST/TITLE/0153000/W0153929.jpg?683840,와인
"산 페드로, 에피카 소비뇽 블랑",12.5,http://img.wine21.com/WINE_MST/TITLE/0153000/W0153927.jpg?988656,와인
"산 페드로, 칸카나",14.5,http://img.wine21.com/WINE_MST/TITLE/0150000/W0150384.jpg?025496,와인
"산 페드로, 티에라스 모라다스",14.5,http://img.wine21.com/WINE_MST/TITLE/0150000/W0150377.jpg?995465,와인
"산 펠리체, 마렘마 레드",8.5,http://img.wine21.com/WINE_MST/TITLE/0145000/W0145851.jpg?972107,와인
"산 펠리체, 마렘마 화이트",13,http://img.wine21.com/WINE_MST/TITLE/0145000/W0145852.jpg?013894,와인
"산 펠리체, 뽀지오 로쏘",9,http://img.wine21.com/WINE_MST/TITLE/0145000/W0145845.jpg?251255,와인
"산 펠리체, 일 그리지오",8.5,http://img.wine21.com/WINE_MST/TITLE/0145000/W0145846.jpg?236079,와인
"산 폴로, 루비오",13.5,http://img.wine21.com/WINE_MST/TITLE/0147000/W0147604.jpg?124530,와인
산다라 샤도네이 사케 스파클링,8,http://img.wine21.com/WINE_MST/TITLE/0162000/W0162801.jpg?778001,와인
산다라 스파클링 로제,6,http://img.wine21.com/WINE_MST/TITLE/0162000/W0162833.jpg?438509,와인
산다라 스파클링 화이트,6,http://img.wine21.com/WINE_MST/TITLE/0161000/W0161506.jpg?621505,와인
산다라 와인 모히토,8,http://img.wine21.com/WINE_MST/TITLE/0161000/W0161503.jpg?123172,와인
산디 산타 리타 힐스 피노누아,13.5,http://img.wine21.com/WINE_MST/TITLE/0155000/155847.jpg?857286,와인
산뜨 발렌틴 피노 네로,14,http://img.wine21.com/WINE_MST/TITLE/0141000/W0141951.jpg?700707,와인
산머루 와인,12,http://img.wine21.com/no_image1.jpg?332266,와인
"산타 까롤리나, 바리카 셀렉션 그랑 리제르바 시라",14,http://img.wine21.com/WINE_MST/TITLE/0148000/W0148167.jpg?116940,와인
"산타 로라, 로라 하트윅 그랑 리제르바",14,http://img.wine21.com/WINE_MST/TITLE/0139000/W0139765.jpg?754707,와인
"산타 로라, 로라 하트윅 리저브 까르메네르",9,http://img.wine21.com/WINE_MST/TITLE/0139000/W0139763.jpg?153064,와인
"산타 로라, 로라 하트윅 리저브 까베르네 소비뇽",14,http://img.wine21.com/WINE_MST/TITLE/0139000/W0139762.jpg?732989,와인
"산타 로라, 로라 하트윅 리저브 메를로",14,http://img.wine21.com/WINE_MST/TITLE/0139000/W0139766.jpg?537409,와인
"산타 로라, 로라 하트윅 리저브 샤도네",14,http://img.wine21.com/WINE_MST/TITLE/0139000/W0139764.jpg?850075,와인
"산타 마게리타, 라모레 디 라모레 라모로",14,http://img.wine21.com/WINE_MST/TITLE/0146000/W0146608.jpg?945234,와인
"산타 마게리타, 라모레 디 라모레 키안티 클라시코",9,http://img.wine21.com/WINE_MST/TITLE/0146000/W0146607.jpg?350389,와인
"산타 마게리타, 리파소",14.5,http://img.wine21.com/WINE_MST/TITLE/0164000/W0164975.jpg?360367,와인
"산타 마게리타, 발다디게 피노 그리지오",12,http://img.wine21.com/WINE_MST/TITLE/0146000/W0146605.jpg?255153,와인
"산타 마게리타, 빌라 비스타렌니 키안티 브이",13,http://img.wine21.com/WINE_MST/TITLE/0146000/W0146601.jpg?207710,와인
"산타 마게리타, 에스테이트 셀렉션 산지오베제",13,http://img.wine21.com/WINE_MST/TITLE/0146000/W0146603.jpg?570419,와인
"산타 마게리타, 에스테이트 셀렉션 샤르도네",9,http://img.wine21.com/WINE_MST/TITLE/0146000/W0146602.jpg?558738,와인
"산타 마게리타, 에스테이트 셀렉션 쉬라즈",14,http://img.wine21.com/WINE_MST/TITLE/0146000/W0146604.jpg?151410,와인
"산타 마게리타, 키안티 클라시코",9,http://img.wine21.com/WINE_MST/TITLE/0146000/W0146606.jpg?368946,와인
"산타 마게리타, 토레셀라 까베르네 소비뇽",8.5,http://img.wine21.com/WINE_MST/TITLE/0146000/W0146600.jpg?645344,와인
"산타 마게리타, 토레셀라 샤르도네",12,http://img.wine21.com/WINE_MST/TITLE/0146000/W0146599.jpg?154666,와인
산타 아나 소비뇽 블랑,13,http://img.wine21.com/WINE_MST/TITLE/0150000/W0150019.jpg?551109,와인
"산타 아나, 까베르네 쇼비뇽 리저브",9.5,http://img.wine21.com/WINE_MST/TITLE/0150000/W0150024.jpg?064378,와인
"산타 아나, 말벡 리저브",9,http://img.wine21.com/WINE_MST/TITLE/0150000/W0150015.jpg?629712,와인
"산타 아나, 메를로",9,http://img.wine21.com/WINE_MST/TITLE/0150000/W0150016.jpg?209333,와인
"산타 아나, 샤도네",13,http://img.wine21.com/WINE_MST/TITLE/0150000/W0150017.jpg?619354,와인
"산타 아나, 쉬라즈",9,http://img.wine21.com/WINE_MST/TITLE/0150000/W0150020.jpg?131839,와인
"산타 아나, 쉬라즈 리저브",14,http://img.wine21.com/WINE_MST/TITLE/0150000/W0150022.jpg?483751,와인
"산타 아나, 에코 까베르네 쇼비뇽",13,http://img.wine21.com/WINE_MST/TITLE/0150000/W0150027.jpg?497062,와인
"산타 아나, 에코 말벡",14,http://img.wine21.com/WINE_MST/TITLE/0150000/W0150025.jpg?504374,와인
"산타 아나, 에코 토론테스",9,http://img.wine21.com/WINE_MST/TITLE/0150000/W0150028.jpg?039442,와인
"산타 아나, 오마주 말벡",14,http://img.wine21.com/WINE_MST/TITLE/0151000/W0151177.jpg?683964,와인
"산타 아나, 유나미에",14,http://img.wine21.com/WINE_MST/TITLE/0150000/W0150030.jpg?893256,와인
"산타 아나스타시아, 꼰템포 네로 다볼라",14,http://img.wine21.com/WINE_MST/TITLE/0139000/W0139759.jpg?114779,와인
"산타 아나스타시아, 로쏘 디 파쏘마찌오",13,http://img.wine21.com/WINE_MST/TITLE/0139000/W0139761.jpg?069317,와인
"산타 아나스타시아, 베깡떼 비앙코",14,http://img.wine21.com/WINE_MST/TITLE/0139000/W0139757.jpg?202296,와인
"산타 아나스타시아, 비앙꼬 디 파쏘마찌오",9,http://img.wine21.com/WINE_MST/TITLE/0139000/W0139758.jpg?745131,와인
"산타 아나스타시아, 인졸리아 비앙꼬",13,http://img.wine21.com/no_image1.jpg?561616,와인
"산타 안드레아, 까베르네 소비뇽",13.5,http://img.wine21.com/WINE_MST/TITLE/0141000/W0141868.jpg?704628,와인
"산타 에마, 그랑 리제르바 까베르네 소비뇽",13.5,http://img.wine21.com/WINE_MST/TITLE/0166000/W0166974.jpg?359833,와인
"산타 에마, 그랑 리제르바 멜롯",13.5,http://img.wine21.com/WINE_MST/TITLE/0166000/W0166973.jpg?749429,와인
"산타 에마, 리제르바 멜롯",13.5,http://img.wine21.com/WINE_MST/TITLE/0150000/W0150269.jpg?615750,와인
"산타 에마, 셀렉트 떼루아 까베르네 쇼비뇽",9,http://img.wine21.com/WINE_MST/TITLE/0156000/W0156044.jpg?799341,와인
"산타 에마, 셀렉트 떼루아 리제르바 까르미네르",13.5,http://img.wine21.com/WINE_MST/TITLE/0166000/W0166971.jpg?853235,와인
"산타 에마, 셀렉트 떼루아 리제르바 까베르네 소비뇽",13.5,http://img.wine21.com/WINE_MST/TITLE/0166000/W0166972.jpg?400075,와인
"산타 에마, 셀렉트 떼루아 리제르바 샤도네이",12.5,http://img.wine21.com/WINE_MST/TITLE/0166000/W0166970.jpg?443949,와인
"산타 에마, 셀렉트 떼루아 샤도네이",12.5,http://img.wine21.com/WINE_MST/TITLE/0150000/W0150265.jpg?959252,와인
"산타 에마, 엠플러스 까르미네르",14.5,http://img.wine21.com/WINE_MST/TITLE/0166000/W0166975.jpg?439632,와인
"산타 에마, 카탈리나",14,http://img.wine21.com/WINE_MST/TITLE/0150000/W0150264.jpg?236329,와인
"산타 이네스, 셀렉션 까르미네르",9.5,http://img.wine21.com/WINE_MST/TITLE/0163000/W0163191.jpg?824351,와인
"산타 이네스, 셀렉션 까베르네 쇼비뇽",14.5,http://img.wine21.com/WINE_MST/TITLE/0163000/W0163190.jpg?428334,와인
"산타 이네스, 셀렉션 샤도네이",13.5,http://img.wine21.com/WINE_MST/TITLE/0163000/W0163189.jpg?559120,와인
"산타 이네스, 셀렉션 시라",14.5,http://img.wine21.com/WINE_MST/TITLE/0163000/W0163192.jpg?421312,와인
"산타 이사벨,  말벡",14,http://img.wine21.com/WINE_MST/TITLE/0146000/W0146898.jpg?226874,와인
"산타 이사벨, 까베르네 쇼비뇽",14,http://img.wine21.com/WINE_MST/TITLE/0146000/W0146899.jpg?821273,와인
산타 줄리아 까베르네 소비뇽,9,http://img.wine21.com/WINE_MST/TITLE/0147000/W0147555.jpg?255744,와인
산타 줄리아 말벡,13,http://img.wine21.com/WINE_MST/TITLE/0147000/W0147556.jpg?965033,와인
"산타 줄리아, 리져브 까베르네 소비뇽",14,http://img.wine21.com/WINE_MST/TITLE/0147000/W0147846.jpg?569101,와인
"산타 줄리아, 리져브 샤르도네",9,http://img.wine21.com/WINE_MST/TITLE/0147000/W0147878.jpg?396389,와인
"산타 줄리아, 마그나",14,http://img.wine21.com/WINE_MST/TITLE/0147000/W0147863.jpg?095040,와인
"산타 줄리아, 샤르도네",13,http://img.wine21.com/WINE_MST/TITLE/0147000/W0147877.jpg?777892,와인
"산타 캐롤리나, 까르메네르 리제르바",9.5,http://img.wine21.com/WINE_MST/TITLE/0142000/W0142814.jpg?278467,와인
"산타 캐롤리나, 리제르바 드 파밀리아 샤도네",13.5,http://img.wine21.com/WINE_MST/TITLE/0142000/W0142820.jpg?316448,와인
"산타 캐롤리나, 바리카 셀렉션 까버르네 소비뇽",9.5,http://img.wine21.com/WINE_MST/TITLE/0142000/W0142811.jpg?653446,와인
"산타 헬레나, 100+ 빠라스 비에야스 ",14.5,http://img.wine21.com/WINE_MST/TITLE/0151000/W0151652.jpg?116736,와인
"산타 헬레나, 그란 레세르바 까르메네르",14.5,http://img.wine21.com/WINE_MST/TITLE/0152000/W0152010.jpg?103050,와인
"산타 헬레나, 노타스 데 구아르다 까르메네르",9.5,http://img.wine21.com/WINE_MST/TITLE/0145000/W0145317.jpg?595659,와인
"산타 헬레나, 돈",9.5,http://img.wine21.com/WINE_MST/TITLE/0145000/W0145319.jpg?706223,와인
"산타 헬레나, 레세르바 까르메네르",14,http://img.wine21.com/WINE_MST/TITLE/0144000/W0144919.jpg?627787,와인
"산타 헬레나, 리제르바 샤르도네",9,http://img.wine21.com/WINE_MST/TITLE/0144000/W0144918.jpg?715828,와인
"산타 헬레나, 베르누스 소비뇽 블랑",8.5,http://img.wine21.com/WINE_MST/TITLE/0154000/W0154642.jpg?616796,와인
"산타 헬레나, 베르누스 시라",15,http://img.wine21.com/WINE_MST/TITLE/0150000/W0150957.jpg?815670,와인
"산타 헬레나, 시글로 데 오로 까르메네르",9.5,http://img.wine21.com/WINE_MST/TITLE/0144000/W0144912.jpg?210189,와인
"산타 헬레나, 시글로 데 오로 샤도네",13,http://img.wine21.com/WINE_MST/TITLE/0145000/W0145321.jpg?150630,와인
"산타에마 까베르네 쇼비뇽, 마이포밸리",9,http://img.wine21.com/WINE_MST/TITLE/0160000/W0160965.jpg?385839,와인
"산타이네스, 이",14.5,http://img.wine21.com/WINE_MST/TITLE/0147000/W0147081.jpg?616873,와인
산탈바 오가닉 내추럴 비건,9.5,http://img.wine21.com/WINE_MST/TITLE/0166000/W0166004.png?801572,와인
산테로 모스카토 스푸만테,5.5,http://img.wine21.com/WINE_MST/TITLE/0150000/W0150991.jpg?706748,와인
산테로 모스카토 크리스마스,5.5,http://img.wine21.com/no_image1.jpg?336622,와인
"산테로, 모스카토 풀리아",5,http://img.wine21.com/WINE_MST/TITLE/0147000/W0147423.jpg?639452,와인
"산테로, 아스티 스푸만떼 카브드",6,http://img.wine21.com/WINE_MST/TITLE/0140000/W0140167.jpg?630247,와인
"산테로, 첼린지 브뤼",11,http://img.wine21.com/WINE_MST/TITLE/0147000/W0147350.jpg?396450,와인
"산테로, 테스코 모스카토 스푸만테",5.5,http://img.wine21.com/WINE_MST/TITLE/0146000/W0146681.jpg?211066,와인
"산테로, 트루아젤 모스카토",5,http://img.wine21.com/WINE_MST/TITLE/0159000/W0159050.jpg?118761,와인
"산테로, 피노 샤르도네 스푸만테",8,http://img.wine21.com/WINE_MST/TITLE/0146000/W0146865.jpg?596894,와인
살랑케스,14.5,http://img.wine21.com/WINE_MST/TITLE/0161000/W0161411.jpg?921854,와인
"살렌타인, 까베르네 소비뇽 리저브",9.5,http://img.wine21.com/WINE_MST/TITLE/0148000/W0148444.jpg?526576,와인
"살렌타인, 누미나 스피릿 빈야드",15,http://img.wine21.com/WINE_MST/TITLE/0148000/W0148447.jpg?874142,와인
"살렌타인, 프리머스 피노 누아",10,http://img.wine21.com/WINE_MST/TITLE/0142000/W0142098.jpg?927944,와인
"살케토, 끼안띠 콜리 세네시",8.5,http://img.wine21.com/WINE_MST/TITLE/0139000/W0139749.jpg?454478,와인
"살케토, 로쏘 디 몬테풀치아노",13,http://img.wine21.com/WINE_MST/TITLE/0139000/W0139750.jpg?797544,와인
"살케토, 비노 노빌레 디 몬테풀치아노",13.5,http://img.wine21.com/WINE_MST/TITLE/0139000/W0139752.jpg?830822,와인
"살토리, 마라니 ",9,http://img.wine21.com/WINE_MST/TITLE/0151000/W0151104.jpg?762228,와인
"살토리, 발폴리첼라 수페리올레 리파소",9,http://img.wine21.com/WINE_MST/TITLE/0151000/W0151105.jpg?383366,와인
"살토리, 발폴리첼라 수페리올레 이살타리",15,http://img.wine21.com/WINE_MST/TITLE/0151000/W0151103.jpg?980982,와인
"살토리, 소아베",8,http://img.wine21.com/WINE_MST/TITLE/0151000/W0151106.jpg?275399,와인
"살토리, 아마로네 코르테 브라",15,http://img.wine21.com/WINE_MST/TITLE/0151000/W0151102.jpg?992717,와인
상떼마루 사과 드라이 와인,12,http://img.wine21.com/WINE_MST/TITLE/0151000/W0151787.jpg?288120,와인
상떼마루 사과 아이스 와인,12,http://img.wine21.com/WINE_MST/TITLE/0151000/W0151786.jpg?006351,와인
상세르 무시에르,13,http://img.wine21.com/WINE_MST/TITLE/0141000/W0141256.jpg?292315,와인
상세르 블랑 N7,12.5,http://img.wine21.com/WINE_MST/TITLE/0163000/W0163198.jpg?362979,와인
샌느 뒤까리,14.5,http://img.wine21.com/WINE_MST/TITLE/0165000/W0165588.jpg?477929,와인
"샌달포드, 이스테이트 리져브 카버네 소비뇽",10,http://img.wine21.com/WINE_MST/TITLE/0146000/W0146139.jpg?125809,와인
샌포드 샤르도네,8,http://img.wine21.com/WINE_MST/TITLE/0159000/W0159062.jpg?432162,와인
샐먼 크릭 소비뇽 블랑,8.5,http://img.wine21.com/WINE_MST/TITLE/0154000/W0154572.jpg?691894,와인
샐먼 크릭 스파클링 브뤼,12,http://img.wine21.com/WINE_MST/TITLE/0151000/W0151889.jpg?617465,와인
생 수페리 메를로,8.5,http://img.wine21.com/WINE_MST/TITLE/0140000/140376.jpg?614933,와인
생 수페리 모스카토,7.5,http://img.wine21.com/WINE_MST/TITLE/0140000/W0140374.jpg?615123,와인
생 수페리 엘루,8.5,http://img.wine21.com/WINE_MST/TITLE/0140000/W0140373.jpg?627671,와인
"생 수페리, 까베르네 쇼비뇽",11,http://img.wine21.com/WINE_MST/TITLE/0140000/W0140375.jpg?078342,와인
샤 뒤 미_,12.5,http://img.wine21.com/WINE_MST/TITLE/0141000/W0141873.jpg?378582,와인
"샤논 릿지, 하이 엘레베이션 샤도네이",13.5,http://img.wine21.com/WINE_MST/TITLE/0164000/W0164565.jpg?451241,와인
"샤떠 드 라 튜일레리, 시라 비에이 뷔느",9,http://img.wine21.com/WINE_MST/TITLE/0152000/W0152561.jpg?146872,와인
샤뗑 마르떼,8.5,http://img.wine21.com/WINE_MST/TITLE/0161000/W0161663.jpg?564016,와인
샤또 귀티난,13,http://img.wine21.com/WINE_MST/TITLE/0149000/W0149387.jpg?152904,와인
샤또 그랑 꼬르방 데스파뉴,8.5,http://img.wine21.com/WINE_MST/TITLE/0140000/W0140266.jpg?532665,와인
샤또 그랑 몽떼,8.5,http://img.wine21.com/WINE_MST/TITLE/0146000/W0146278.jpg?632157,와인
샤또 그랑 빌라쥐,9,http://img.wine21.com/WINE_MST/TITLE/0148000/W0148090.jpg?840040,와인
샤또 그랑 페랑,13.5,http://img.wine21.com/WINE_MST/TITLE/0165000/W0165311.jpg?029561,와인
샤또 그랑 페랑 테르 아무레즈,13.5,http://img.wine21.com/WINE_MST/TITLE/0165000/W0165310.jpg?996357,와인
샤또 그랑 히발롱,13.5,http://img.wine21.com/WINE_MST/TITLE/0165000/W0165681.jpg?040563,와인
샤또 그리비에르,13,http://img.wine21.com/WINE_MST/TITLE/0150000/W0150285.jpg?801484,와인
샤또 까스까데,13.5,http://img.wine21.com/WINE_MST/TITLE/0163000/W0163195.jpg?577426,와인
샤또 깔롱,13,http://img.wine21.com/WINE_MST/TITLE/0147000/W0147941.jpg?050971,와인
샤또 깡떼랑,12,http://img.wine21.com/WINE_MST/TITLE/0141000/W0141953.jpg?364207,와인
샤또 깡뜨냑,13,http://img.wine21.com/WINE_MST/TITLE/0149000/W0149873.jpg?901329,와인
샤또 꼬스 데스뚜르넬 블랑,13.5,http://img.wine21.com/WINE_MST/TITLE/0149000/W0149864.jpg?581468,와인
샤또 끌로뜨 폰나네,9,http://img.wine21.com/WINE_MST/TITLE/0149000/W0149977.jpg?852494,와인
샤또 다르삭 ,12,http://img.wine21.com/WINE_MST/TITLE/0150000/W0150288.jpg?523370,와인
샤또 다르쌩,13,http://img.wine21.com/WINE_MST/TITLE/0142000/W0142233.jpg?524244,와인
샤또 담 잔 보르도 수페리오레,12,http://img.wine21.com/WINE_MST/TITLE/0146000/W0146001.jpg?290574,와인
샤또 데 로헵,14,http://img.wine21.com/WINE_MST/TITLE/0149000/W0149293.jpg?170945,와인
샤또 데귈,14,http://img.wine21.com/WINE_MST/TITLE/0149000/W0149726.jpg?724550,와인
샤또 데레즐라 아스주 3 푸토뇨즈,14,http://img.wine21.com/WINE_MST/TITLE/0146000/W0146354.jpg?647473,와인
샤또 데레즐라 아스주 5 푸토뇨즈,14,http://img.wine21.com/WINE_MST/TITLE/0146000/W0146355.jpg?787489,와인
"샤또 데레즐라, 푸르민트 세미 드라이",12.5,http://img.wine21.com/WINE_MST/TITLE/0166000/W0166956.jpg?924398,와인
샤또 데스클랑,9,http://img.wine21.com/WINE_MST/TITLE/0153000/W0153507.jpg?136892,와인
"샤또 데스클랑, 데쓰 디안",13.5,http://img.wine21.com/WINE_MST/TITLE/0153000/W0153922.jpg?195931,와인
"샤또 데스클랑, 라 뿔 블랑쉬",11.5,http://img.wine21.com/WINE_MST/TITLE/0153000/W0153920.jpg?031428,와인
"샤또 데스클랑, 레 클랑",13.5,http://img.wine21.com/WINE_MST/TITLE/0153000/W0153506.jpg?776056,와인
샤또 데스클로,13.5,http://img.wine21.com/WINE_MST/TITLE/0150000/W0150854.jpg?129606,와인
샤또 뒤 부루이 ,8.5,http://img.wine21.com/WINE_MST/TITLE/0151000/W0151715.jpg?313057,와인
샤또 뒤플레시스,8.5,http://img.wine21.com/WINE_MST/TITLE/0141000/W0141135.jpg?359730,와인
샤또 듀락 메독,8.5,http://img.wine21.com/WINE_MST/TITLE/0145000/W0145521.jpg?467386,와인
샤또 드 고엘란,8.5,http://img.wine21.com/WINE_MST/TITLE/0147000/W0147859.jpg?584765,와인
"샤또 드 깔비에르, 말리뇨",13,http://img.wine21.com/WINE_MST/TITLE/0150000/W0150510.jpg?839117,와인
"샤또 드 깔비에르, 에스피리투 산토 ",9.5,http://img.wine21.com/WINE_MST/TITLE/0150000/W0150509.jpg?365454,와인
"샤또 드 라 튜일레리, 사르망 루즈",9,http://img.wine21.com/WINE_MST/TITLE/0152000/W0152558.jpg?437608,와인
"샤또 드 라 튜일레리, 알마 쏘홀 메를로",14,http://img.wine21.com/WINE_MST/TITLE/0152000/W0152562.jpg?707784,와인
샤또 드 레인 비뇨,9,http://img.wine21.com/WINE_MST/TITLE/0140000/W0140262.jpg?042896,와인
샤또 드 로쉐,13.5,http://img.wine21.com/WINE_MST/TITLE/0166000/W0166580.jpg?349467,와인
"샤또 드 루, 무스캇 드 리브잘트",15.5,http://img.wine21.com/WINE_MST/TITLE/0162000/W0162674.jpg?821707,와인
샤또 드 마에레,13,http://img.wine21.com/WINE_MST/TITLE/0145000/W0145274.jpg?974148,와인
샤또 드 말리니 샤블리,8.5,http://img.wine21.com/WINE_MST/TITLE/0141000/W0141128.jpg?501827,와인
샤또 드 말리니 샤블리 프르미에 크뤼,8.5,http://img.wine21.com/WINE_MST/TITLE/0141000/W0141130.jpg?108412,와인
샤또 드 벨 에르,13,http://img.wine21.com/WINE_MST/TITLE/0146000/W0146276.jpg?585741,와인
샤또 드 보드위 샤또네프 뒤 빠쁘 블랑  ,13.5,http://img.wine21.com/WINE_MST/TITLE/0153000/W0153888.jpg?519026,와인
"샤또 드 보드위, 샤또네프 뒤 빠쁘 루즈",15.5,http://img.wine21.com/WINE_MST/TITLE/0147000/W0147088.jpg?499170,와인
샤또 드 부스케,13,http://img.wine21.com/WINE_MST/TITLE/0146000/W0146807.jpg?656193,와인
"샤또 드 블리니, 그랑 리저브 브뤼 RM",12.5,http://img.wine21.com/WINE_MST/TITLE/0166000/W0166967.jpg?881891,와인
"샤또 드 블리니, 블랑 드 블랑 브뤼 RM",12.5,http://img.wine21.com/WINE_MST/TITLE/0166000/W0166968.jpg?503479,와인
샤또 드 뿌또,8.5,http://img.wine21.com/WINE_MST/TITLE/0147000/W0147264.jpg?753825,와인
샤또 드 샤또네프,14.5,http://img.wine21.com/WINE_MST/TITLE/0162000/W0162287.jpg?803576,와인
샤또 드 샤미레 메르뀌레 레드,13.5,http://img.wine21.com/WINE_MST/TITLE/0152000/152578.jpg?331639,와인
"샤또 드 샤미레, 메르뀌레 화이트",13,http://img.wine21.com/WINE_MST/TITLE/0148000/W0148506.jpg?992957,와인
샤또 드 카프,13.5,http://img.wine21.com/WINE_MST/TITLE/0166000/W0166295.jpg?026154,와인
샤또 드 프랑,14,http://img.wine21.com/WINE_MST/TITLE/0145000/W0145535.jpg?621149,와인
샤또 따이유페르,14,http://img.wine21.com/no_image1.jpg?645824,와인
샤또 떼르 데 그량쥬 메독,8.5,http://img.wine21.com/WINE_MST/TITLE/0141000/W0141745.jpg?380207,와인
"샤또 뚜르 데 장드르, 안솔로지아",13,http://img.wine21.com/WINE_MST/TITLE/0159000/W0159882.jpg?440020,와인
샤또 뚜르 피블랑케,13.5,http://img.wine21.com/WINE_MST/TITLE/0147000/W0147015.jpg?179277,와인
샤또 라 고레,13,http://img.wine21.com/WINE_MST/TITLE/0147000/W0147840.jpg?762581,와인
샤또 라 까르돈느,13,http://img.wine21.com/WINE_MST/TITLE/0140000/W0140756.jpg?982973,와인
"샤또 라 로마린, 드마젤",9,http://img.wine21.com/WINE_MST/TITLE/0149000/W0149576.jpg?173058,와인
샤또 라 로즈 몽비엘,13.5,http://img.wine21.com/WINE_MST/TITLE/0167000/W0167779.png?367355,와인
샤또 라 바르드,13,http://img.wine21.com/WINE_MST/TITLE/0144000/W0144804.jpg?424743,와인
샤또 라 바스띠드,13,http://img.wine21.com/WINE_MST/TITLE/0141000/W0141139.jpg?838126,와인
샤또 라 세르,12,http://img.wine21.com/WINE_MST/TITLE/0149000/W0149871.jpg?867105,와인
샤또 라 크로아 드 보르소,12.5,http://img.wine21.com/no_image1.jpg?413933,와인
샤또 라 크로아 드 뻬즈,8.5,http://img.wine21.com/WINE_MST/TITLE/0139000/W0139777.jpg?063286,와인
샤또 라 크로와 쌩떼스테프,8.5,http://img.wine21.com/WINE_MST/TITLE/0153000/W0153029.jpg?435538,와인
샤또 라 크로와 아르노,8.5,http://img.wine21.com/WINE_MST/TITLE/0149000/W0149581.jpg?797743,와인
샤또 라 크루와 마고또,14,http://img.wine21.com/WINE_MST/TITLE/0142000/W0142001.jpg?102678,와인
샤또 라 플레그,14,http://img.wine21.com/WINE_MST/TITLE/0147000/W0147946.jpg?794301,와인
샤또 라 플뢰르 쇼뱅,13,http://img.wine21.com/WINE_MST/TITLE/0148000/W0148285.jpg?982841,와인
샤또 라 피고떼 떼르 퓨,12.5,http://img.wine21.com/no_image1.jpg?934019,와인
샤또 라가로스,9,http://img.wine21.com/WINE_MST/TITLE/0146000/W0146272.jpg?252660,와인
샤또 라그랑쥬 몽바동,14.5,http://img.wine21.com/WINE_MST/TITLE/0166000/W0166582.jpg?287777,와인
샤또 라로즈 트랑토돈,13,http://img.wine21.com/WINE_MST/TITLE/0142000/W0142754.jpg?764457,와인
샤또 라로케,12,http://img.wine21.com/WINE_MST/TITLE/0149000/W0149978.jpg?198271,와인
샤또 라마체 루떼,13,http://img.wine21.com/WINE_MST/TITLE/0149000/W0149869.jpg?694914,와인
샤또 라마포르,8.5,http://img.wine21.com/WINE_MST/TITLE/0140000/W0140757.jpg?591876,와인
샤또 라모스 루즈,12,http://img.wine21.com/WINE_MST/TITLE/0141000/W0141984.jpg?042016,와인
샤또 라모스 블랑,12,http://img.wine21.com/WINE_MST/TITLE/0141000/W0141983.jpg?903286,와인
"샤또 라바브르, 라 끌로즈리 블랑",9,http://img.wine21.com/WINE_MST/TITLE/0166000/W0166172.jpg?681601,와인
"샤또 라바브르, 레 드무아젤 드 라바브르",14,http://img.wine21.com/WINE_MST/TITLE/0166000/W0166173.jpg?594115,와인
"샤또 라바브르, 샤또 라바브르",15,http://img.wine21.com/WINE_MST/TITLE/0166000/W0166174.jpg?013729,와인
샤또 라크로아드 마부제,12,http://img.wine21.com/WINE_MST/TITLE/0146000/W0146910.jpg?952441,와인
"샤또 레 그라브 드 비오드, 뀌베 프레스티지",13.5,http://img.wine21.com/WINE_MST/TITLE/0155000/W0155238.jpg?818609,와인
샤또 레 마우랭 ,8.5,http://img.wine21.com/WINE_MST/TITLE/0149000/W0149915.jpg?162122,와인
샤또 레 뷰 레스니어,8.5,http://img.wine21.com/WINE_MST/TITLE/0141000/W0141912.jpg?218657,와인
샤또 레 샤팡 드 가이유,13.5,http://img.wine21.com/WINE_MST/TITLE/0154000/154439.jpg?596148,와인
샤또 레 세사르뜨,12,http://img.wine21.com/WINE_MST/TITLE/0141000/W0141946.jpg?948430,와인
샤또 레 콤브,13.5,http://img.wine21.com/WINE_MST/TITLE/0166000/W0166296.jpg?490900,와인
샤또 로세 벨뷰 피작,8.5,http://img.wine21.com/WINE_MST/TITLE/0141000/W0141944.jpg?442897,와인
샤또 로스 볼도스 비에이 비뉴 까베르네 쇼비뇽,9,http://img.wine21.com/WINE_MST/TITLE/0141000/W0141986.jpg?587475,와인
"샤또 로스 볼도스, 60 마이 제너레이션 ",14,http://img.wine21.com/WINE_MST/TITLE/0151000/W0151343.jpg?612483,와인
"샤또 로스 볼도스, 70 마이 제너레이션",9,http://img.wine21.com/WINE_MST/TITLE/0151000/W0151344.jpg?802126,와인
"샤또 로스 볼도스, 80 마이 제너레이션 ",9.5,http://img.wine21.com/WINE_MST/TITLE/0151000/W0151345.jpg?373389,와인
"샤또 로스 볼도스, 90 마이 제너레이션 ",14,http://img.wine21.com/WINE_MST/TITLE/0151000/W0151346.jpg?173510,와인
"샤또 로스 볼도스, 그랑 크뤼",14,http://img.wine21.com/WINE_MST/TITLE/0141000/W0141989.jpg?284710,와인
"샤또 로스 볼도스, 모멘토스 까베르네 쇼비뇽",8,http://img.wine21.com/WINE_MST/TITLE/0149000/W0149353.jpg?870433,와인
"샤또 로스 볼도스, 모멘토스 메를로",14,http://img.wine21.com/WINE_MST/TITLE/0149000/W0149352.jpg?546792,와인
"샤또 로스 볼도스, 모멘토스 샤도네이",10,http://img.wine21.com/WINE_MST/TITLE/0149000/W0149354.jpg?409200,와인
"샤또 로스 볼도스, 비에이 비뉴 메를로",13,http://img.wine21.com/WINE_MST/TITLE/0141000/W0141990.jpg?916390,와인
"샤또 로스 볼도스, 비에이 비뉴 샤르도네",13,http://img.wine21.com/WINE_MST/TITLE/0141000/W0141988.jpg?588299,와인
"샤또 로스 볼도스, 비에이 비뉴 소비뇽 블랑",13,http://img.wine21.com/WINE_MST/TITLE/0141000/W0141992.jpg?776016,와인
"샤또 로스 볼도스, 센세이션 까베르네 쇼비뇽",9.5,http://img.wine21.com/WINE_MST/TITLE/0149000/W0149345.jpg?451019,와인
"샤또 로스 볼도스, 센세이션 메를로",8.5,http://img.wine21.com/WINE_MST/TITLE/0149000/W0149351.jpg?532267,와인
"샤또 로스 볼도스, 트레디션 까르미네르",8.5,http://img.wine21.com/WINE_MST/TITLE/0149000/W0149347.jpg?608036,와인
"샤또 로스 볼도스, 트레디션 까베르네쇼비뇽",9,http://img.wine21.com/WINE_MST/TITLE/0149000/W0149348.jpg?893460,와인
"샤또 로스 볼도스, 트레디션 메를로",8.5,http://img.wine21.com/WINE_MST/TITLE/0149000/W0149346.jpg?811033,와인
"샤또 로스 볼도스, 트레디션 샤도네이",13,http://img.wine21.com/WINE_MST/TITLE/0149000/W0149349.jpg?269593,와인
"샤또 로스 볼도스, 트레디션 소비뇽 블랑",8.5,http://img.wine21.com/WINE_MST/TITLE/0149000/W0149350.jpg?869518,와인
샤또 로장 세글라,12.5,http://img.wine21.com/WINE_MST/TITLE/0145000/W0145346.jpg?615644,와인
샤또 롬포르,13,http://img.wine21.com/WINE_MST/TITLE/0150000/W0150286.jpg?741800,와인
샤또 루지예,8.5,http://img.wine21.com/WINE_MST/TITLE/0151000/W0151746.jpg?378276,와인
샤또 르 뷰 셴느,9,http://img.wine21.com/WINE_MST/TITLE/0161000/W0161665.jpg?801892,와인
샤또 르 코인,14.5,http://img.wine21.com/WINE_MST/TITLE/0160000/W0160912.jpg?618618,와인
"샤또 르 코인, 소비뇽 그리",12.5,http://img.wine21.com/WINE_MST/TITLE/0166000/W0166645.jpg?353194,와인
샤또 르 포즈,9,http://img.wine21.com/WINE_MST/TITLE/0166000/W0166866.jpg?195348,와인
샤또 르 프리에르,9,http://img.wine21.com/WINE_MST/TITLE/0140000/W0140904.jpg?497556,와인
샤또 르 헤이샥 로제,7,http://img.wine21.com/no_image1.jpg?729558,와인
샤또 르물리,14.5,http://img.wine21.com/WINE_MST/TITLE/0161000/W0161150.jpg?701380,와인
샤또 리베르산,8.5,http://img.wine21.com/WINE_MST/TITLE/0141000/W0141503.jpg?019381,와인
샤또 리베르상,13.5,http://img.wine21.com/WINE_MST/TITLE/0141000/W0141874.jpg?958262,와인
샤또 리오나,8.5,http://img.wine21.com/WINE_MST/TITLE/0140000/W0140708.jpg?391917,와인
샤또 리우 드 로르모,12,http://img.wine21.com/WINE_MST/TITLE/0141000/W0141910.jpg?061355,와인
샤또 리위장,13.5,http://img.wine21.com/WINE_MST/TITLE/0142000/W0142177.png?764430,와인
샤또 마르삭 세귀뇨,8.5,http://img.wine21.com/WINE_MST/TITLE/0146000/W0146912.jpg?785686,와인
샤또 마조쓰,13,http://img.wine21.com/WINE_MST/TITLE/0149000/W0149624.jpg?049875,와인
샤또 말메죵,14,http://img.wine21.com/WINE_MST/TITLE/0149000/W0149295.jpg?240178,와인
샤또 메우메,12,http://img.wine21.com/WINE_MST/TITLE/0146000/W0146883.jpg?412493,와인
샤또 몽그랑 밀론,13,http://img.wine21.com/WINE_MST/TITLE/0139000/W0139700.jpg?958353,와인
샤또 몽바지악,13,http://img.wine21.com/WINE_MST/TITLE/0140000/W0140379.jpg?087443,와인
샤또 몽투스,9.5,http://img.wine21.com/WINE_MST/TITLE/0143000/W0143472.jpg?421880,와인
"샤또 몽투스, 빠쉐렌 _ 몽투스",13,http://img.wine21.com/WINE_MST/TITLE/0151000/W0151255.jpg?146384,와인
샤또 몽페라 화이트,12.5,http://img.wine21.com/WINE_MST/TITLE/0147000/W0147665.jpg?042607,와인
샤또 물랑 라 그라비에르,12.5,http://img.wine21.com/WINE_MST/TITLE/0145000/W0145348.jpg?203430,와인
샤또 물랭 뒤 부르,9,http://img.wine21.com/WINE_MST/TITLE/0147000/W0147167.jpg?615276,와인
샤또 미쉘 드 몽타뉴,8.5,http://img.wine21.com/WINE_MST/TITLE/0148000/W0148890.jpg?069937,와인
샤또 미쉘 드 몽타뉴 화이트,8.5,http://img.wine21.com/WINE_MST/TITLE/0148000/W0148904.jpg?913748,와인
샤또 바라드,14.5,http://img.wine21.com/WINE_MST/TITLE/0167000/W0167737.png?304774,와인
샤또 바라일,13,http://img.wine21.com/WINE_MST/TITLE/0148000/W0148574.jpg?251019,와인
샤또 바렛 블랑,13,http://img.wine21.com/WINE_MST/TITLE/0140000/W0140326.jpg?172687,와인
샤또 바롱,8.5,http://img.wine21.com/WINE_MST/TITLE/0145000/W0145272.jpg?371192,와인
샤또 바르떼즈,8.5,http://img.wine21.com/WINE_MST/TITLE/0141000/W0141949.jpg?712970,와인
샤또 발루,8.5,http://img.wine21.com/WINE_MST/TITLE/0141000/W0141169.jpg?092736,와인
샤또 발뤼 몽동,13.5,http://img.wine21.com/WINE_MST/TITLE/0166000/W0166294.jpg?534270,와인
샤또 베가당,8.5,http://img.wine21.com/WINE_MST/TITLE/0146000/W0146884.jpg?028631,와인
샤또 베르가,13,http://img.wine21.com/WINE_MST/TITLE/0145000/W0145547.jpg?362025,와인
샤또 벨 에어,8.5,http://img.wine21.com/WINE_MST/TITLE/0162000/W0162286.jpg?295912,와인
샤또 벨레르,9,http://img.wine21.com/WINE_MST/TITLE/0161000/W0161483.jpg?202950,와인
샤또 벨뷰 뀌베 끌로 벨뷰,13,http://img.wine21.com/WINE_MST/TITLE/0150000/W0150848.jpg?853128,와인
샤또 벨에르 생-조르쥐,13,http://img.wine21.com/WINE_MST/TITLE/0151000/W0151789.jpg?875344,와인
샤또 보꿰이랑,12,http://img.wine21.com/WINE_MST/TITLE/0141000/W0141926.jpg?875674,와인
샤또 보르드누브,13.5,http://img.wine21.com/WINE_MST/TITLE/0141000/W0141871.jpg?134993,와인
샤또 보리,9.5,http://img.wine21.com/WINE_MST/TITLE/0141000/W0141116.jpg?605037,와인
샤또 보샹,13,http://img.wine21.com/WINE_MST/TITLE/0149000/W0149979.jpg?503973,와인
샤또 보솔레이 크레망 드 리무 브뤼,8.5,http://img.wine21.com/WINE_MST/TITLE/0162000/W0162284.jpg?425699,와인
"샤또 보솔레이, 블랑케트 드 리무 브뤼",8.5,http://img.wine21.com/WINE_MST/TITLE/0162000/W0162283.jpg?869842,와인
샤또 부스꼬 블랑,8.75,http://img.wine21.com/WINE_MST/TITLE/0147000/W0147470.jpg?926460,와인
샤또 브루 라갸르데뜨,9,http://img.wine21.com/WINE_MST/TITLE/0148000/W0148448.jpg?777484,와인
샤또 블레냥,8.5,http://img.wine21.com/WINE_MST/TITLE/0149000/W0149627.jpg?763530,와인
샤또 비비앙,12,http://img.wine21.com/WINE_MST/TITLE/0141000/W0141947.jpg?533525,와인
샤또 비외 데스파뉴,13,http://img.wine21.com/WINE_MST/TITLE/0150000/W0150287.jpg?236304,와인
샤또 빌라 벨 에어 레드,13,http://img.wine21.com/WINE_MST/TITLE/0139000/W0139887.jpg?482695,와인
샤또 빌라 벨 에어 블랑,8.5,http://img.wine21.com/WINE_MST/TITLE/0139000/W0139888.jpg?919141,와인
샤또 빌르누베뜨 뀌베 트라디시옹,9,http://img.wine21.com/WINE_MST/TITLE/0150000/W0150048.jpg?246481,와인
샤또 빠따슈도,13,http://img.wine21.com/WINE_MST/TITLE/0141000/W0141504.jpg?816580,와인
샤또 빠비용 피작,13,http://img.wine21.com/WINE_MST/TITLE/0153000/W0153043.jpg?388825,와인
샤또 뻬쌍쥬,13,http://img.wine21.com/WINE_MST/TITLE/0145000/W0145546.jpg?795888,와인
"샤또 뽀띠롱, 뀌베 엑셀런스",13.5,http://img.wine21.com/WINE_MST/TITLE/0167000/W0167012.png?377088,와인
"샤또 뽀띠롱, 뀌베 프리빌리지",13.5,http://img.wine21.com/WINE_MST/TITLE/0167000/W0167011.png?411477,와인
"샤또 뽀띠롱, 로르 드 뽀띠롱",13.5,http://img.wine21.com/WINE_MST/TITLE/0167000/W0167010.png?134573,와인
샤또 뽈리안느,13,http://img.wine21.com/WINE_MST/TITLE/0148000/W0148295.jpg?327189,와인
샤또 뽕따르니,13,http://img.wine21.com/WINE_MST/TITLE/0139000/W0139699.jpg?745341,와인
샤또 뽕딱 랭쉬,13,http://img.wine21.com/WINE_MST/TITLE/0140000/W0140329.jpg?701587,와인
샤또 쁘띠 시꺄르,8.5,http://img.wine21.com/WINE_MST/TITLE/0162000/W0162289.jpg?465886,와인
"샤또 생진, 소노마 코스트 피노 누아",8,http://img.wine21.com/WINE_MST/TITLE/0159000/W0159425.jpg?504765,와인
샤또 샬롱,14,http://img.wine21.com/WINE_MST/TITLE/0141000/W0141389.jpg?151952,와인
샤또 세규르 드 까바냑,13,http://img.wine21.com/WINE_MST/TITLE/0146000/W0146753.jpg?411287,와인
샤또 셍 록,8.5,http://img.wine21.com/WINE_MST/TITLE/0145000/W0145197.jpg?315695,와인
샤또 셰네 뷰,9,http://img.wine21.com/WINE_MST/TITLE/0146000/W0146886.jpg?988605,와인
샤또 소베따,8.5,http://img.wine21.com/WINE_MST/TITLE/0141000/W0141948.jpg?110861,와인
"샤또 수쉐리, 꼬또 뒤 레이용 비에이 비뉴",11.5,http://img.wine21.com/WINE_MST/TITLE/0162000/W0162853.jpg?947946,와인
"샤또 수쉐리, 크레망 드 르와르 브뤼",12.5,http://img.wine21.com/WINE_MST/TITLE/0148000/W0148654.jpg?735795,와인
샤또 시오락,9,http://img.wine21.com/WINE_MST/TITLE/0140000/W0140727.jpg?811955,와인
샤또 시트랑,13.5,http://img.wine21.com/WINE_MST/TITLE/0153000/153526.jpg?705734,와인
샤또 아네이 다노쌍,8.5,http://img.wine21.com/WINE_MST/TITLE/0146000/W0146885.jpg?624245,와인
샤또 아르틱스,9,http://img.wine21.com/WINE_MST/TITLE/0150000/W0150060.jpg?780906,와인
샤또 오 따이악,8.5,http://img.wine21.com/WINE_MST/TITLE/0145000/W0145199.jpg?915029,와인
샤또 오 로와르그,12,http://img.wine21.com/WINE_MST/TITLE/0149000/W0149872.jpg?464452,와인
샤또 오 브루쏘 메독,8.5,http://img.wine21.com/WINE_MST/TITLE/0151000/W0151665.jpg?586827,와인
샤또 오뜨리브 르 오 꼬르비에르,13,http://img.wine21.com/WINE_MST/TITLE/0145000/W0145514.jpg?480041,와인
샤또 오라,9,http://img.wine21.com/WINE_MST/TITLE/0151000/W0151308.jpg?457271,와인
샤또 오셀브,13,http://img.wine21.com/WINE_MST/TITLE/0142000/W0142243.jpg?439846,와인
샤또 옴 드 페이,13,http://img.wine21.com/WINE_MST/TITLE/0144000/W0144833.jpg?409329,와인
샤또 옴 브랭,13,http://img.wine21.com/WINE_MST/TITLE/0141000/W0141159.jpg?526007,와인
샤또 욘,12,http://img.wine21.com/WINE_MST/TITLE/0139000/W0139784.jpg?269532,와인
샤또 용 피작,13,http://img.wine21.com/WINE_MST/TITLE/0153000/W0153042.jpg?510867,와인
샤또 장틸리스,15.5,http://img.wine21.com/WINE_MST/TITLE/0165000/W0165583.jpg?713299,와인
샤또 커메일 피쟉,13,http://img.wine21.com/WINE_MST/TITLE/0149000/W0149544.jpg?064733,와인
샤또 퀴노 렝클로,8.5,http://img.wine21.com/WINE_MST/TITLE/0146000/W0146596.jpg?777173,와인
샤또 타약,13,http://img.wine21.com/WINE_MST/TITLE/0150000/W0150289.jpg?630055,와인
샤또 토지네 에르미타쥐,13,http://img.wine21.com/WINE_MST/TITLE/0145000/W0145996.jpg?557185,와인
샤또 투르 라 베리테,8.5,http://img.wine21.com/WINE_MST/TITLE/0150000/W0150290.jpg?745810,와인
샤또 파랑쉐어,13,http://img.wine21.com/WINE_MST/TITLE/0140000/W0140713.jpg?854851,와인
샤또 파랑쉐어 뀌베 라파엘,12,http://img.wine21.com/WINE_MST/TITLE/0140000/W0140714.jpg?333517,와인
샤또 팔파 드 슈발리에,13,http://img.wine21.com/WINE_MST/TITLE/0151000/W0151310.jpg?998519,와인
샤또 페랑,8.5,http://img.wine21.com/no_image1.jpg?870488,와인
샤또 페랑 블랑,13,http://img.wine21.com/no_image1.jpg?559020,와인
샤또 페르모랭,8.5,http://img.wine21.com/WINE_MST/TITLE/0141000/W0141162.jpg?196511,와인
샤또 펠랑 세귀르,12.5,http://img.wine21.com/WINE_MST/TITLE/0154000/W0154795.jpg?622848,와인
샤또 폰지라스,8.5,http://img.wine21.com/WINE_MST/TITLE/0140000/W0140371.jpg?049921,와인
샤또 퐁다흐자크 블랑,12.5,http://img.wine21.com/WINE_MST/TITLE/0163000/W0163193.jpg?346821,와인
샤또 퐁따노,12,http://img.wine21.com/WINE_MST/TITLE/0149000/W0149575.jpg?704459,와인
샤또 퐁바데,13,http://img.wine21.com/WINE_MST/TITLE/0148000/W0148199.jpg?695027,와인
샤또 퐁투아제 까바루스,8.5,http://img.wine21.com/WINE_MST/TITLE/0146000/W0146059.jpg?508650,와인
샤또 퐁프와드,13,http://img.wine21.com/WINE_MST/TITLE/0148000/W0148143.jpg?798892,와인
"샤또 푸에슈오, 아르갈리 로제",13,http://img.wine21.com/WINE_MST/TITLE/0167000/W0167121.jpg?634527,와인
"샤또 푸에슈오, 아르갈리 루즈",13,http://img.wine21.com/WINE_MST/TITLE/0167000/W0167122.jpg?627932,와인
샤또 프랑끼노뜨,8.5,http://img.wine21.com/WINE_MST/TITLE/0149000/W0149629.jpg?979908,와인
샤또 프리미에 알렉시스 리신 보르도 레드,8.5,http://img.wine21.com/WINE_MST/TITLE/0149000/W0149454.jpg?510315,와인
샤또 플랑테,13,http://img.wine21.com/WINE_MST/TITLE/0150000/W0150291.jpg?302401,와인
샤또 플레 데 리고,12.5,http://img.wine21.com/no_image1.jpg?632018,와인
샤롯데 스트리트 샤도네이  ,13,http://img.wine21.com/WINE_MST/TITLE/0162000/W0162545.jpg?803412,와인
샤르쵸프 리슬링 크발리테츠바인,7.5,http://img.wine21.com/WINE_MST/TITLE/0148000/W0148507.jpg?296336,와인
"샤를 도떼일, 샹빠뉴 브뤼",12.5,http://img.wine21.com/WINE_MST/TITLE/0164000/W0164703.jpg?090197,와인
샤를 클레망 브뤼,12,http://img.wine21.com/WINE_MST/TITLE/0166000/W0166822.jpg?907828,와인
샤를르 드 까자노브 브뤼,12,http://img.wine21.com/WINE_MST/TITLE/0166000/W0166817.jpg?310118,와인
샤텔동 그랑 레세르바,9,http://img.wine21.com/WINE_MST/TITLE/0161000/W0161144.jpg?201981,와인
샤텔동 레세르바,8.5,http://img.wine21.com/WINE_MST/TITLE/0161000/W0161143.jpg?955172,와인
"샤토 생 미셸, 카누 리지 샤르도네",13.5,http://img.wine21.com/WINE_MST/TITLE/0162000/W0162292.png?239116,와인
샤트레인 몽페랑,12,http://img.wine21.com/WINE_MST/TITLE/0149000/W0149913.jpg?010004,와인
샤트레인 몽피스,12,http://img.wine21.com/WINE_MST/TITLE/0149000/W0149914.jpg?614501,와인
샤트레인 쌩 마리,12,http://img.wine21.com/WINE_MST/TITLE/0149000/W0149912.jpg?128103,와인
샤트레인 아르떼,12,http://img.wine21.com/WINE_MST/TITLE/0149000/W0149911.jpg?121679,와인
샤플렛 마운틴 뀌베,11.5,http://img.wine21.com/WINE_MST/TITLE/0147000/W0147400.jpg?643731,와인
샤플렛 메를로,11.5,http://img.wine21.com/WINE_MST/TITLE/0147000/W0147398.jpg?502573,와인
샤플렛 샤르도네,14.5,http://img.wine21.com/WINE_MST/TITLE/0147000/W0147396.jpg?306394,와인
"샬론 빈야드, 에스테이트 샤도네이",12,http://img.wine21.com/WINE_MST/TITLE/0167000/W0167140.jpg?462780,와인
샴페인 트리보 로제,8.5,http://img.wine21.com/WINE_MST/TITLE/0161000/W0161000.jpg?537524,와인
"샹 플뢰리, 부르고뉴 피노 누아",12.5,http://img.wine21.com/WINE_MST/TITLE/0167000/W0167031.jpg?038475,와인
샹벨 그랑 리저브,14,http://img.wine21.com/WINE_MST/TITLE/0164000/W0164117.png?156936,와인
샹벨 리저브,9,http://img.wine21.com/WINE_MST/TITLE/0164000/W0164118.png?287409,와인
"샹빠뉴 리에바르 르니에, 브뤼",12.5,http://img.wine21.com/WINE_MST/TITLE/0166000/W0166383.jpg?753134,와인
샹파뉴 끌로드 바롱 사파이어,12.5,http://img.wine21.com/WINE_MST/TITLE/0167000/W0167448.png?269397,와인
샹파뉴 끌로드 바롱 페를르 로제,12.5,http://img.wine21.com/WINE_MST/TITLE/0167000/W0167449.png?638741,와인
"샹파뉴 델라모뜨, 브뤼",12,http://img.wine21.com/WINE_MST/TITLE/0154000/W0154236.jpg?157721,와인
샹파뉴 루이 뒤몽,12.5,http://img.wine21.com/WINE_MST/TITLE/0167000/W0167445.png?913050,와인
"세나토이오, 로쏘  피오렌티노",14,http://img.wine21.com/WINE_MST/TITLE/0147000/W0147983.jpg?317934,와인
"세나토이오, 세나토이오 키안티 클라시코 오로",9,http://img.wine21.com/WINE_MST/TITLE/0147000/W0147980.jpg?323708,와인
"세나토이오, 알레씨 인노미나또",8.5,http://img.wine21.com/WINE_MST/TITLE/0139000/W0139991.jpg?152719,와인
"세나토이오, 에트루스코",13,http://img.wine21.com/WINE_MST/TITLE/0147000/W0147982.jpg?423953,와인
"세나토이오, 올레안드로 키안티 클라시코 리제르바",9,http://img.wine21.com/WINE_MST/TITLE/0147000/W0147981.jpg?980125,와인
"세나토이오, 이 알로모 일 비노",8.5,http://img.wine21.com/WINE_MST/TITLE/0147000/W0147979.jpg?140849,와인
"세뇨리오 드 이니에스타, 까베르네 소비뇽",13,http://img.wine21.com/WINE_MST/TITLE/0160000/W0160952.jpg?896192,와인
"세뇨리오 드 이니에스타, 로블",9,http://img.wine21.com/WINE_MST/TITLE/0166000/W0166828.jpg?602948,와인
"세뇨리오 드 이니에스타, 소비뇽 블랑",13,http://img.wine21.com/WINE_MST/TITLE/0160000/W0160950.jpg?056035,와인
"세뇨리오 드 이니에스타, 템프라니오",9,http://img.wine21.com/WINE_MST/TITLE/0160000/W0160951.jpg?327717,와인
"세떼솔리, 만드라로싸 까베르네 소비뇽",13,http://img.wine21.com/WINE_MST/TITLE/0143000/W0143430.jpg?476037,와인
"세떼솔리, 만드라로싸 샤도네",9,http://img.wine21.com/WINE_MST/TITLE/0143000/W0143443.jpg?523215,와인
세르비올라 팩 레드,12,http://img.wine21.com/WINE_MST/TITLE/0141000/W0141720.jpg?853308,와인
세르비올라 팩 화이트,11,http://img.wine21.com/WINE_MST/TITLE/0141000/W0141721.jpg?399684,와인
세비체 소비뇽 블랑,9,http://img.wine21.com/WINE_MST/TITLE/0151000/W0151267.jpg?201399,와인
"세인트 이노센트, 세븐 스프링 피노 누아",11,http://img.wine21.com/WINE_MST/TITLE/0149000/W0149074.jpg?038161,와인
"세인트 할렛, 부쳐스 카트",9.5,http://img.wine21.com/WINE_MST/TITLE/0164000/W0164838.jpg?135865,와인
"세코야 그로브, 나파 밸리 샤도네이",14.5,http://img.wine21.com/WINE_MST/TITLE/0167000/W0167730.png?256710,와인
"세코야 그로브, 나파밸리 카베르네 소비뇽",14.5,http://img.wine21.com/WINE_MST/TITLE/0167000/W0167728.png?848185,와인
세파 포 세파,14.5,http://img.wine21.com/WINE_MST/TITLE/0163000/W0163222.jpg?114423,와인
"센시, 만텔로 산지오베제 시라",9,http://img.wine21.com/WINE_MST/TITLE/0145000/W0145699.jpg?745893,와인
"센시, 키안티 리제르바",13,http://img.wine21.com/WINE_MST/TITLE/0145000/W0145694.jpg?800806,와인
"센시, 키안티 클라시코 빠소네로",9,http://img.wine21.com/WINE_MST/TITLE/0145000/W0145692.jpg?181485,와인
셀리에르 드 뻬냐,13,http://img.wine21.com/WINE_MST/TITLE/0147000/W0147090.jpg?192262,와인
"셀바삐아나, 키안티 루피나",9,http://img.wine21.com/WINE_MST/TITLE/0139000/W0139768.jpg?685416,와인
"셀바삐아나, 키안티 루피나 부체르끼알레 리제르바",9,http://img.wine21.com/WINE_MST/TITLE/0139000/W0139767.jpg?599612,와인
셔터 홈 메를로 187mm,13.5,http://img.wine21.com/WINE_MST/TITLE/0142000/W0142039.jpg?314966,와인
셔터 홈 모스카토,10,http://img.wine21.com/WINE_MST/TITLE/0142000/W0142040.jpg?278713,와인
"셔터 홈, 샤도네이",8.5,http://img.wine21.com/WINE_MST/TITLE/0142000/W0142038.jpg?925981,와인
"셔터홈, 버블리 핑크 무스카토",6,http://img.wine21.com/WINE_MST/TITLE/0151000/W0151352.jpg?055939,와인
"소마리바, 꼬넬리아노 발도비아데네 프로세코 수페리오레 드라이",11,http://img.wine21.com/WINE_MST/TITLE/0167000/W0167135.jpg?938011,와인
소벨로,10,http://img.wine21.com/WINE_MST/TITLE/0162000/W0162504.jpg?626575,와인
송 블루 메독,8.5,http://img.wine21.com/WINE_MST/TITLE/0145000/W0145870.jpg?090809,와인
송 블루 메를로,13,http://img.wine21.com/WINE_MST/TITLE/0145000/W0145871.jpg?695311,와인
송 블루 미디엄 스위트,8.5,http://img.wine21.com/WINE_MST/TITLE/0142000/W0142780.jpg?967185,와인
"수토르, 멜롯",13.5,http://img.wine21.com/WINE_MST/TITLE/0166000/W0166952.jpg?454982,와인
"수토르, 샤도네이",13.5,http://img.wine21.com/WINE_MST/TITLE/0166000/W0166951.jpg?795527,와인
"수토르, 소비뇽 블랑",13.5,http://img.wine21.com/WINE_MST/TITLE/0166000/W0166950.jpg?887517,와인
숭례문 와인,13,http://img.wine21.com/WINE_MST/TITLE/0147000/W0147885.jpg?914913,와인
"쉐난, 피노 누아",10.5,http://img.wine21.com/WINE_MST/TITLE/0149000/W0149123.jpg?390562,와인
"쉔 블루, 아스트랄브",14,http://img.wine21.com/WINE_MST/TITLE/0153000/W0153012.jpg?215974,와인
"쉬르 다르크, 버블 넘버원",8.5,http://img.wine21.com/WINE_MST/TITLE/0147000/W0147192.jpg?885294,와인
쉬발리에 드 바야르,13.5,http://img.wine21.com/WINE_MST/TITLE/0141000/W0141875.jpg?556682,와인
"슈그, 까베르네 소비뇽",14,http://img.wine21.com/WINE_MST/TITLE/0145000/W0145710.jpg?450700,와인
"슈그, 소비뇽 블랑",9,http://img.wine21.com/WINE_MST/TITLE/0145000/W0145711.jpg?038183,와인
슈발 누아 보르도 루즈,13,http://img.wine21.com/WINE_MST/TITLE/0150000/W0150154.jpg?146282,와인
슈발 누아 보르도 화이트,12,http://img.wine21.com/WINE_MST/TITLE/0150000/W0150155.jpg?720727,와인
슈발 캉가드 보르도,12,http://img.wine21.com/WINE_MST/TITLE/0149000/W0149371.jpg?965145,와인
슈발리에 쌩 삐에르,8.5,http://img.wine21.com/WINE_MST/TITLE/0149000/W0149916.jpg?399758,와인
"슈베르트, 셀렉션 'S' 소비뇽 블랑",13.5,http://img.wine21.com/WINE_MST/TITLE/0162000/W0162806.jpg?075594,와인
슈플라이 샤도네이,13.5,http://img.wine21.com/WINE_MST/TITLE/0164000/W0164570.jpg?413471,와인
슈플라이 쉬라즈,14.5,http://img.wine21.com/WINE_MST/TITLE/0164000/W0164569.jpg?241483,와인
"슐로스 폴라즈, 슈페트레제 ",6,http://img.wine21.com/WINE_MST/TITLE/0150000/W0150408.jpg?164378,와인
"슐로스 폴라즈, 에어스테스 게벡스 ",9,http://img.wine21.com/WINE_MST/TITLE/0150000/W0150409.jpg?912590,와인
"스갈치, 스위트 밸리 비노 다 따볼라 로쏘 ",7,http://img.wine21.com/WINE_MST/TITLE/0150000/W0150002.jpg?743789,와인
"스갈치, 스위트 밸리 비노 다 따볼라 비앙코",9,http://img.wine21.com/WINE_MST/TITLE/0150000/W0150001.jpg?315238,와인
스미스 앤 훅 까베르네 쇼비뇽  ,11,http://img.wine21.com/WINE_MST/TITLE/0161000/W0161069.jpg?268991,와인
"스미스 앤 훅, 까베르네 소비뇽",14.5,http://img.wine21.com/WINE_MST/TITLE/0165000/W0165974.jpg?192732,와인
"스밋지, 후디니 까베르네 소비뇽",14.5,http://img.wine21.com/WINE_MST/TITLE/0166000/W0166960.jpg?322520,와인
"스밋지, 후디니 쉬라즈",14.5,http://img.wine21.com/WINE_MST/TITLE/0166000/W0166959.jpg?271547,와인
"스캇 폴, 라 폴리 피노 누아",11,http://img.wine21.com/WINE_MST/TITLE/0149000/W0149124.jpg?437017,와인
"스크리말리요, 바르베라 다스티 알파 로메오",9,http://img.wine21.com/WINE_MST/TITLE/0140000/W0140177.jpg?591773,와인
"스크리말리요, 스푸만테 피아트",8,http://img.wine21.com/WINE_MST/TITLE/0140000/W0140178.jpg?174635,와인
스택 와인  까베르네 소비뇽,9,http://img.wine21.com/WINE_MST/TITLE/0159000/W0159052.jpg?696415,와인
스택 와인 샤르도네,9,http://img.wine21.com/WINE_MST/TITLE/0159000/W0159054.jpg?836107,와인
스택 와인즈 스톰호크  까베르네 소비뇽,8.5,http://img.wine21.com/WINE_MST/TITLE/0159000/W0159055.jpg?668224,와인
"스택스 립 와인 셀라, 카리아 샤도네이",14.5,http://img.wine21.com/WINE_MST/TITLE/0167000/W0167579.png?175024,와인
"스탠리 힐, 말보로 소비뇽 블랑",12,http://img.wine21.com/WINE_MST/TITLE/0164000/W0164252.png?341072,와인
"스털링, 나파 밸리 소비뇽 블랑",9,http://img.wine21.com/WINE_MST/TITLE/0162000/W0162068.jpg?228336,와인
스테이트 란트 말버로 샤르도네,14,http://img.wine21.com/WINE_MST/TITLE/0146000/W0146233.jpg?149940,와인
스테이트 란트 말버로 소비뇽 블랑,14,http://img.wine21.com/WINE_MST/TITLE/0146000/W0146232.jpg?861475,와인
스테이트 란트 말버로 피노누아,14,http://img.wine21.com/WINE_MST/TITLE/0146000/W0146234.jpg?754477,와인
스텔라 디 캄팔토 로쏘 디 몬탈치노 '유기농',13,http://img.wine21.com/WINE_MST/TITLE/0146000/W0146876.jpg?864867,와인
"스톤헤지, 까베르네 소비뇽",14.5,http://img.wine21.com/WINE_MST/TITLE/0165000/W0165883.jpg?654834,와인
"스톤헤지, 샤도네이",13.5,http://img.wine21.com/WINE_MST/TITLE/0165000/W0165884.jpg?052990,와인
"스트래톤 루미스, 나파밸리 까베르네 쇼비뇽",10.5,http://img.wine21.com/WINE_MST/TITLE/0147000/W0147823.jpg?658319,와인
스트로필리아 화이트,13,http://img.wine21.com/WINE_MST/TITLE/0160000/W0160717.jpg?937047,와인
"스티븐 빈센트, 크림슨",9,http://img.wine21.com/WINE_MST/TITLE/0147000/W0147816.jpg?038876,와인
스틸리오 프리미티보 디 만두리아,14,http://img.wine21.com/WINE_MST/TITLE/0163000/W0163990.jpg?030152,와인
스페니쉬 게이트 레드,11,http://img.wine21.com/WINE_MST/TITLE/0148000/W0148682.jpg?281934,와인
스페니쉬 게이트 화이트,11,http://img.wine21.com/WINE_MST/TITLE/0148000/W0148683.jpg?865158,와인
"스포르톨레티, 아씨시 로쏘",14,http://img.wine21.com/WINE_MST/TITLE/0150000/W0150589.jpg?503232,와인
스플렌디드 스파클링 엑스트라 드라이,12,http://img.wine21.com/WINE_MST/TITLE/0157000/W0157448.jpg?265594,와인
슬랙 죠 진판델,8.5,http://img.wine21.com/WINE_MST/TITLE/0146000/W0146003.jpg?240171,와인
슬렉 죠 까베르네 소비뇽,9,http://img.wine21.com/WINE_MST/TITLE/0146000/W0146004.jpg?599134,와인
"슬롭 오브 나파, 까베르네 소비뇽 나파 밸리",14.5,http://img.wine21.com/WINE_MST/TITLE/0167000/W0167506.png?188783,와인
"시로 파센티, 로쏘 디 몬탈치노",9.5,http://img.wine21.com/WINE_MST/TITLE/0148000/W0148734.jpg?030216,와인
"시모네 페브르, 샤블리 프르미에 크뤼 '바이용'",8.75,http://img.wine21.com/WINE_MST/TITLE/0146000/W0146879.jpg?083894,와인
"시몬 비즈 & 피스, 사비니 레 본 '레 부르죠'",13,http://img.wine21.com/no_image1.jpg?275100,와인
"시몬 비즈, 알록스 꼬르통 '레 슈쇼츠'",13,http://img.wine21.com/WINE_MST/TITLE/0151000/W0151690.jpg?990004,와인
시몬비즈 부르고뉴 블랑,13,http://img.wine21.com/no_image1.jpg?364636,와인
"시미, 까버네 소비뇽 리저브",7.5,http://img.wine21.com/WINE_MST/TITLE/0142000/W0142823.jpg?519597,와인
"시미, 까베르네 소비뇽",9,http://img.wine21.com/WINE_MST/TITLE/0142000/W0142822.jpg?897459,와인
"시미, 메를로",9,http://img.wine21.com/WINE_MST/TITLE/0142000/W0142825.jpg?277529,와인
"시미, 샤도네이",9,http://img.wine21.com/WINE_MST/TITLE/0142000/W0142824.jpg?137917,와인
"시미, 소비뇽 블랑",9,http://img.wine21.com/WINE_MST/TITLE/0142000/W0142826.jpg?898961,와인
"시오스, 브뤼 로제 레세르바",11.5,http://img.wine21.com/WINE_MST/TITLE/0163000/W0163236.jpg?538225,와인
"시오스, 블랑 드 누아",11.5,http://img.wine21.com/WINE_MST/TITLE/0163000/W0163235.jpg?600682,와인
"시카모어 레인, 메를로",13.5,http://img.wine21.com/WINE_MST/TITLE/0166000/W0166394.jpg?959608,와인
"시카모어 레인, 샤도네",13.5,http://img.wine21.com/WINE_MST/TITLE/0166000/W0166395.jpg?931863,와인
"시카모어 레인, 카베르네 소비뇽",12.5,http://img.wine21.com/WINE_MST/TITLE/0166000/W0166393.jpg?234797,와인
"시카모어 레인, 피노 그리지오",13.5,http://img.wine21.com/WINE_MST/TITLE/0166000/W0166396.jpg?088713,와인
"시카모어 레인, 피노 누아",13.5,http://img.wine21.com/WINE_MST/TITLE/0166000/W0166399.jpg?793756,와인
신테시스,14.5,http://img.wine21.com/WINE_MST/TITLE/0145000/W0145156.jpg?938654,와인
"실레니, 익셉셔널 빈티지 메를로",14,http://img.wine21.com/WINE_MST/TITLE/0152000/W0152373.jpg?154800,와인
실렌시오 데 미로스,14.5,http://img.wine21.com/WINE_MST/TITLE/0163000/W0163223.jpg?440926,와인
심포니 보르도 루즈,13,http://img.wine21.com/WINE_MST/TITLE/0139000/W0139771.jpg?644490,와인
심포니 보르도 블랑 모에레,12,http://img.wine21.com/WINE_MST/TITLE/0139000/W0139770.jpg?707132,와인
심플리 가르나차,9,http://img.wine21.com/WINE_MST/TITLE/0151000/W0151252.jpg?315236,와인
심플리 까베르네 소비뇽,8.5,http://img.wine21.com/WINE_MST/TITLE/0150000/W0150907.jpg?068069,와인
심플리 리슬링,7.5,http://img.wine21.com/WINE_MST/TITLE/0151000/W0151248.jpg?417484,와인
심플리 말벡,13,http://img.wine21.com/WINE_MST/TITLE/0151000/W0151253.jpg?333363,와인
심플리 뮈스카데,12,http://img.wine21.com/WINE_MST/TITLE/0151000/W0151249.jpg?049304,와인
심플리 칠리안 소비뇽 블랑,8.5,http://img.wine21.com/WINE_MST/TITLE/0150000/W0150908.jpg?398745,와인
심플리 프로세코 스푸만테,11,http://img.wine21.com/WINE_MST/TITLE/0151000/W0151254.jpg?436148,와인
심플리 핑크 모스카텔,5,http://img.wine21.com/WINE_MST/TITLE/0157000/W0157475.jpg?795407,와인
"싱글백, 더 게이트 쉬라즈",9.5,http://img.wine21.com/WINE_MST/TITLE/0145000/W0145644.jpg?125036,와인
"쌩 클레어, 빅카스 초이스 소비뇽 블랑",8.5,http://img.wine21.com/WINE_MST/TITLE/0145000/W0145886.jpg?260974,와인
"쌩 클레어, 빅카스 초이스 피노 누아",13,http://img.wine21.com/WINE_MST/TITLE/0145000/W0145885.jpg?325270,와인
"쌩 퍼르디난드, 키안티 콜리 세네시",12.5,http://img.wine21.com/WINE_MST/TITLE/0141000/W0141843.jpg?100267,와인
쌩떼바지오 브라케토 다뀌,6,http://img.wine21.com/WINE_MST/TITLE/0148000/W0148864.jpg?353590,와인
"쎌 데 돌핀느, 지공다스 빠예 에 삐에규 ",9,http://img.wine21.com/WINE_MST/TITLE/0154000/W0154121.jpg?914227,와인
쎌리에 데 도팡 프레스티지 레드,9,http://img.wine21.com/WINE_MST/TITLE/0147000/W0147926.jpg?030513,와인
쏜 클락 샷파이어 쿼티지,13.5,http://img.wine21.com/WINE_MST/TITLE/0147000/W0147420.jpg?663353,와인
쏜 클락 윌리엄 랜들 쉬라즈,16.5,http://img.wine21.com/WINE_MST/TITLE/0147000/W0147421.jpg?244940,와인
쏠라르 데 리꼬뜨,12,http://img.wine21.com/WINE_MST/TITLE/0150000/W0150223.jpg?726044,와인
"쓰리 딥스, 까베르네 소비뇽",49,http://img.wine21.com/WINE_MST/TITLE/0164000/W0164536.jpg?532763,와인
"쓰리 딥스, 더 쇼 말벡",13.5,http://img.wine21.com/WINE_MST/TITLE/0166000/W0166363.jpg?393560,와인
"쓰리 딥스, 더쇼 까베르네 소비뇽",19,http://img.wine21.com/WINE_MST/TITLE/0164000/W0164540.jpg?437372,와인
"쓰리 딥스, 샤도네이",9,http://img.wine21.com/WINE_MST/TITLE/0164000/W0164539.jpg?948061,와인
"쓰리 딥스, 피노 누아",9.5,http://img.wine21.com/WINE_MST/TITLE/0164000/W0164538.jpg?481590,와인
쓰리 라이온즈 까베르네 메를로,14.5,http://img.wine21.com/WINE_MST/TITLE/0163000/W0163204.jpg?082727,와인
쓰리 라이온즈 샤도네이,13.5,http://img.wine21.com/WINE_MST/TITLE/0163000/W0163208.png?529794,와인
쓰리 라이온즈 소비뇽 블랑,12.5,http://img.wine21.com/WINE_MST/TITLE/0163000/W0163207.jpg?591274,와인
쓰리 라이온즈 쉬라즈,14.5,http://img.wine21.com/WINE_MST/TITLE/0163000/W0163205.jpg?561680,와인
쓰리 라이온즈 피노 누아,14.5,http://img.wine21.com/WINE_MST/TITLE/0163000/W0163206.jpg?113976,와인
아구어리베이 말벡,8.5,http://img.wine21.com/WINE_MST/TITLE/0149000/W0149300.jpg?682146,와인
"아귈라, 크레망 드 리무 브뤼",12.5,http://img.wine21.com/WINE_MST/TITLE/0165000/W0165982.jpg?163153,와인
아그리콜라 푸니카 몬테쑤,14.5,http://img.wine21.com/WINE_MST/TITLE/0164000/W0164143.png?709578,와인
"아그리콜라 푸니카, 사마스",13,http://img.wine21.com/WINE_MST/TITLE/0164000/W0164142.png?367562,와인
아기오스 크로노스,14,http://img.wine21.com/WINE_MST/TITLE/0160000/W0160702.jpg?910192,와인
"아기일, 피노 누아",14,http://img.wine21.com/WINE_MST/TITLE/0148000/W0148981.jpg?809468,와인
"아나이, 그랑 리제르바 까베르네 소비뇽",14.5,http://img.wine21.com/WINE_MST/TITLE/0167000/W0167126.png?860145,와인
"아나이, 파운더스 콜렉션 시라",13.5,http://img.wine21.com/WINE_MST/TITLE/0167000/W0167127.png?275892,와인
아나케나 오나 피노 누아,9,http://img.wine21.com/WINE_MST/TITLE/0143000/W0143498.jpg?580894,와인
"아나케나, 까르미네르",13,http://img.wine21.com/WINE_MST/TITLE/0150000/W0150726.jpg?871284,와인
"아나케나, 까베르네 소비뇽",13,http://img.wine21.com/WINE_MST/TITLE/0143000/W0143502.jpg?269093,와인
"아나케나, 엔코 리져브 까베르네 소비뇽",13,http://img.wine21.com/WINE_MST/TITLE/0150000/W0150725.jpg?552747,와인
"아나케나, 엔코 리져브 멜롯",9,http://img.wine21.com/WINE_MST/TITLE/0150000/W0150723.jpg?509927,와인
"아나케나, 엔코 리져브 카르미네르",9,http://img.wine21.com/WINE_MST/TITLE/0150000/W0150724.jpg?174592,와인
"아나케나, 오나 쉬라",7.5,http://img.wine21.com/WINE_MST/TITLE/0150000/W0150722.jpg?789365,와인
"아나케나, 오나 어셈블리지",14,http://img.wine21.com/WINE_MST/TITLE/0150000/W0150749.jpg?797388,와인
아나키스타 가르나차,16,http://img.wine21.com/WINE_MST/TITLE/0166000/W0166818.jpg?225219,와인
아네쿱 후안 데 후아네스 벤디미아 브론즈 레드 ,9,http://img.wine21.com/WINE_MST/TITLE/0154000/154458.jpg?709913,와인
아네쿱 후안 데 후아네스 벤디미아 플라타 쁘띠 베르도 ,14,http://img.wine21.com/WINE_MST/TITLE/0154000/154459.jpg?156897,와인
"아네쿱, 까사 엔젤 카베네 쇼비뇽",14,http://img.wine21.com/WINE_MST/TITLE/0153000/W0153961.jpg?352042,와인
"아네쿱, 까사엔젤 모스카토 로사도",5,http://img.wine21.com/WINE_MST/TITLE/0153000/W0153962.jpg?180542,와인
"아네쿱, 까사엔젤 모스카토 블랑코",5,http://img.wine21.com/WINE_MST/TITLE/0153000/W0153963.jpg?736249,와인
"아네쿱, 아마티스타 모스카토",4.5,http://img.wine21.com/WINE_MST/TITLE/0165000/W0165320.jpg?272749,와인
"아네쿱, 아마티스타 틴토 드 프리마베라",8.5,http://img.wine21.com/WINE_MST/TITLE/0165000/W0165319.jpg?865274,와인
"아네쿱, 프리골드 블랑",11.5,http://img.wine21.com/WINE_MST/TITLE/0165000/W0165318.jpg?307952,와인
"아네쿱, 프리골드 틴토",12.5,http://img.wine21.com/WINE_MST/TITLE/0165000/W0165317.jpg?703520,와인
"아놀드 파머, 까베르네 소비뇽",7.5,http://img.wine21.com/WINE_MST/TITLE/0148000/W0148160.jpg?234632,와인
"아놀드 파머, 샤도네이",7.5,http://img.wine21.com/WINE_MST/TITLE/0148000/W0148172.jpg?076831,와인
아니무스 도우로 레드 와인,13,http://img.wine21.com/WINE_MST/TITLE/0164000/W0164527.jpg?927877,와인
"아니스톤 베이, 까베르네 소비뇽",9,http://img.wine21.com/WINE_MST/TITLE/0147000/W0147507.jpg?098742,와인
"아니스톤 베이, 더 쇼어 레드",13,http://img.wine21.com/WINE_MST/TITLE/0147000/W0147506.jpg?725042,와인
"아니스톤 베이, 더 쇼어 로제",13,http://img.wine21.com/WINE_MST/TITLE/0147000/W0147505.jpg?503585,와인
"아니스톤 베이, 더 쇼어 화이트",8.5,http://img.wine21.com/WINE_MST/TITLE/0147000/W0147504.jpg?934288,와인
"아니스톤 베이, 쉐닝블랑 샤도네",9,http://img.wine21.com/WINE_MST/TITLE/0143000/W0143834.jpg?160573,와인
"아니스톤 베이, 쉬라즈 메를로",9,http://img.wine21.com/WINE_MST/TITLE/0143000/W0143838.jpg?885134,와인
"아니스톤 베이, 스파클링 브뤼",9,http://img.wine21.com/WINE_MST/TITLE/0147000/W0147508.jpg?323009,와인
"아덴기, 발도미노 뀌베 브뤼",11.5,http://img.wine21.com/WINE_MST/TITLE/0166000/W0166025.jpg?812170,와인
아도르 세미 스위트 와인,8,http://img.wine21.com/WINE_MST/TITLE/0145000/W0145502.jpg?532825,와인
아도르 스위트 레드,12,http://img.wine21.com/WINE_MST/TITLE/0141000/W0141710.jpg?466938,와인
"아드리아노 그라쏘, 바르베라 다스티",9.5,http://img.wine21.com/WINE_MST/TITLE/0164000/W0164672.jpg?197319,와인
"아드리아노 그라쏘, 바르베라 다스티 수페리오레",14.5,http://img.wine21.com/WINE_MST/TITLE/0164000/W0164673.jpg?374383,와인
"아드리안 포그, 아리싸 제인",9.5,http://img.wine21.com/WINE_MST/TITLE/0148000/W0148744.jpg?824374,와인
아라구스 크리안자,14.5,http://img.wine21.com/WINE_MST/TITLE/0167000/0167013.jpg?711245,와인
아라마 까베르네 소비뇽,12,http://img.wine21.com/WINE_MST/TITLE/0164000/W0164160.png?823920,와인
"아라마, 세미 스위트 레드",11,http://img.wine21.com/WINE_MST/TITLE/0164000/W0164161.png?342711,와인
"아라마, 쉬라",12,http://img.wine21.com/WINE_MST/TITLE/0164000/W0164172.png?478595,와인
"아라마, 템프라니요",12,http://img.wine21.com/WINE_MST/TITLE/0164000/W0164163.png?960588,와인
"아라마, 템프라니요 프리미어",13,http://img.wine21.com/WINE_MST/TITLE/0164000/W0164165.png?429539,와인
아라우까노 까르미네르 레세르바,9,http://img.wine21.com/WINE_MST/TITLE/0145000/W0145932.jpg?263992,와인
아라우까노 까베르네 소비뇽 레세르바,14,http://img.wine21.com/WINE_MST/TITLE/0145000/W0145931.jpg?862562,와인
아라우까노 소비뇽 블랑 레세르바,13,http://img.wine21.com/WINE_MST/TITLE/0145000/W0145934.jpg?808270,와인
아라우까노 피노 누아 레세르바,14,http://img.wine21.com/WINE_MST/TITLE/0145000/W0145933.jpg?033768,와인
"아랄디카, 모스카토 다스티 돌체",5,http://img.wine21.com/WINE_MST/TITLE/0155000/W0155521.jpg?981600,와인
아레티 레드,14,http://img.wine21.com/WINE_MST/TITLE/0160000/W0160708.jpg?842699,와인
"아르날도 카프라이, 그레칸테 그레께또",9,http://img.wine21.com/WINE_MST/TITLE/0151000/W0151098.jpg?777232,와인
아르멘타노,10,http://img.wine21.com/WINE_MST/TITLE/0162000/W0162505.jpg?001993,와인
"아르볼레다, 카베르네 소비뇽",14,http://img.wine21.com/WINE_MST/TITLE/0140000/W0140635.jpg?767390,와인
"아르볼레다, 피노 누아 ",13.5,http://img.wine21.com/WINE_MST/TITLE/0158000/W0158355.jpg?557619,와인
아르체노 프리마 보체,9,http://img.wine21.com/WINE_MST/TITLE/0141000/W0141429.jpg?594037,와인
"아리온, 가비 ",12,http://img.wine21.com/WINE_MST/TITLE/0149000/W0149993.jpg?599759,와인
"아리온, 러스치케토 로쏘",6.5,http://img.wine21.com/WINE_MST/TITLE/0149000/W0149994.jpg?551680,와인
"아리온, 러스치케토 비앙코",4.5,http://img.wine21.com/WINE_MST/TITLE/0149000/W0149995.jpg?061836,와인
"아리온, 모스카토 돌체",5.5,http://img.wine21.com/WINE_MST/TITLE/0150000/W0150752.jpg?957091,와인
"아리온, 모스카토 스푸만테",5.5,http://img.wine21.com/WINE_MST/TITLE/0149000/W0149997.jpg?102195,와인
"아리온, 바르베라 다스티",9,http://img.wine21.com/WINE_MST/TITLE/0149000/W0149998.jpg?353404,와인
"아리온, 브라케토 돌체",7,http://img.wine21.com/WINE_MST/TITLE/0150000/W0150753.jpg?073563,와인
"아리온, 피노누아 샤도네 브뤼",11,http://img.wine21.com/WINE_MST/TITLE/0149000/W0149999.jpg?761111,와인
아마로네 델라 발폴리첼라,13.5,http://img.wine21.com/WINE_MST/TITLE/0141000/W0141845.jpg?687618,와인
아마티스타 모스카토 로제 스파클링,5,http://img.wine21.com/WINE_MST/TITLE/0150000/W0150759.jpg?021675,와인
아모르 까베르네 소비뇽,10.5,http://img.wine21.com/WINE_MST/TITLE/0145000/W0145766.jpg?352076,와인
아몬티야도 나폴레옹,11,http://img.wine21.com/WINE_MST/TITLE/0161000/W0161072.jpg?236923,와인
아무르 드 파리 드미 섹,11.5,http://img.wine21.com/WINE_MST/TITLE/0143000/W0143575.jpg?459191,와인
"아미스타 까베르네 쇼비뇽, 드라이크릭 밸리",9.5,http://img.wine21.com/WINE_MST/TITLE/0162000/W0162461.jpg?733329,와인
아미코네 비앙코,13.5,http://img.wine21.com/WINE_MST/TITLE/0163000/W0163316.jpg?831664,와인
아미코네 코르비나 에디지오네 네로,13.5,http://img.wine21.com/WINE_MST/TITLE/0163000/W0163317.jpg?215877,와인
"아바찌아, 돌체볼로 레드",6,http://img.wine21.com/WINE_MST/TITLE/0153000/W0153805.jpg?943164,와인
"아바찌아, 블루문 모스카토",7.5,http://img.wine21.com/WINE_MST/TITLE/0160000/W0160929.jpg?902009,와인
아바톤 ,13,http://img.wine21.com/WINE_MST/TITLE/0160000/W0160719.jpg?288712,와인
아반티스 렝가 ,13,http://img.wine21.com/WINE_MST/TITLE/0160000/W0160703.jpg?478972,와인
"아발론, 나파밸리 까베르네 쇼비뇽",10.5,http://img.wine21.com/WINE_MST/TITLE/0147000/W0147817.jpg?038502,와인
아방트 까베르네 소비뇽,13,http://img.wine21.com/WINE_MST/TITLE/0150000/W0150926.jpg?936353,와인
아방트 샤르도네,9,http://img.wine21.com/WINE_MST/TITLE/0150000/W0150925.jpg?782255,와인
아베로프 에스테이트 까베르네 소비뇽,13,http://img.wine21.com/WINE_MST/TITLE/0160000/W0160715.jpg?030603,와인
아비뇨네지 비앙코 토스카나,8.5,http://img.wine21.com/WINE_MST/TITLE/0160000/W0160986.jpg?040513,와인
"아비뇨네지, 깐타로로",9,http://img.wine21.com/WINE_MST/TITLE/0152000/W0152945.jpg?474450,와인
아비아 페르비아,9,http://img.wine21.com/WINE_MST/TITLE/0165000/W0165950.jpg?667607,와인
아씨르티코 끼르야니,13.5,http://img.wine21.com/WINE_MST/TITLE/0167000/W0167231.png?342190,와인
아씨엔다 델 레이 까베르네 쇼비뇽,9,http://img.wine21.com/WINE_MST/TITLE/0147000/W0147861.jpg?738778,와인
아씨엔다 델 레이 메를로,13,http://img.wine21.com/WINE_MST/TITLE/0147000/W0147850.jpg?018870,와인
아와테레 소비뇽 블랑,12.5,http://img.wine21.com/WINE_MST/TITLE/0164000/W0164980.jpg?384516,와인
아우카 말벡,10,http://img.wine21.com/WINE_MST/TITLE/0149000/W0149359.jpg?410276,와인
아우카 말벡 돈 알폰소,8,http://img.wine21.com/WINE_MST/TITLE/0149000/W0149360.jpg?831819,와인
"아이들 와일드, 플로라 파우나 레드",8.5,http://img.wine21.com/WINE_MST/TITLE/0166000/W0166849.jpg?580713,와인
아이들와일드 아르네이스,7,http://img.wine21.com/WINE_MST/TITLE/0166000/W0166850.jpg?447005,와인
아이들와일드 코르테제,8,http://img.wine21.com/WINE_MST/TITLE/0166000/W0166851.jpg?322375,와인
"아이들와일드, 플로라 파우나 로제",10,http://img.wine21.com/WINE_MST/TITLE/0166000/W0166848.jpg?343909,와인
"아이들와일드, 플로라 파우나 화이트",9,http://img.wine21.com/WINE_MST/TITLE/0166000/W0166847.jpg?913959,와인
아이러브 모스카토 ,7.5,http://img.wine21.com/WINE_MST/TITLE/0151000/W0151911.jpg?070667,와인
아이언 홀스 러시안 뀌베,13,http://img.wine21.com/no_image1.jpg?225450,와인
아이언 홀스 웨딩 뀌베,9.5,http://img.wine21.com/WINE_MST/TITLE/0143000/W0143865.jpg?994909,와인
아일들와일드 돌체토,8,http://img.wine21.com/WINE_MST/TITLE/0166000/W0166852.jpg?876811,와인
"아카데미아, 뀌베 스푸만떼 브뤼",10.5,http://img.wine21.com/WINE_MST/TITLE/0163000/W0163249.jpg?388871,와인
"아카데미아, 람브루스코 프리잔떼 돌체",7.5,http://img.wine21.com/WINE_MST/TITLE/0163000/W0163251.jpg?130100,와인
"아카데미아, 로제 스푸만테",11.5,http://img.wine21.com/WINE_MST/TITLE/0166000/W0166381.jpg?777281,와인
"아카데미아, 모스카토 스푸만떼 돌체",6.5,http://img.wine21.com/WINE_MST/TITLE/0163000/W0163250.jpg?817563,와인
"아카시아, 샤르도네",9.5,http://img.wine21.com/WINE_MST/TITLE/0145000/W0145616.jpg?915299,와인
아카키스 로제,12,http://img.wine21.com/WINE_MST/TITLE/0160000/W0160768.jpg?340333,와인
아케시 로사토 브뤼,11.5,http://img.wine21.com/WINE_MST/TITLE/0167000/W0167826.png?924737,와인
아케시 아스티,7,http://img.wine21.com/WINE_MST/TITLE/0161000/W0161735.jpg?579638,와인
"아케인셀러, 피노누아",9.5,http://img.wine21.com/WINE_MST/TITLE/0148000/W0148877.jpg?117238,와인
"아탈론, 까베르네 소비뇽",10,http://img.wine21.com/WINE_MST/TITLE/0141000/W0141405.jpg?067692,와인
아티장 비달 아이스와인,11.5,http://img.wine21.com/WINE_MST/TITLE/0162000/W0162464.jpg?846790,와인
"안델루나, 1300 샤도네이",13.5,http://img.wine21.com/WINE_MST/TITLE/0165000/W0165789.jpg?792243,와인
"안델루나, 라이시스 말벡",14.5,http://img.wine21.com/WINE_MST/TITLE/0167000/W0167646.png?050949,와인
"안드리아노, 모스카토 지알로",12,http://img.wine21.com/WINE_MST/TITLE/0139000/W0139951.jpg?606620,와인
"안드리아노, 소비뇽 테를란드",9,http://img.wine21.com/WINE_MST/TITLE/0139000/W0139952.jpg?045183,와인
"안토니오 아레즈, 구스토 틴토",12.5,http://img.wine21.com/WINE_MST/TITLE/0166000/W0166519.jpg?193501,와인
"안토니오 아레즈, 라 파시온 틴토",12.5,http://img.wine21.com/WINE_MST/TITLE/0166000/W0166517.jpg?326560,와인
"안토니오 아레즈, 바론 델 마르 틴토",12.5,http://img.wine21.com/WINE_MST/TITLE/0166000/W0166518.jpg?871575,와인
"안티카, 나파 밸리 샤르도네",14.5,http://img.wine21.com/WINE_MST/TITLE/0164000/W0164030.png?190059,와인
"알. 뒤부아 에 피스, 부르고뉴 오 꼬뜨 드 뉘",8.5,http://img.wine21.com/WINE_MST/TITLE/0149000/W0149552.jpg?912422,와인
"알도 & 리카르도 세게지오, 돌체토 달바 '라 끼에라'",14,http://img.wine21.com/WINE_MST/TITLE/0146000/W0146777.jpg?935420,와인
알라르고 ,14,http://img.wine21.com/WINE_MST/TITLE/0160000/W0160712.jpg?165204,와인
알램브리 모스카텔 드 세투발 ,11,http://img.wine21.com/WINE_MST/TITLE/0162000/W0162518.jpg?898263,와인
알램브리 모스카텔 로쏘 드 세투발,17.5,http://img.wine21.com/WINE_MST/TITLE/0162000/W0162519.jpg?334583,와인
알레그리니 발폴리첼라,12.5,http://img.wine21.com/WINE_MST/TITLE/0141000/W0141083.jpg?351670,와인
"알레그리니, 소아베",12.5,http://img.wine21.com/WINE_MST/TITLE/0151000/W0151432.jpg?109687,와인
알레그리아 블랑코,11.5,http://img.wine21.com/WINE_MST/TITLE/0162000/W0162253.jpg?302556,와인
알레그리아 틴토,11.5,http://img.wine21.com/WINE_MST/TITLE/0162000/W0162259.jpg?868503,와인
"알레이슈, 가르시아 레드",9.25,http://img.wine21.com/WINE_MST/TITLE/0164000/W0164871.jpg?504097,와인
"알레이슈, 가르시아 화이트",11.5,http://img.wine21.com/WINE_MST/TITLE/0164000/W0164872.jpg?094991,와인
"알레한드로 페르난데즈, 엘 빈꿀로 파라헤 라 골로사 그란 레세르바",14.5,http://img.wine21.com/WINE_MST/TITLE/0166000/W0166480.jpg?567447,와인
알렉산드린 비오니에,12.5,http://img.wine21.com/WINE_MST/TITLE/0166000/W0166428.jpg?574481,와인
알렉산드린 코르나스,13.5,http://img.wine21.com/WINE_MST/TITLE/0166000/W0166903.jpg?378612,와인
알렉산드린 크로즈 에르미타쥬 루즈,13.5,http://img.wine21.com/WINE_MST/TITLE/0166000/W0166914.jpg?702191,와인
"알렉산드린, 생 조셉",13.5,http://img.wine21.com/WINE_MST/TITLE/0166000/W0166915.jpg?944689,와인
"알렉산드린, 시라",13.5,http://img.wine21.com/WINE_MST/TITLE/0166000/W0166908.jpg?333025,와인
"알렉산드린, 에르미타쥬 블랑",13.5,http://img.wine21.com/WINE_MST/TITLE/0166000/W0166906.jpg?428651,와인
"알렉산드린, 콩드리유",13.5,http://img.wine21.com/WINE_MST/TITLE/0166000/W0166913.jpg?179040,와인
"알렉산드린, 크로즈 에르미타쥬 블랑",13.5,http://img.wine21.com/WINE_MST/TITLE/0166000/W0166911.jpg?654508,와인
알렉시스 리신 소테른,13.5,http://img.wine21.com/WINE_MST/TITLE/0153000/W0153486.jpg?327439,와인
"알로이스 라게더, 피노 그리지오",13,http://img.wine21.com/WINE_MST/TITLE/0146000/W0146051.jpg?511997,와인
알마 모라 까베르네 소비뇽,12.5,http://img.wine21.com/WINE_MST/TITLE/0162000/W0162260.jpg?256283,와인
알마 모라 말벡 ,13.5,http://img.wine21.com/WINE_MST/TITLE/0162000/W0162262.jpg?768321,와인
알마 모라 샤르도네,13,http://img.wine21.com/WINE_MST/TITLE/0162000/W0162261.jpg?817737,와인
알마 모라 시라,13.5,http://img.wine21.com/WINE_MST/TITLE/0162000/W0162263.jpg?672605,와인
알바 데 도머스,14.5,http://img.wine21.com/WINE_MST/TITLE/0160000/W0160879.jpg?610369,와인
알베레즈 ‘알보렌스’ 모렐리노 디 스칸사노,9.5,http://img.wine21.com/WINE_MST/TITLE/0161000/W0161148.jpg?340739,와인
알베르 비쇼 크레망 드 부르고뉴 브뤼 로제,12,http://img.wine21.com/WINE_MST/TITLE/0150000/W0150370.jpg?230989,와인
"알베르 비쇼, 브뤼 리저브",11.5,http://img.wine21.com/WINE_MST/TITLE/0150000/W0150369.jpg?053524,와인
"알베르 비쇼, 뽀마르 '끌로 데 우쉴린' 도멘 뒤 빠비용",13,http://img.wine21.com/WINE_MST/TITLE/0145000/W0145727.jpg?207947,와인
"알베르 비쇼, 뿔리니 몽라쉐",13.5,http://img.wine21.com/WINE_MST/TITLE/0153000/153487.jpg?723556,와인
"알베르 비쇼, 샤블리 프르미에 크뤼 레 보꼬뱅",12.5,http://img.wine21.com/WINE_MST/TITLE/0148000/W0148050.jpg?291083,와인
"알베르 비쇼, 샹볼 뮈지니",12.5,http://img.wine21.com/WINE_MST/TITLE/0145000/W0145734.jpg?073338,와인
"알베르 비쇼, 알록스 꼬르똥",13,http://img.wine21.com/WINE_MST/TITLE/0145000/W0145728.jpg?985192,와인
알브 드 푸카리,13.5,http://img.wine21.com/WINE_MST/TITLE/0165000/W0165570.jpg?548588,와인
알세뇨 크리안자,11,http://img.wine21.com/WINE_MST/TITLE/0141000/W0141816.jpg?766283,와인
"알세뇨, 오가닉",14,http://img.wine21.com/WINE_MST/TITLE/0163000/W0163202.jpg?951476,와인
알시나&사르다 브뤼 레제르바,8,http://img.wine21.com/WINE_MST/TITLE/0155000/W0155871.jpg?328157,와인
알시나&사르다 세미 섹,8,http://img.wine21.com/WINE_MST/TITLE/0155000/W0155872.jpg?486080,와인
알칸스 까베르네 소비뇽,9.5,http://img.wine21.com/WINE_MST/TITLE/0141000/W0141425.jpg?472573,와인
"알타 비스타, 엑스트라 브뤼 블랑 드 블랑",13.5,http://img.wine21.com/WINE_MST/TITLE/0165000/W0165314.jpg?721330,와인
"알타 비스타, 프리미엄 샤르도네",9,http://img.wine21.com/WINE_MST/TITLE/0140000/W0140249.jpg?340019,와인
알탄자 쎌레치온 에스페씨알 레쎄르바 ,9,http://img.wine21.com/WINE_MST/TITLE/0151000/W0151729.jpg?036281,와인
알테시노 알테 달테시,9,http://img.wine21.com/WINE_MST/TITLE/0147000/W0147199.jpg?727646,와인
알테시노 팔라쪼 알테시,9,http://img.wine21.com/WINE_MST/TITLE/0147000/W0147200.jpg?766071,와인
알토 시오스,14.5,http://img.wine21.com/WINE_MST/TITLE/0163000/W0163234.jpg?980458,와인
알토비눔 에보디아,15,http://img.wine21.com/WINE_MST/TITLE/0150000/W0150411.jpg?109827,와인
알토소르 말벡,14,http://img.wine21.com/WINE_MST/TITLE/0145000/W0145152.jpg?008430,와인
알토소르 샤도네,9,http://img.wine21.com/WINE_MST/TITLE/0145000/W0145151.jpg?379825,와인
알토소르 케버넷 쇼비뇽,14,http://img.wine21.com/WINE_MST/TITLE/0145000/W0145153.jpg?226437,와인
"알티플라노, 그랑 리제르바 메를로",9,http://img.wine21.com/WINE_MST/TITLE/0148000/W0148894.jpg?805922,와인
알파 시노마브로 리저브 ,9,http://img.wine21.com/WINE_MST/TITLE/0160000/W0160698.jpg?008619,와인
알파 시노마브로 싱글빈야드,9,http://img.wine21.com/WINE_MST/TITLE/0160000/W0160731.jpg?255903,와인
알파 에스테이트 레드,9.5,http://img.wine21.com/WINE_MST/TITLE/0160000/W0160696.jpg?261295,와인
알파 유토피아,9.5,http://img.wine21.com/WINE_MST/TITLE/0160000/W0160697.jpg?838218,와인
알패션 그랑 말벡,15.5,http://img.wine21.com/WINE_MST/TITLE/0163000/W0163265.jpg?446516,와인
알패션 말벡,13.5,http://img.wine21.com/WINE_MST/TITLE/0163000/0163264.jpg?899434,와인
"알패션, 그랑 샤도네이",14.5,http://img.wine21.com/WINE_MST/TITLE/0166000/W0166379.jpg?882100,와인
"알패션, 까베르네 소비뇽",15.5,http://img.wine21.com/WINE_MST/TITLE/0166000/W0166658.jpg?358171,와인
"알패션, 프라이빗 셀렉션",15.5,http://img.wine21.com/WINE_MST/TITLE/0166000/W0166380.jpg?446780,와인
"압바디아 올리바, 가르나차 블랑카",12.5,http://img.wine21.com/WINE_MST/TITLE/0164000/W0164877.jpg?739073,와인
"압바디아 올리바, 템프라니요",13.5,http://img.wine21.com/WINE_MST/TITLE/0164000/W0164876.jpg?977549,와인
"앙고브, 그랜드 토니 10년",19.5,http://img.wine21.com/WINE_MST/TITLE/0167000/W0167167.png?836996,와인
"앙고브, 레어 토니 15년",19.5,http://img.wine21.com/WINE_MST/TITLE/0167000/W0167168.png?335952,와인
"앙고브, 머슬맨 쉬라즈",14.5,http://img.wine21.com/WINE_MST/TITLE/0167000/W0167165.png?362907,와인
"앙고브, 위즈뱅 쉬라즈",14.5,http://img.wine21.com/WINE_MST/TITLE/0167000/W0167166.png?708842,와인
"앙드레 끌루에, 그랑 리저브 브뤼",12,http://img.wine21.com/WINE_MST/TITLE/0149000/W0149661.jpg?787168,와인
"앙드레 끌루에, 브뤼 나뛰르 실버",12,http://img.wine21.com/WINE_MST/TITLE/0149000/W0149243.jpg?049209,와인
"앙드레 끌루에, 브뤼 로제",12,http://img.wine21.com/WINE_MST/TITLE/0149000/W0149265.jpg?370879,와인
앙리 뤼통 마고,12.5,http://img.wine21.com/no_image1.jpg?011251,와인
"앙리 빌리오, 뀌베 트라디씨옹 브뤼",8.5,http://img.wine21.com/WINE_MST/TITLE/0149000/W0149278.jpg?510499,와인
"앙리 아벨레, 브뤼",12.5,http://img.wine21.com/WINE_MST/TITLE/0150000/W0150488.jpg?972348,와인
애로건트 프로그 로제,12,http://img.wine21.com/WINE_MST/TITLE/0148000/W0148540.jpg?021585,와인
애로건트 프로그 샤르도네 비오니에,9,http://img.wine21.com/WINE_MST/TITLE/0148000/W0148529.jpg?336627,와인
애므리 블랑께뜨 드 리무 드미섹,12,http://img.wine21.com/WINE_MST/TITLE/0150000/W0150945.jpg?290751,와인
애므리 블랑께뜨 메또드 안세스트랄 스위트,6,http://img.wine21.com/WINE_MST/TITLE/0150000/W0150946.jpg?752854,와인
애므리 클레망 드 리무,12,http://img.wine21.com/WINE_MST/TITLE/0150000/W0150944.jpg?701077,와인
"애므리, 노블 빈스 까베르네 소비뇽",13.5,http://img.wine21.com/WINE_MST/TITLE/0166000/W0166384.jpg?231790,와인
"애므리, 노블 빈스 샤도네이",12.5,http://img.wine21.com/WINE_MST/TITLE/0166000/W0166386.jpg?749707,와인
"애므리, 노블 빈스 쉬라",13.5,http://img.wine21.com/WINE_MST/TITLE/0166000/W0166385.jpg?804681,와인
애쉬우드 그루브 까베르네 쇼비뇽,9.5,http://img.wine21.com/WINE_MST/TITLE/0146000/W0146691.jpg?846976,와인
애쉬우드 그루브 멜롯,9.5,http://img.wine21.com/WINE_MST/TITLE/0146000/W0146689.jpg?277231,와인
애쉬우드 그루브 샤도네,9,http://img.wine21.com/WINE_MST/TITLE/0146000/W0146688.jpg?897711,와인
애쉬우드 그루브 쉬라즈,9.5,http://img.wine21.com/WINE_MST/TITLE/0146000/W0146690.jpg?374924,와인
액커만 몽무쏘 뀌베 제이엠,12,http://img.wine21.com/WINE_MST/TITLE/0158000/W0158060.jpg?617604,와인
"앤드류 윌, 까베르네 프랑",14,http://img.wine21.com/WINE_MST/TITLE/0150000/W0150686.jpg?896625,와인
"앤드류리치, 뀌베B 피노 누아",7.5,http://img.wine21.com/WINE_MST/TITLE/0148000/W0148873.jpg?848705,와인
"앨리스 화이트, 까베르네 쇼비뇽",13.5,http://img.wine21.com/WINE_MST/TITLE/0147000/W0147139.jpg?071396,와인
"앨리스 화이트, 렉시아",10,http://img.wine21.com/WINE_MST/TITLE/0147000/W0147143.jpg?756398,와인
"앨리스 화이트, 샤르도네",10,http://img.wine21.com/no_image1.jpg?328419,와인
"앨리스 화이트, 쉬라즈",9,http://img.wine21.com/WINE_MST/TITLE/0147000/W0147142.jpg?662633,와인
야닉 프레보토 까르트 도르,12,http://img.wine21.com/WINE_MST/TITLE/0164000/W0164008.jpg?284365,와인
야닉 프레보토 라 페를 데스 트레이,12,http://img.wine21.com/WINE_MST/TITLE/0164000/W0164009.jpg?521723,와인
"얄룸바, 시그너쳐 카버네 쉬라즈",9.5,http://img.wine21.com/WINE_MST/TITLE/0144000/W0144940.jpg?174304,와인
"얄리, 그랑 레세르바 까베르네 소비뇽",14,http://img.wine21.com/WINE_MST/TITLE/0154000/W0154769.jpg?638746,와인
"얄리, 레세르바 샤르도네",13,http://img.wine21.com/WINE_MST/TITLE/0154000/154768.jpg?293632,와인
"얄리, 프리미엄 릴리즈 언오크드 샤르도네",13.5,http://img.wine21.com/WINE_MST/TITLE/0167000/W0167189.jpg?774816,와인
양가라 에스테이트 쉬라즈,15,http://img.wine21.com/WINE_MST/TITLE/0141000/W0141424.jpg?895580,와인
어반 레드,14,http://img.wine21.com/WINE_MST/TITLE/0148000/W0148480.jpg?780280,와인
어반 리베라,9,http://img.wine21.com/WINE_MST/TITLE/0148000/W0148482.jpg?240137,와인
어젠시 까베르네 소비뇽,14.5,http://img.wine21.com/WINE_MST/TITLE/0164000/W0164566.jpg?501056,와인
어젠시 피노 누아,13.5,http://img.wine21.com/WINE_MST/TITLE/0164000/W0164567.jpg?760379,와인
"얼바인, 더 바로네즈 펫낫",9,http://img.wine21.com/WINE_MST/TITLE/0166000/W0166005.jpg?370546,와인
"얼바인, 스프링 힐 멜롯",14.5,http://img.wine21.com/WINE_MST/TITLE/0163000/W0163159.jpg?115581,와인
"에거터 장룩 & 파울, 뉘 생 조르쥬",13,http://img.wine21.com/WINE_MST/TITLE/0148000/W0148859.jpg?743204,와인
"에거터 장룩 & 파울, 부르고뉴 피노 누아",8.5,http://img.wine21.com/WINE_MST/TITLE/0142000/W0142086.jpg?659115,와인
"에거터 장룩 & 파울, 샤블리",8.5,http://img.wine21.com/WINE_MST/TITLE/0148000/W0148858.jpg?288624,와인
"에거터 장룩 & 파울, 제브리 샹베르땡",13,http://img.wine21.com/WINE_MST/TITLE/0142000/W0142087.jpg?182389,와인
"에게르떼, 부르고뉴 피노 누아 ",8,http://img.wine21.com/WINE_MST/TITLE/0151000/W0151670.jpg?538542,와인
"에게르떼, 뿌이 휘세 비에이 비뉴 ",8.5,http://img.wine21.com/WINE_MST/TITLE/0151000/W0151672.jpg?999139,와인
"에게르떼, 샤블리 리저브 페르쏘네",12,http://img.wine21.com/WINE_MST/TITLE/0154000/W0154117.jpg?609191,와인
"에게르떼, 제브리 샹베르탱 		",13,http://img.wine21.com/WINE_MST/TITLE/0151000/W0151673.jpg?903068,와인
"에구렌 우가르떼, 레세르바",14.5,http://img.wine21.com/WINE_MST/TITLE/0166000/W0166726.jpg?289465,와인
"에구렌 우가르떼, 코세차",13.5,http://img.wine21.com/WINE_MST/TITLE/0166000/W0166727.jpg?469492,와인
"에구렌 우가르떼, 크리안자",13.5,http://img.wine21.com/WINE_MST/TITLE/0166000/W0166728.jpg?249866,와인
"에끌라 뒤 론, 꼬뜨 뒤 론 빌라쥐",9.5,http://img.wine21.com/WINE_MST/TITLE/0147000/W0147479.jpg?270963,와인
에노트리아 레드,13,http://img.wine21.com/WINE_MST/TITLE/0160000/W0160711.jpg?978807,와인
"에듀케이티드 게스, 까베르네 쇼비뇽",9.5,http://img.wine21.com/WINE_MST/TITLE/0148000/W0148000.jpg?365374,와인
에라주리즈 싱글 빈야드 소비뇽 블랑 ,14,http://img.wine21.com/WINE_MST/TITLE/0150000/W0150996.jpg?313390,와인
"에라주리즈, 더 블렌드 까르미네르 쉬라 쁘띠 베르도",9.5,http://img.wine21.com/WINE_MST/TITLE/0150000/W0150994.jpg?639089,와인
"에라주리즈, 맥스 리제르바 까르미네르",14,http://img.wine21.com/WINE_MST/TITLE/0150000/W0150993.jpg?045886,와인
"에라주리즈, 맥스 리제르바 까베르네 소비뇽",14.5,http://img.wine21.com/WINE_MST/TITLE/0140000/W0140809.jpg?157071,와인
"에라주리즈, 맥스 리제르바 메를로",14,http://img.wine21.com/WINE_MST/TITLE/0140000/W0140810.jpg?582331,와인
"에라주리즈, 맥스 리제르바 샤르도네",14,http://img.wine21.com/WINE_MST/TITLE/0140000/W0140814.jpg?153672,와인
"에라주리즈, 맥스 리제르바 시라",14.5,http://img.wine21.com/WINE_MST/TITLE/0140000/W0140811.jpg?541028,와인
"에라주리즈, 맥스 리제르바 피노 누아",9,http://img.wine21.com/WINE_MST/TITLE/0148000/W0148078.jpg?687856,와인
"에라주리즈, 싱글 빈야드 까르미네르",14,http://img.wine21.com/WINE_MST/TITLE/0150000/W0150995.jpg?439958,와인
"에라주리즈, 에스테이트 까르미네르",14,http://img.wine21.com/WINE_MST/TITLE/0150000/W0150992.jpg?149394,와인
"에라주리츠 오발, 빈 7479 메를로",9,http://img.wine21.com/WINE_MST/TITLE/0151000/W0151303.jpg?268676,와인
"에라주리츠 오발, 빈 7479 샤도네이",9,http://img.wine21.com/WINE_MST/TITLE/0153000/W0153806.jpg?937333,와인
에레다드 우가르떼 크리안자,13.5,http://img.wine21.com/WINE_MST/TITLE/0150000/W0150359.jpg?520437,와인
에르다드 두 가미투 레세르바,9.5,http://img.wine21.com/WINE_MST/TITLE/0162000/W0162724.jpg?146367,와인
에르다지 두 가미투,14,http://img.wine21.com/WINE_MST/TITLE/0162000/W0162023.jpg?136445,와인
"에르다지 두 가미투, 테라스 두 크라투",14,http://img.wine21.com/WINE_MST/TITLE/0162000/W0162036.jpg?090619,와인
에멀로 멜롯,9.5,http://img.wine21.com/WINE_MST/TITLE/0162000/W0162837.jpg?755433,와인
"에밀리아나, 에코 발란스 리제르바 까르미네르",14,http://img.wine21.com/WINE_MST/TITLE/0148000/W0148218.jpg?016992,와인
"에반스 앤 테이트, 낭가라 까베르네 메를로",14,http://img.wine21.com/WINE_MST/TITLE/0149000/W0149940.jpg?429934,와인
"에반스 앤 테이트, 낭가라 까베르네 소비뇽",9.5,http://img.wine21.com/WINE_MST/TITLE/0149000/W0149939.jpg?168657,와인
"에반스 앤 테이트, 낭가라 샤도네이",10,http://img.wine21.com/WINE_MST/TITLE/0149000/W0149938.jpg?582748,와인
"에반스 앤 테이트, 마가렛리버 샤도네이",14,http://img.wine21.com/WINE_MST/TITLE/0149000/W0149941.jpg?762023,와인
"에버그린 빈야드, 스프레스 구즈 오레곤 피노 그리",11,http://img.wine21.com/WINE_MST/TITLE/0148000/W0148869.jpg?935421,와인
"에셀론 빈야드, 까베르네 소비뇽",10.5,http://img.wine21.com/WINE_MST/TITLE/0146000/W0146212.jpg?598908,와인
"에스따시옹, 리저브 까베르네 소비뇽",9.5,http://img.wine21.com/WINE_MST/TITLE/0145000/W0145960.jpg?666147,와인
에스쿠도 로호 샤르도네,14,http://img.wine21.com/WINE_MST/TITLE/0145000/W0145808.jpg?636471,와인
"에스타시옹, 까베르네 소비뇽",14,http://img.wine21.com/WINE_MST/TITLE/0145000/W0145962.jpg?233602,와인
"에스타시옹, 메를로",9.5,http://img.wine21.com/WINE_MST/TITLE/0145000/W0145964.jpg?693758,와인
"에스타시옹, 샤르도네",14,http://img.wine21.com/WINE_MST/TITLE/0145000/W0145965.jpg?362466,와인
"에스터하지, 그뤼너 벨트리너",12,http://img.wine21.com/WINE_MST/TITLE/0149000/W0149503.jpg?963048,와인
"에스터하지, 뀌베 트로켄베렌아우스레제",12,http://img.wine21.com/WINE_MST/TITLE/0149000/W0149508.jpg?319341,와인
"에스터하지, 라이타베르그 샤도네이",13,http://img.wine21.com/WINE_MST/TITLE/0153000/W0153819.jpg?626667,와인
"에스터하지, 블라우프랭키쉬 클래식",9,http://img.wine21.com/WINE_MST/TITLE/0149000/W0149499.jpg?347332,와인
"에스터하지, 블라우프랭키쉬 퓔리히",9,http://img.wine21.com/WINE_MST/TITLE/0149000/W0149505.jpg?570780,와인
"에스터하지, 블랑 드 누아 브뤼",13,http://img.wine21.com/WINE_MST/TITLE/0149000/W0149501.jpg?049624,와인
"에스터하지, 샤도네 아이스와인",11,http://img.wine21.com/WINE_MST/TITLE/0149000/W0149498.jpg?029476,와인
"에스터하지, 샤도네이 라마",9,http://img.wine21.com/WINE_MST/TITLE/0149000/W0149506.jpg?459516,와인
"에스터하지, 에스토라스",13,http://img.wine21.com/WINE_MST/TITLE/0149000/W0149502.jpg?849050,와인
"에스터하지, 테소로",14,http://img.wine21.com/WINE_MST/TITLE/0149000/W0149509.jpg?434413,와인
"에스터하지, 프로그킹",9,http://img.wine21.com/WINE_MST/TITLE/0153000/W0153817.jpg?559886,와인
"에스터하지, 프린스",8,http://img.wine21.com/WINE_MST/TITLE/0153000/W0153816.jpg?244396,와인
"에스터하지, 피노누아 훈더트푼더",14,http://img.wine21.com/WINE_MST/TITLE/0149000/W0149507.jpg?589749,와인
"에스터하지, 피노블랑 타췰러",8.5,http://img.wine21.com/WINE_MST/TITLE/0150000/W0150603.jpg?119704,와인
에스트렐라 10,10,http://img.wine21.com/WINE_MST/TITLE/0142000/W0142793.jpg?897633,와인
에스펠트 코마 브루나 ,15,http://img.wine21.com/WINE_MST/TITLE/0162000/W0162813.jpg?535975,와인
에스피리뚜 클래식 소비뇽 블랑 ,12,http://img.wine21.com/WINE_MST/TITLE/0149000/W0149834.jpg?876661,와인
"에스피리뚜, 그랑 리저브 카버넷 소비뇽 ",14,http://img.wine21.com/WINE_MST/TITLE/0149000/W0149826.jpg?068666,와인
"에스피리뚜, 리제르바 프리바다 카버넷 소비뇽",13,http://img.wine21.com/WINE_MST/TITLE/0149000/W0149833.jpg?312103,와인
"에스피리뚜, 클래식 카버넷 소비뇽 ",13,http://img.wine21.com/WINE_MST/TITLE/0149000/W0149831.jpg?944315,와인
"에써 빈야드, 메를로",13.5,http://img.wine21.com/WINE_MST/TITLE/0164000/W0164986.jpg?200330,와인
"에이 투 지, 오레곤 피노 누아",9,http://img.wine21.com/WINE_MST/TITLE/0148000/W0148979.jpg?683629,와인
에이스 와인,12,http://img.wine21.com/WINE_MST/TITLE/0148000/W0148700.jpg?371491,와인
에토스 리저브 까베르네 소비뇽,13.5,http://img.wine21.com/WINE_MST/TITLE/0162000/W0162333.jpg?676656,와인
에토스 리저브 시라,14.5,http://img.wine21.com/WINE_MST/TITLE/0162000/W0162334.jpg?755875,와인
"엑셀시오르, 까베르네 쇼비뇽",9.5,http://img.wine21.com/WINE_MST/TITLE/0162000/W0162645.jpg?175972,와인
"엑셀시오르, 메를로",14,http://img.wine21.com/WINE_MST/TITLE/0162000/W0162646.jpg?152930,와인
"엑셀시오르, 소비뇽 블랑",13,http://img.wine21.com/WINE_MST/TITLE/0162000/W0162647.jpg?723865,와인
"엑셀시오르, 퓨어브레드 소비뇽 블랑",13,http://img.wine21.com/WINE_MST/TITLE/0162000/W0162649.jpg?715015,와인
"엑셀시오르, 퓨어브레드 쉬라즈 메를로",14,http://img.wine21.com/WINE_MST/TITLE/0162000/W0162648.jpg?154566,와인
엑스 샤또 레드,14,http://img.wine21.com/WINE_MST/TITLE/0161000/W0161509.jpg?698268,와인
엑스 샤또 화이트,8.5,http://img.wine21.com/WINE_MST/TITLE/0161000/W0161508.jpg?954680,와인
엔젤 리프 돈펠더 메를로,7,http://img.wine21.com/WINE_MST/TITLE/0148000/W0148018.jpg?319907,와인
엔젤 하트 모스카토,5,http://img.wine21.com/WINE_MST/TITLE/0147000/W0147519.jpg?212302,와인
"엔젤하트, 브라케또",5.5,http://img.wine21.com/WINE_MST/TITLE/0147000/W0147520.jpg?817936,와인
엘 과르다도 말벡,8.5,http://img.wine21.com/WINE_MST/TITLE/0145000/W0145491.jpg?948021,와인
엘 과르다도 시라,8.5,http://img.wine21.com/WINE_MST/TITLE/0145000/W0145492.jpg?663887,와인
엘 엠파라도 까베르네 쇼비뇽,9,http://img.wine21.com/no_image1.jpg?939306,와인
엘 프린시펄 칼리칸토,9.5,http://img.wine21.com/WINE_MST/TITLE/0150000/W0150354.jpg?727669,와인
엘렉트라 레드,5.5,http://img.wine21.com/WINE_MST/TITLE/0148000/W0148047.jpg?829651,와인
엘렉트라 화이트,4.5,http://img.wine21.com/WINE_MST/TITLE/0148000/W0148048.jpg?294805,와인
"엘리엇 락 이스테이트, 아이스 와인",9,http://img.wine21.com/no_image1.jpg?260231,와인
엘리자베스 로제 샤도네이,13.5,http://img.wine21.com/WINE_MST/TITLE/0167000/W0167791.png?353710,와인
"엘지아이 와인, 앙시앙 땅 그랑 블루",13.5,http://img.wine21.com/WINE_MST/TITLE/0166000/W0166364.jpg?460347,와인
"엘지아이 와인, 앙시앙 땅 까베르네 시라",13,http://img.wine21.com/WINE_MST/TITLE/0161000/W0161667.jpg?517018,와인
"엘지아이 와인, 앙시앙 땅 블랑",12.5,http://img.wine21.com/WINE_MST/TITLE/0160000/W0160775.jpg?974277,와인
"엘크 코브, 피노 누아",9,http://img.wine21.com/WINE_MST/TITLE/0149000/W0149188.jpg?017738,와인
엠,3,http://img.wine21.com/WINE_MST/TITLE/0159000/W0159048.jpg?466056,와인
엠 까바  셀렉션 이스페셜  로제  1882,12,http://img.wine21.com/WINE_MST/TITLE/0149000/W0149961.jpg?172199,와인
엠 까바 셀렉션 이스페셜 브뤼 1882,8,http://img.wine21.com/WINE_MST/TITLE/0149000/W0149960.jpg?799180,와인
엠 까바 프레미엄 뀌베 밀레짐 로제 ,12,http://img.wine21.com/WINE_MST/TITLE/0149000/W0149963.jpg?762917,와인
엠 로제,3,http://img.wine21.com/WINE_MST/TITLE/0159000/W0159049.jpg?688452,와인
엠 바이 빌라 엠,3,http://img.wine21.com/WINE_MST/TITLE/0150000/W0150990.jpg?774542,와인
"엠 샤푸티에, 라 시부아즈 레드",13,http://img.wine21.com/WINE_MST/TITLE/0146000/W0146657.jpg?660276,와인
"엠 샤푸티에, 라 시부아즈 화이트",13,http://img.wine21.com/WINE_MST/TITLE/0146000/W0146658.jpg?054820,와인
예랜즈 클리어워터 코브 소비뇽 블랑,13,http://img.wine21.com/WINE_MST/TITLE/0151000/W0151288.jpg?457053,와인
"예랜즈, 웨일즈 테일 소비뇽 블랑 ",13,http://img.wine21.com/WINE_MST/TITLE/0151000/W0151956.jpg?913206,와인
"예르만, 레드 엔젤",13,http://img.wine21.com/WINE_MST/TITLE/0166000/W0166398.jpg?226933,와인
"예르만, 빈티지 투니나",13.5,http://img.wine21.com/WINE_MST/TITLE/0146000/W0146766.jpg?835053,와인
예링 스테이션 리틀 예링 까베르네 쉬라즈,14.5,http://img.wine21.com/WINE_MST/TITLE/0143000/W0143594.jpg?617990,와인
예링 스테이션 리틀 예링 피노 누아,13,http://img.wine21.com/WINE_MST/TITLE/0149000/W0149453.jpg?484888,와인
예링 스테이션 샤도네이,9,http://img.wine21.com/WINE_MST/TITLE/0143000/W0143599.jpg?001791,와인
예링 스테이션 쉬라즈 비오니에,9,http://img.wine21.com/WINE_MST/TITLE/0143000/W0143600.jpg?556104,와인
예링 스테이션 피노 누아,9.5,http://img.wine21.com/WINE_MST/TITLE/0143000/W0143598.jpg?389452,와인
"옐랜즈, 에스테이트 소비뇽 블랑",9,http://img.wine21.com/WINE_MST/TITLE/0150000/W0150626.jpg?070657,와인
"옐랜즈, 에스테이트 피노 누아",9,http://img.wine21.com/WINE_MST/TITLE/0150000/W0150627.jpg?363604,와인
"옐랜즈, 웨이 소비뇽 블랑",13,http://img.wine21.com/WINE_MST/TITLE/0150000/W0150624.jpg?580568,와인
"옐랜즈, 웨이 피노 누아",9,http://img.wine21.com/WINE_MST/TITLE/0150000/W0150625.jpg?326641,와인
"옐로우 테일, 버블스",12,http://img.wine21.com/WINE_MST/TITLE/0142000/W0142831.jpg?484889,와인
"옐로우 테일, 쉬라즈 리저브 스페셜 셀렉션",9,http://img.wine21.com/WINE_MST/TITLE/0150000/W0150061.jpg?376755,와인
"옐로우 테일, 프리미엄 까베르네 소비뇽",12,http://img.wine21.com/WINE_MST/TITLE/0145000/W0145824.jpg?653788,와인
"오 봉 클리마, 샤도네이 로스 알라모스 ",9,http://img.wine21.com/WINE_MST/TITLE/0154000/W0154361.jpg?245495,와인
"오 봉 클리마, 피노 누아 닐슨",13.5,http://img.wine21.com/WINE_MST/TITLE/0161000/W0161927.jpg?740339,와인
"오 봉 클리마, 피노누아",9,http://img.wine21.com/WINE_MST/TITLE/0153000/W0153953.jpg?299180,와인
"오 푸르니에, 어반 까베르네 소비뇽",9,http://img.wine21.com/WINE_MST/TITLE/0147000/W0147107.jpg?182610,와인
오 프르니에 B 크룩스,9.5,http://img.wine21.com/WINE_MST/TITLE/0146000/W0146294.jpg?476581,와인
오 프르니에 어반 우코 말벡,9.5,http://img.wine21.com/WINE_MST/TITLE/0146000/W0146293.jpg?419639,와인
오 프르니에 어반 우코 블랜드,9.5,http://img.wine21.com/WINE_MST/TITLE/0146000/W0146292.jpg?766297,와인
"오 프르니에, 스피가",9.5,http://img.wine21.com/WINE_MST/TITLE/0146000/W0146311.jpg?767041,와인
"오 프르니에, 어반 우코 토론테스",9,http://img.wine21.com/WINE_MST/TITLE/0154000/154344.jpg?356623,와인
오데 데디,9.5,http://img.wine21.com/WINE_MST/TITLE/0142000/W0142134.jpg?216717,와인
"오데로, 랑게 네비올로",14.5,http://img.wine21.com/WINE_MST/TITLE/0163000/W0163271.jpg?383872,와인
"오데로, 모스카토 다스티",5.5,http://img.wine21.com/WINE_MST/TITLE/0163000/W0163273.jpg?728780,와인
"오데로, 바르바레스코 갈리나",13.5,http://img.wine21.com/WINE_MST/TITLE/0163000/W0163270.jpg?837930,와인
"오도아르디, 빈냐 가론네 스카비그나",9,http://img.wine21.com/WINE_MST/TITLE/0145000/W0145220.jpg?426373,와인
"오도아르디, 빈냐 모르틸라 사부토 수페리오레",14,http://img.wine21.com/WINE_MST/TITLE/0145000/W0145217.jpg?656728,와인
"오도아르디, 사부또",9,http://img.wine21.com/WINE_MST/TITLE/0145000/W0145215.jpg?900158,와인
"오드펠, 아르마도르 까르메네르",9,http://img.wine21.com/WINE_MST/TITLE/0161000/W0161177.jpg?262924,와인
"오드펠, 아르마도르 까베르네 소비뇽",13.5,http://img.wine21.com/WINE_MST/TITLE/0151000/W0151946.jpg?612729,와인
"오드펠, 아르마도르 소비뇽 블랑",14,http://img.wine21.com/WINE_MST/TITLE/0154000/W0154350.jpg?876233,와인
"오드펠, 아르마도르 쉬라",13.5,http://img.wine21.com/WINE_MST/TITLE/0161000/W0161176.jpg?972827,와인
"오드펠, 알리아라",9.5,http://img.wine21.com/WINE_MST/TITLE/0151000/W0151953.jpg?211838,와인
"오드펠, 오르자다 까르메네르",14,http://img.wine21.com/WINE_MST/TITLE/0151000/W0151949.jpg?485696,와인
"오드펠, 오르자다 까리냥",13,http://img.wine21.com/WINE_MST/TITLE/0162000/W0162650.jpg?990406,와인
오디세이,12.5,http://img.wine21.com/WINE_MST/TITLE/0160000/W0160757.jpg?706207,와인
오디푸스,14,http://img.wine21.com/WINE_MST/TITLE/0157000/W0157533.jpg?977564,와인
"오똘라티, 모스카토 다스티",5.5,http://img.wine21.com/WINE_MST/TITLE/0165000/W0165888.jpg?139693,와인
오로야 스시 블랑,11.5,http://img.wine21.com/WINE_MST/TITLE/0161000/W0161024.jpg?157109,와인
오르넬로 ,14.5,http://img.wine21.com/WINE_MST/TITLE/0163000/W0163649.jpg?833564,와인
오리스탄 크리안자,13.5,http://img.wine21.com/WINE_MST/TITLE/0163000/W0163668.jpg?531387,와인
"오미나 로마나, 까베르네 소비뇽",13.5,http://img.wine21.com/WINE_MST/TITLE/0166000/W0166992.jpg?012727,와인
"오미나 로마나, 메를로",13.5,http://img.wine21.com/WINE_MST/TITLE/0166000/W0166991.jpg?596466,와인
"오미나 로마나, 에르메스 디악토로스 로쏘",13.5,http://img.wine21.com/WINE_MST/TITLE/0166000/W0166990.jpg?851639,와인
"오미나 로마나, 에르메스 디악토로스 비앙코",13.5,http://img.wine21.com/WINE_MST/TITLE/0166000/W0166989.jpg?130969,와인
오미로제 연,8.5,http://img.wine21.com/WINE_MST/TITLE/0167000/W0167128.png?997138,와인
"오버스톤, 말보로 소비뇽 블랑 리저브",13,http://img.wine21.com/WINE_MST/TITLE/0141000/W0141835.jpg?846585,와인
"오버스톤, 말보로 피노 그리",13,http://img.wine21.com/WINE_MST/TITLE/0141000/W0141832.jpg?810729,와인
오빌로스 화이트 ,9.5,http://img.wine21.com/WINE_MST/TITLE/0160000/W0160707.jpg?358680,와인
"오스본, 루비 포트",19.5,http://img.wine21.com/WINE_MST/TITLE/0162000/W0162396.jpg?931309,와인
"오스본, 솔라즈 베르데호",12,http://img.wine21.com/WINE_MST/TITLE/0164000/W0164026.png?506975,와인
"오스본, 솔라즈 쉬라즈 템프라니요",9.5,http://img.wine21.com/WINE_MST/TITLE/0164000/W0164027.png?243983,와인
"오스본, 솔라즈 템프라니요 까베르네 소비뇽						",8.5,http://img.wine21.com/WINE_MST/TITLE/0164000/W0164028.png?615564,와인
오이스터 베이 소비뇽 블랑,13,http://img.wine21.com/WINE_MST/TITLE/0159000/W0159028.jpg?390255,와인
"오지에, 에리따쥬 꼬뜨 뒤 론 빌라쥬 '쁠랑 드 디유'",14.5,http://img.wine21.com/WINE_MST/TITLE/0166000/W0166936.jpg?647501,와인
"오지에, 에리따쥬 리락",14.5,http://img.wine21.com/WINE_MST/TITLE/0166000/W0166937.jpg?219230,와인
"오지에, 에리따쥬 크로즈 에르미따쥬",14.5,http://img.wine21.com/WINE_MST/TITLE/0166000/W0166938.jpg?164587,와인
오지오 프리미티보,8.5,http://img.wine21.com/WINE_MST/TITLE/0147000/W0147567.jpg?941625,와인
오지오 피노그리지오,12,http://img.wine21.com/WINE_MST/TITLE/0147000/W0147568.jpg?481795,와인
"오차가비아, 실베스트레 메를로",13,http://img.wine21.com/WINE_MST/TITLE/0167000/W0167715.png?787996,와인
"오초띠에라스, 까베르네 쇼비뇽 리제르바",13,http://img.wine21.com/WINE_MST/TITLE/0149000/W0149901.jpg?445444,와인
"오텔라, 깜뽀 시레소",14.5,http://img.wine21.com/WINE_MST/TITLE/0167000/W0167047.jpg?793808,와인
"오텔라, 로제스로제스",12.5,http://img.wine21.com/WINE_MST/TITLE/0167000/W0167033.jpg?092211,와인
"오토리타스, 멀롯",13,http://img.wine21.com/WINE_MST/TITLE/0155000/W0155528.jpg?329493,와인
"오토리타스, 샤도네이",8.5,http://img.wine21.com/WINE_MST/TITLE/0155000/W0155531.jpg?981739,와인
"오토리타스, 소비뇽 블랑",12,http://img.wine21.com/WINE_MST/TITLE/0155000/W0155532.jpg?930337,와인
"오토리타스, 시라",13,http://img.wine21.com/WINE_MST/TITLE/0155000/W0155529.jpg?568460,와인
"오토리타스, 카르메네르",13,http://img.wine21.com/WINE_MST/TITLE/0155000/W0155530.jpg?017258,와인
"오토리타스, 카버네 소비뇽",13,http://img.wine21.com/WINE_MST/TITLE/0155000/W0155527.jpg?383614,와인
오퍼튜니스트 쉬라즈,9.5,http://img.wine21.com/WINE_MST/TITLE/0161000/W0161800.jpg?247294,와인
오페라 로제,8,http://img.wine21.com/WINE_MST/TITLE/0148000/W0148305.jpg?801110,와인
"오하우 와인즈, 워번 스톤 소비뇽 블랑",12,http://img.wine21.com/WINE_MST/TITLE/0150000/W0150923.jpg?266479,와인
"오하이, 피노 누아",14,http://img.wine21.com/WINE_MST/TITLE/0147000/W0147827.jpg?980051,와인
올드 소울 카버네 소비뇽,13,http://img.wine21.com/WINE_MST/TITLE/0163000/W0163178.jpg?522068,와인
올리벳 레인 샤도네,7.5,http://img.wine21.com/WINE_MST/TITLE/0143000/W0143868.jpg?984503,와인
올리벳 레인 피노 누아,10,http://img.wine21.com/WINE_MST/TITLE/0143000/W0143869.jpg?950387,와인
"올리비에 르플레브, 꼬뜨 드 본 빌라쥬",13.5,http://img.wine21.com/WINE_MST/TITLE/0166000/W0166923.jpg?530078,와인
"올리비에 르플레브, 부르고뉴 “옹끌 뱅썽”",13.5,http://img.wine21.com/WINE_MST/TITLE/0167000/W0167785.png?111864,와인
"올리비에 르플레브, 부르고뉴 '레 세띠'",12.5,http://img.wine21.com/WINE_MST/TITLE/0166000/W0166918.jpg?152717,와인
"올리비에 르플레브, 부르고뉴 사르도네",12.5,http://img.wine21.com/WINE_MST/TITLE/0152000/W0152066.jpg?197253,와인
"올리비에 르플레브, 부르고뉴 피노누아",13.5,http://img.wine21.com/WINE_MST/TITLE/0166000/W0166994.jpg?576719,와인
"올리비에 르플레브, 쌩 호망",12.5,http://img.wine21.com/WINE_MST/TITLE/0166000/W0166919.jpg?348812,와인
"올리비에 르플레브, 오쎄 듀레스",12.5,http://img.wine21.com/WINE_MST/TITLE/0166000/W0166920.jpg?655437,와인
"올리비에 주앙, 모레이 생 드니 '끌로 솔롱'",13,http://img.wine21.com/WINE_MST/TITLE/0149000/W0149028.jpg?556149,와인
"올리비에 주앙, 부르고뉴 피노 누아",8.5,http://img.wine21.com/WINE_MST/TITLE/0149000/W0149162.jpg?512238,와인
"올리비에르 르플레이브, 샤블리 프르미에 크뤼 '바이용'",13,http://img.wine21.com/WINE_MST/TITLE/0147000/W0147118.jpg?844533,와인
"와이너리 온, 데뮤에르떼 디럭스",14.5,http://img.wine21.com/WINE_MST/TITLE/0167000/W0167723.png?273817,와인
"와이너리 온, 데뮤에르떼 원",14.5,http://img.wine21.com/WINE_MST/TITLE/0167000/W0167721.png?363945,와인
"와이너리 온, 데뮤에르떼 클래식",14.5,http://img.wine21.com/WINE_MST/TITLE/0165000/W0165126.png?664552,와인
"와이너리 온, 데뮤에르떼 화이트",12.5,http://img.wine21.com/WINE_MST/TITLE/0167000/W0167722.png?947608,와인
와인 맨 오브 고담 브뤼 뀌베,11,http://img.wine21.com/WINE_MST/TITLE/0158000/W0158038.jpg?660181,와인
"와인 스팟스, 나파밸리 까베르네 쇼비뇽",14.5,http://img.wine21.com/WINE_MST/TITLE/0167000/W0167460.png?908889,와인
"와인 스팟스, 소노마 코스트 피노 누아",14.5,http://img.wine21.com/WINE_MST/TITLE/0167000/W0167459.png?441441,와인
와인 훌리건스 싸이클즈 글래디에이터 메를로,9,http://img.wine21.com/WINE_MST/TITLE/0157000/W0157177.jpg?202352,와인
와인맨 오브 고담 까버네 소비뇽,13,http://img.wine21.com/WINE_MST/TITLE/0158000/W0158035.jpg?629961,와인
와인맨 오브 고담 모스카토,11,http://img.wine21.com/WINE_MST/TITLE/0158000/W0158037.jpg?738171,와인
와인맨 오브 고담 쉬라즈,7.5,http://img.wine21.com/WINE_MST/TITLE/0158000/W0158036.jpg?228873,와인
"와인메이커스 컬렉션 뀌베 넘버 원, 미셸 롤랑",9,http://img.wine21.com/WINE_MST/TITLE/0148000/W0148293.jpg?362658,와인
"와인메이커스 컬렉션 뀌베 넘버 투, 드니 뒤부르디유",13,http://img.wine21.com/WINE_MST/TITLE/0148000/W0148294.jpg?867666,와인
와인즈 프롬 프랑스 까베네 소비뇽,8.5,http://img.wine21.com/WINE_MST/TITLE/0151000/W0151924.jpg?643323,와인
와인즈 프롬 프랑스 멀롯,9,http://img.wine21.com/WINE_MST/TITLE/0151000/W0151925.jpg?595026,와인
요하네스호프 라이니쉬 피노누아,12.5,http://img.wine21.com/WINE_MST/TITLE/0167000/W0167223.jpg?605458,와인
우가르떼,13.5,http://img.wine21.com/WINE_MST/TITLE/0150000/W0150360.jpg?871459,와인
우니꼬 피노 그리지오,12,http://img.wine21.com/WINE_MST/TITLE/0161000/W0161462.jpg?470227,와인
우씨땅,8.5,http://img.wine21.com/WINE_MST/TITLE/0141000/W0141820.jpg?283658,와인
"운두라가, 브뤼 로얄",8.5,http://img.wine21.com/WINE_MST/TITLE/0149000/W0149570.jpg?001842,와인
"운두라가, 브뤼 수프레메",13,http://img.wine21.com/WINE_MST/TITLE/0149000/W0149569.jpg?049798,와인
"울프베르제, 방당주 타르디브 피노 그리",12.5,http://img.wine21.com/WINE_MST/TITLE/0165000/W0165494.jpg?429476,와인
"워릭, 더 퍼스트 레이디",11,http://img.wine21.com/WINE_MST/TITLE/0147000/W0147513.jpg?460396,와인
"워릭, 쓰리 케이프 레이디스",11.5,http://img.wine21.com/WINE_MST/TITLE/0147000/W0147514.jpg?026422,와인
원글라스 까베르네 소비뇽,13,http://img.wine21.com/WINE_MST/TITLE/0155000/W0155813.jpg?100163,와인
원글라스 베르멘티노,13,http://img.wine21.com/WINE_MST/TITLE/0155000/W0155815.jpg?575064,와인
원글라스 산지오베제,13,http://img.wine21.com/WINE_MST/TITLE/0155000/W0155814.jpg?063441,와인
원글라스 피노 그리지오,8.5,http://img.wine21.com/WINE_MST/TITLE/0155000/W0155816.jpg?980523,와인
월라비 크릭 푸루티 레드,14,http://img.wine21.com/WINE_MST/TITLE/0145000/W0145095.jpg?399135,와인
월라비 크릭 푸루티 화이트,12,http://img.wine21.com/WINE_MST/TITLE/0145000/W0145097.jpg?608685,와인
"웨스트 + 와일더, 스파클링 로제",12.5,http://img.wine21.com/WINE_MST/TITLE/0167000/W0167036.jpg?638811,와인
"웨스트 + 와일더, 스파클링 화이트",11.5,http://img.wine21.com/WINE_MST/TITLE/0167000/W0167035.jpg?288678,와인
"웨스트 + 와일더, 화이트",12.5,http://img.wine21.com/WINE_MST/TITLE/0167000/W0167034.jpg?060355,와인
"웬티, 베이어 랜치 까베르네 쇼비뇽",9,http://img.wine21.com/WINE_MST/TITLE/0163000/W0163188.jpg?097786,와인
"웬티, 베이어 랜치 진판델",9.5,http://img.wine21.com/WINE_MST/TITLE/0147000/W0147062.jpg?226998,와인
"웬티, 스몰 랏 에릭스 언오크드 샤도네이",13.5,http://img.wine21.com/WINE_MST/TITLE/0165000/W0165838.jpg?524657,와인
위 리저브 당글레 루즈,14.5,http://img.wine21.com/WINE_MST/TITLE/0166000/W0166192.jpg?792975,와인
"위라 위라, 알에스더블유",9.5,http://img.wine21.com/WINE_MST/TITLE/0144000/W0144569.jpg?155745,와인
"위라 위라, 애들레이드 샤도네이",8.5,http://img.wine21.com/WINE_MST/TITLE/0160000/W0160991.jpg?229496,와인
"위라 위라, 애들레이드 쉬라즈",9.5,http://img.wine21.com/WINE_MST/TITLE/0160000/W0160992.jpg?195235,와인
위터스톤 피노누아,9.5,http://img.wine21.com/WINE_MST/TITLE/0145000/W0145600.jpg?706000,와인
"위터스톤, 까베르네 쇼비뇽",9.5,http://img.wine21.com/WINE_MST/TITLE/0145000/W0145601.jpg?295594,와인
"위터스톤, 메를로",9.5,http://img.wine21.com/WINE_MST/TITLE/0145000/W0145599.jpg?097172,와인
윈담 이스테이트 빈 555 쉬라즈,11,http://img.wine21.com/WINE_MST/TITLE/0141000/W0141790.jpg?108519,와인
"윈담 이스테이트, 블랙 클러스터 쉬라즈",14,http://img.wine21.com/WINE_MST/TITLE/0146000/W0146629.jpg?323717,와인
"윈담 이스테이트, 빈 222 샤르도네 ",9,http://img.wine21.com/WINE_MST/TITLE/0141000/W0141787.jpg?318893,와인
"윈담 이스테이트, 빈 333 피노 누아",10.5,http://img.wine21.com/WINE_MST/TITLE/0141000/W0141788.jpg?941720,와인
"윈담 이스테이트, 빈 444 까베르네 소비뇽",7.5,http://img.wine21.com/WINE_MST/TITLE/0141000/W0141789.jpg?019865,와인
"윈담 이스테이트, 빈 888 까베르네 메를로",7.5,http://img.wine21.com/WINE_MST/TITLE/0141000/W0141791.jpg?171504,와인
"윈담 이스테이트, 쇼 리저브 까베르네 멜롯",14,http://img.wine21.com/WINE_MST/TITLE/0141000/W0141792.jpg?750368,와인
"윈담 이스테이트, 쇼 리저브 샤르도네 ",10.5,http://img.wine21.com/WINE_MST/TITLE/0141000/W0141793.jpg?365140,와인
"윈담 이스테이트, 죠지 윈담 쉬라즈 그르나슈",9,http://img.wine21.com/WINE_MST/TITLE/0146000/W0146631.jpg?950053,와인
윌라켄지 피에르 레옹 피노누아 ,9.5,http://img.wine21.com/WINE_MST/TITLE/0149000/W0149053.jpg?602526,와인
"윌리엄 페브르, 샤블리 프르미에 크뤼 '몽멩'",13,http://img.wine21.com/WINE_MST/TITLE/0156000/W0156886.jpg?788814,와인
윌슨 카베르네 소비뇽,9.5,http://img.wine21.com/WINE_MST/TITLE/0166000/W0166844.jpg?313294,와인
"윤떼로, 크리안자",9,http://img.wine21.com/WINE_MST/TITLE/0147000/W0147925.jpg?608908,와인
"이 발지니, 그린 라벨",8.5,http://img.wine21.com/WINE_MST/TITLE/0150000/W0150018.jpg?198832,와인
"이 발지니, 화이트 라벨",9,http://img.wine21.com/WINE_MST/TITLE/0150000/W0150038.jpg?436171,와인
이기갈 꼬뜨 뒤 론 화이트,9,http://img.wine21.com/WINE_MST/TITLE/0140000/W0140794.jpg?248724,와인
이기갈 꼬뜨 로띠 '브륀 & 블롱드',9,http://img.wine21.com/WINE_MST/TITLE/0140000/W0140793.jpg?327538,와인
"이기갈, 생 조셉 레드",13,http://img.wine21.com/WINE_MST/TITLE/0140000/W0140801.jpg?074736,와인
"이기갈, 에르미타쥐 블랑",13,http://img.wine21.com/WINE_MST/TITLE/0140000/W0140799.jpg?131107,와인
"이까르디, 누이수이 바르베라 다스티",14,http://img.wine21.com/WINE_MST/TITLE/0149000/W0149892.jpg?176958,와인
"이까르디, 라 로사 셀바티카 모스카토",5.5,http://img.wine21.com/WINE_MST/TITLE/0149000/W0149887.jpg?112200,와인
"이까르디, 로우소리 돌체토 달바",9,http://img.wine21.com/WINE_MST/TITLE/0149000/W0149890.jpg?119519,와인
"이까르디, 몽투베르트 바르바레스코",14,http://img.wine21.com/WINE_MST/TITLE/0149000/W0149893.jpg?080071,와인
"이까르디, 수리비진 브라퀘토",6.5,http://img.wine21.com/WINE_MST/TITLE/0149000/W0149888.jpg?351766,와인
"이까르디, 수리지반 랑게 네비올로",14,http://img.wine21.com/WINE_MST/TITLE/0149000/W0149891.jpg?722969,와인
"이까르디, 타바렌 바르베라 다스티",13,http://img.wine21.com/WINE_MST/TITLE/0149000/W0149889.jpg?796312,와인
"이까르디, 파레이 바롤로",14,http://img.wine21.com/WINE_MST/TITLE/0149000/W0149894.jpg?375644,와인
"이노바, 레드",13.5,http://img.wine21.com/WINE_MST/TITLE/0166000/W0166560.jpg?635382,와인
"이노바, 화이트",12.5,http://img.wine21.com/WINE_MST/TITLE/0166000/W0166561.jpg?538546,와인
"이니스킬린, 골드 비달 아이스와인 오크 에이지드",9,http://img.wine21.com/WINE_MST/TITLE/0147000/W0147250.jpg?385229,와인
"이니스킬린, 스파클링 비달",8,http://img.wine21.com/WINE_MST/TITLE/0147000/W0147251.jpg?421777,와인
이든 샤도네이,8.75,http://img.wine21.com/WINE_MST/TITLE/0166000/W0166811.jpg?253482,와인
이든 소비뇽 블랑,8.75,http://img.wine21.com/WINE_MST/TITLE/0166000/W0166810.jpg?330492,와인
"이든, 르네상스 샤도네이",13.5,http://img.wine21.com/WINE_MST/TITLE/0166000/W0166809.jpg?851232,와인
"이바치, 레잇 하베스트",8,http://img.wine21.com/WINE_MST/TITLE/0140000/W0140234.jpg?442182,와인
"이바치, 로쏘 돌체",12,http://img.wine21.com/WINE_MST/TITLE/0140000/W0140236.jpg?861548,와인
"이바치, 리즐링 돌체",8,http://img.wine21.com/WINE_MST/TITLE/0140000/W0140235.jpg?861140,와인
"이바치, 비달 아이스와인",10,http://img.wine21.com/WINE_MST/TITLE/0140000/W0140233.jpg?866724,와인
이벨 레드,13.5,http://img.wine21.com/WINE_MST/TITLE/0162000/W0162066.jpg?534033,와인
이벨 화이트,13.5,http://img.wine21.com/WINE_MST/TITLE/0162000/W0162067.jpg?867733,와인
"이브 뀌에롱, 비오니에",13,http://img.wine21.com/WINE_MST/TITLE/0151000/W0151262.jpg?471590,와인
"이브 뀌에롱, 시라",8.5,http://img.wine21.com/WINE_MST/TITLE/0151000/W0151263.jpg?920900,와인
"이브 뀌에롱, 시라 '레 깡디브'",8.5,http://img.wine21.com/WINE_MST/TITLE/0151000/W0151264.jpg?822578,와인
"이브 뀌에롱, 쌩 조셉 루즈 아마리벨르",8.5,http://img.wine21.com/WINE_MST/TITLE/0151000/W0151265.jpg?042853,와인
"이브 뀌에롱, 쌩 죠셉 블랑 리제라스 ",9,http://img.wine21.com/WINE_MST/TITLE/0151000/W0151707.jpg?843364,와인
이슬라 네그라 듀얼 쉬라 까베르네 소비뇽,6.5,http://img.wine21.com/WINE_MST/TITLE/0147000/W0147408.jpg?592787,와인
이시오스 리제르바,9,http://img.wine21.com/WINE_MST/TITLE/0146000/W0146950.jpg?253355,와인
이오스 까베르네 소비뇽,10.5,http://img.wine21.com/WINE_MST/TITLE/0140000/W0140479.jpg?722553,와인
이오스 진판델,9.5,http://img.wine21.com/WINE_MST/TITLE/0140000/W0140487.jpg?327331,와인
"이카르디, 발레라 코르테제",13,http://img.wine21.com/WINE_MST/TITLE/0149000/W0149886.jpg?007846,와인
"이칼마, 샤르도네",11.5,http://img.wine21.com/WINE_MST/TITLE/0166000/W0166434.jpg?159503,와인
"이칼마, 카베르네 소비뇽",12.5,http://img.wine21.com/WINE_MST/TITLE/0166000/W0166435.jpg?110930,와인
인 드림스 피노 누아  ,8.5,http://img.wine21.com/WINE_MST/TITLE/0164000/W0164591.png?247848,와인
인도미타 울트라 프리미엄 쟈도즈,9.5,http://img.wine21.com/WINE_MST/TITLE/0153000/W0153573.jpg?157727,와인
인도미타 폴레로 메를로,13,http://img.wine21.com/WINE_MST/TITLE/0150000/W0150120.jpg?174562,와인
인도미타 프리미엄 듀엣떼,9.5,http://img.wine21.com/WINE_MST/TITLE/0153000/W0153572.jpg?231843,와인
"인도미타, 그랑 리제르바 까베르네 소비뇽",14,http://img.wine21.com/WINE_MST/TITLE/0153000/W0153569.jpg?718044,와인
"인도미타, 프리미엄 듀엣 피노 누아",14,http://img.wine21.com/WINE_MST/TITLE/0154000/W0154330.jpg?833549,와인
인시그니아 10년산 토니 포트,20,http://img.wine21.com/WINE_MST/TITLE/0150000/W0150772.jpg?754060,와인
"인트린직, 레드 블랜드",14.5,http://img.wine21.com/WINE_MST/TITLE/0164000/W0164999.jpg?547466,와인
"인트린직, 카버네 소비뇽",9.5,http://img.wine21.com/WINE_MST/TITLE/0162000/W0162481.jpg?517111,와인
인티스 메를로 말벡,11.5,http://img.wine21.com/WINE_MST/TITLE/0162000/W0162370.jpg?956650,와인
인티스 샤르도네 슈냉,11.5,http://img.wine21.com/WINE_MST/TITLE/0162000/W0162369.jpg?022738,와인
"일 몰리노 디 그레이스, 키안티 클라시코",13,http://img.wine21.com/WINE_MST/TITLE/0146000/W0146654.jpg?736136,와인
"일 몰리노 디 그레이스, 키안티 클라시코 리제르바 일 마르공",13,http://img.wine21.com/WINE_MST/TITLE/0145000/W0145227.jpg?218110,와인
"일 보로, 로제 델 보로",13.5,http://img.wine21.com/WINE_MST/TITLE/0167000/W0167436.png?008594,와인
"일 보로, 보리지아노",13.5,http://img.wine21.com/WINE_MST/TITLE/0167000/W0167437.png?514039,와인
"일 보로, 페트루나",13.5,http://img.wine21.com/WINE_MST/TITLE/0167000/W0167438.png?944617,와인
"일 팔라지오네, 안따르",14,http://img.wine21.com/WINE_MST/TITLE/0147000/W0147334.jpg?429647,와인
일 포지오네 브루넬로 디 몬탈치노,14.5,http://img.wine21.com/WINE_MST/TITLE/0152000/W0152294.jpg?906913,와인
"일 포지오네, 로쏘 디 몬탈치노 레오폴도 프란체스키",14.5,http://img.wine21.com/WINE_MST/TITLE/0162000/W0162309.jpg?917749,와인
일레 큐 보르도 레드,8.5,http://img.wine21.com/WINE_MST/TITLE/0146000/W0146859.jpg?680039,와인
"일루미나티, 리파로쏘 몬테풀치아노 다브루쪼",9,http://img.wine21.com/WINE_MST/TITLE/0145000/W0145968.jpg?331528,와인
"일루미나티, 일리코 몬테풀치아노 다브루쪼",9,http://img.wine21.com/WINE_MST/TITLE/0145000/W0145969.jpg?534255,와인
"자르데또, 포르타 몬티카노",11,http://img.wine21.com/WINE_MST/TITLE/0164000/W0164515.jpg?719355,와인
"자르데또, 프라이빗 뀌베 브뤼",11,http://img.wine21.com/WINE_MST/TITLE/0154000/W0154563.jpg?601887,와인
"자불레 베르쉐르, 부르고뉴 피노 누아",12.5,http://img.wine21.com/WINE_MST/TITLE/0151000/W0151444.jpg?589066,와인
"자카니니, 크리스탈 트위그 트레비아노 다부르쪼",12,http://img.wine21.com/WINE_MST/TITLE/0163000/W0163849.jpg?797739,와인
잔토 무스카트 오토넬,12,http://img.wine21.com/WINE_MST/TITLE/0145000/W0145419.jpg?126833,와인
"잔토, 생 로랭",13,http://img.wine21.com/WINE_MST/TITLE/0145000/W0145422.jpg?370203,와인
"장 레옹, 까베르네 소비뇽 레제르바",9,http://img.wine21.com/WINE_MST/TITLE/0147000/W0147236.jpg?751038,와인
"장 레옹, 매그놀리아 레드",14,http://img.wine21.com/WINE_MST/TITLE/0147000/W0147233.jpg?197340,와인
"장 레옹, 매그놀리아 화이트",13,http://img.wine21.com/WINE_MST/TITLE/0147000/W0147232.jpg?670366,와인
"장 뤽 콜롬보, 생 조셉 레 쁘리외레",13,http://img.wine21.com/WINE_MST/TITLE/0154000/W0154532.jpg?087177,와인
"장 뤽 콜롬보, 크로즈 에르미따쥬 '레 페 브륀'",13,http://img.wine21.com/WINE_MST/TITLE/0152000/W0152879.jpg?133968,와인
장 바부 '엘레강스' 크레망 드 리무 브뤼,12.5,http://img.wine21.com/WINE_MST/TITLE/0165000/W0165984.jpg?600112,와인
"장 비셔 앤 필, 알자스 리슬링",12.5,http://img.wine21.com/WINE_MST/TITLE/0154000/W0154397.jpg?388659,와인
장 자크 꽁퓨롱 꼬뜨 드 뉘 빌라쥐 '레 비뇨뜨,14,http://img.wine21.com/WINE_MST/TITLE/0145000/W0145096.jpg?007420,와인
"장 폴 브누아 드루엥, 샤블리 프르미에 크뤼 '베이옹'",8.5,http://img.wine21.com/WINE_MST/TITLE/0151000/W0151705.jpg?951462,와인
잭 니클라우스,8,http://img.wine21.com/WINE_MST/TITLE/0150000/W0150137.jpg?550458,와인
잭슨 트릭스 비달 아이스 와인,7.5,http://img.wine21.com/WINE_MST/TITLE/0145000/W0145877.jpg?213140,와인
잼잘 스위트 모스카토,13,http://img.wine21.com/WINE_MST/TITLE/0163000/W0163211.jpg?771404,와인
"쟈꼬모 마렌고, 뀌베 산타나",9,http://img.wine21.com/WINE_MST/TITLE/0143000/W0143422.jpg?877785,와인
"쟈꼬모 마렌고, 엘레나",9,http://img.wine21.com/WINE_MST/TITLE/0143000/W0143419.jpg?720340,와인
"쟈꼬모 마렌고, 키안티 '레 토르나이에'",9,http://img.wine21.com/WINE_MST/TITLE/0143000/W0143420.jpg?344335,와인
쟝 클로드 쿠르토 프티 샤블리,12.5,http://img.wine21.com/WINE_MST/TITLE/0161000/W0161452.jpg?786808,와인
"쟝 클로드 쿠르토, 샤블리",12.5,http://img.wine21.com/WINE_MST/TITLE/0161000/W0161449.jpg?317584,와인
"쟝 클로드 쿠르토, 샤블리 프리미에 크뤼 '몽 드 미유'",12.5,http://img.wine21.com/WINE_MST/TITLE/0161000/W0161450.jpg?593817,와인
"쟝 폴 브누아 드루엥, 샤블리",8.5,http://img.wine21.com/WINE_MST/TITLE/0151000/W0151408.jpg?760452,와인
"쟝 폴 브누아 드루엥, 샤블리 프리미에 크뤼 '몽맹'",8.5,http://img.wine21.com/WINE_MST/TITLE/0151000/W0151409.jpg?034967,와인
제나토  루가나 산 베네데토,13,http://img.wine21.com/WINE_MST/TITLE/0151000/W0151209.jpg?708004,와인
제나토 꼬르미 꼬르비나 메를로,14,http://img.wine21.com/WINE_MST/TITLE/0151000/W0151208.jpg?954782,와인
제나토 리파싸 발폴리첼라 수페리오레,14,http://img.wine21.com/WINE_MST/TITLE/0151000/W0151210.jpg?223893,와인
제나토 발폴리첼라 수페리오레 ,9,http://img.wine21.com/WINE_MST/TITLE/0151000/W0151211.jpg?551712,와인
제네시스 까베르네 쇼비뇽,9.5,http://img.wine21.com/WINE_MST/TITLE/0154000/W0154018.jpg?520174,와인
제네시스 말벡,9.5,http://img.wine21.com/WINE_MST/TITLE/0154000/W0154019.jpg?833954,와인
"제라드 듀플레시스, 샤블리",13.5,http://img.wine21.com/WINE_MST/TITLE/0167000/W0167138.jpg?247658,와인
"제라르 베르트랑, 그랑 떼루아르 또따벨",14.5,http://img.wine21.com/WINE_MST/TITLE/0158000/W0158318.jpg?505521,와인
"제라르 베르트랑, 꼬뜨 로즈 로제",13,http://img.wine21.com/WINE_MST/TITLE/0155000/W0155937.jpg?828197,와인
"제라르 베르트랑, 꼬뜨 로즈 블랑",13,http://img.wine21.com/WINE_MST/TITLE/0157000/W0157608.jpg?839416,와인
"제라르 베르트랑, 리저브 스페시알 메를로",14.5,http://img.wine21.com/WINE_MST/TITLE/0148000/W0148287.jpg?780311,와인
"제라르 베르트랑, 리저브 스페시알 비오니에",13.5,http://img.wine21.com/WINE_MST/TITLE/0154000/W0154534.jpg?986701,와인
"제라르 베르트랑, 리저브 스페시알 샤르도네",13.5,http://img.wine21.com/WINE_MST/TITLE/0148000/W0148301.jpg?610690,와인
"제라르 베르트랑, 시갈뤼스 루즈",14.5,http://img.wine21.com/WINE_MST/TITLE/0152000/W0152886.jpg?806565,와인
"제라르 베르트랑, 시갈뤼스 블랑",14.5,http://img.wine21.com/WINE_MST/TITLE/0152000/W0152887.jpg?903275,와인
"제라르 베르트랑, 크레망 드 리무 블랑",8.5,http://img.wine21.com/WINE_MST/TITLE/0145000/W0145518.jpg?301578,와인
제르젠티 그릴로 & 피노 그리지오,13.5,http://img.wine21.com/WINE_MST/TITLE/0163000/W0163210.jpg?374893,와인
제르젠티 네로다볼라 & 산지오베제,13.5,http://img.wine21.com/WINE_MST/TITLE/0163000/W0163209.jpg?926146,와인
제스토스 올드 바인 가르나차,14,http://img.wine21.com/WINE_MST/TITLE/0161000/W0161274.jpg?783778,와인
제이 윌크스 까베르네 소비뇽,11,http://img.wine21.com/WINE_MST/TITLE/0163000/W0163147.jpg?840594,와인
"제이 윌크스, 산타 마리아 밸리 샤도네이",8,http://img.wine21.com/WINE_MST/TITLE/0163000/W0163145.jpg?268596,와인
"제이 호프스테터, 까베르네 쇼비뇽",13,http://img.wine21.com/WINE_MST/TITLE/0145000/W0145591.jpg?226413,와인
"제이.호프스테터, 샤도네이",8.5,http://img.wine21.com/WINE_MST/TITLE/0145000/W0145570.jpg?358669,와인
"제이.호프스테터, 피노 그리지오",8.5,http://img.wine21.com/WINE_MST/TITLE/0145000/W0145571.jpg?980731,와인
"제이씨스 오운, 오리지날레",14.5,http://img.wine21.com/WINE_MST/TITLE/0167000/W0167720.png?986119,와인
"제이케이 커리어, 피노 누아",10.5,http://img.wine21.com/WINE_MST/TITLE/0149000/W0149091.jpg?166951,와인
제이콥스 크릭 리슬링,12,http://img.wine21.com/WINE_MST/TITLE/0141000/141804.jpg?700006,와인
제이콥스 크릭 메를로,11,http://img.wine21.com/WINE_MST/TITLE/0141000/141796.jpg?642215,와인
제이콥스 크릭 요한 쉬라즈 까베르네,14,http://img.wine21.com/WINE_MST/TITLE/0141000/141798.jpg?804502,와인
"제이콥스 크릭, 그르나슈 쉬라즈",14,http://img.wine21.com/WINE_MST/TITLE/0141000/141797.jpg?212850,와인
"제이콥스 크릭, 리미티드 릴리즈 샤르도네 ",9,http://img.wine21.com/WINE_MST/TITLE/0141000/W0141799.jpg?420120,와인
"제이콥스 크릭, 리미티드 릴리즈 쉬라즈 까베르네",8,http://img.wine21.com/WINE_MST/TITLE/0141000/W0141800.jpg?896051,와인
"제이콥스 크릭, 리저브 샤르도네 ",9,http://img.wine21.com/WINE_MST/TITLE/0141000/W0141802.jpg?502821,와인
"제이콥스 크릭, 샤르도네",8.5,http://img.wine21.com/WINE_MST/TITLE/0141000/141795.jpg?943677,와인
"제이피 슈네, 멜롯",13.5,http://img.wine21.com/WINE_MST/TITLE/0145000/W0145446.jpg?164599,와인
"제이피 슈네, 스파클링 로제",11.5,http://img.wine21.com/WINE_MST/TITLE/0145000/W0145451.jpg?613185,와인
"제이피 슈네, 프리미어 까베르네 소비뇽",12.5,http://img.wine21.com/WINE_MST/TITLE/0145000/W0145450.jpg?127615,와인
"제이피 슈네, 프리미어 샤도네이",12.5,http://img.wine21.com/WINE_MST/TITLE/0145000/W0145449.jpg?521018,와인
젤소 비앙코,13,http://img.wine21.com/WINE_MST/TITLE/0166000/W0166871.jpg?766449,와인
"져스틴, 까베르네 쇼비뇽",9,http://img.wine21.com/WINE_MST/TITLE/0145000/W0145668.jpg?572082,와인
"져스틴, 새번트",9.5,http://img.wine21.com/WINE_MST/TITLE/0145000/W0145674.jpg?222306,와인
"져스틴, 소비뇽 블랑",9,http://img.wine21.com/WINE_MST/TITLE/0145000/W0145673.jpg?649336,와인
"져스틴, 시라",15,http://img.wine21.com/WINE_MST/TITLE/0145000/W0145675.jpg?806233,와인
"져스틴, 옵튜스",9,http://img.wine21.com/WINE_MST/TITLE/0145000/W0145672.jpg?041934,와인
"져스틴, 져스티피케이션",15,http://img.wine21.com/WINE_MST/TITLE/0145000/W0145671.jpg?939529,와인
"조르쥐 뒤뵈프, 로제 엑셀런스 꼬뜨 뒤 론",9,http://img.wine21.com/WINE_MST/TITLE/0148000/W0148174.jpg?593436,와인
"조르쥐 뒤뵈프, 로제 클라땅 시라",8.5,http://img.wine21.com/WINE_MST/TITLE/0148000/W0148173.jpg?636421,와인
"조르쥬 비구르, 굴레앙 말벡",12.5,http://img.wine21.com/WINE_MST/TITLE/0154000/W0154356.png?381561,와인
"조셉 까스땅, 그랑 리저브",13,http://img.wine21.com/WINE_MST/TITLE/0150000/W0150057.jpg?466310,와인
"조셉 까스땅, 꼬르비에르 리저브",8.5,http://img.wine21.com/WINE_MST/TITLE/0154000/154571.jpg?395787,와인
"조셉 드라덴, 저스트 휴고",5.5,http://img.wine21.com/WINE_MST/TITLE/0154000/W0154086.jpg?570544,와인
"조셉 드라덴, 코블렌츠 리슬링 아우스레제 ",7,http://img.wine21.com/WINE_MST/TITLE/0152000/W0152987.jpg?838450,와인
"조셉 드라덴, 코블렌츠 스파클링 트로켄",12.5,http://img.wine21.com/WINE_MST/TITLE/0154000/W0154084.jpg?272675,와인
"조셉 페리에, 뀌베 로얄 드미 섹 ",12,http://img.wine21.com/WINE_MST/TITLE/0150000/W0150941.jpg?146640,와인
"조셉 페리에, 뀌베 로얄 로제  ",12,http://img.wine21.com/WINE_MST/TITLE/0150000/W0150942.jpg?741940,와인
"조셉 페리에, 뀌베 로얄 브뤼",12,http://img.wine21.com/WINE_MST/TITLE/0147000/W0147938.jpg?777173,와인
"조셉 페리에, 블랑 드 블랑",12,http://img.wine21.com/WINE_MST/TITLE/0147000/W0147939.jpg?328015,와인
졸리 모스카토,6,http://img.wine21.com/WINE_MST/TITLE/0147000/W0147554.jpg?760595,와인
"주스티노스 마데이라, 리저브 파인 드라이 5년",19,http://img.wine21.com/WINE_MST/TITLE/0167000/W0167191.png?622070,와인
"주스티노스 마데이라, 말바시아 10년",19,http://img.wine21.com/WINE_MST/TITLE/0160000/W0160897.jpg?149792,와인
"주스티노스 마데이라, 말바시아 콜헤이타 1997",20,http://img.wine21.com/WINE_MST/TITLE/0162000/W0162500.jpg?608052,와인
"주스티노스 마데이라, 베르데호 콜헤이타 1997",20,http://img.wine21.com/WINE_MST/TITLE/0162000/W0162499.jpg?520091,와인
"주스티노스 마데이라, 베르델호 10년",19,http://img.wine21.com/WINE_MST/TITLE/0160000/W0160896.jpg?725873,와인
"주스티노스 마데이라, 보알 10년",19,http://img.wine21.com/WINE_MST/TITLE/0160000/W0160895.jpg?746249,와인
"주스티노스 마데이라, 세르시알 10년",19,http://img.wine21.com/WINE_MST/TITLE/0160000/W0160898.jpg?682277,와인
"주스티노스 마데이라, 세르시알 콜헤이타 1997 ",20,http://img.wine21.com/WINE_MST/TITLE/0166000/W0166826.jpg?453284,와인
"주스티노스 마데이라, 올드 리저브 파인 미디엄 드라이 10년",19,http://img.wine21.com/WINE_MST/TITLE/0160000/W0160893.jpg?595712,와인
"주스티노스 마데이라, 올드 리저브 파인 미디엄 리치 10년",19,http://img.wine21.com/WINE_MST/TITLE/0160000/W0160894.jpg?171248,와인
"주스티노스 마데이라, 파인 드라이 3년",19,http://img.wine21.com/WINE_MST/TITLE/0167000/W0167190.png?346452,와인
줄스 테일러 소비뇽 블랑,13,http://img.wine21.com/WINE_MST/TITLE/0161000/W0161857.jpg?918337,와인
"줄스 테일러, 피노 누아",14,http://img.wine21.com/WINE_MST/TITLE/0161000/W0161856.jpg?678667,와인
"쥬세뻬 깜빠뇰라, 발폴리첼라 클라시코 수페리오레",8.5,http://img.wine21.com/WINE_MST/TITLE/0139000/W0139801.jpg?711730,와인
"쥬세뻬 깜빠뇰라, 소아베 끌라시꼬",8.5,http://img.wine21.com/WINE_MST/TITLE/0145000/W0145219.jpg?841766,와인
"쥬세페 깜파뇰라, 피노 그리지오",12,http://img.wine21.com/WINE_MST/TITLE/0145000/W0145224.jpg?570210,와인
"즐라탄 오토크, 뀌베 레드",13.5,http://img.wine21.com/WINE_MST/TITLE/0164000/W0164676.jpg?985301,와인
"즐라탄 오토크, 뀌베 화이트",13,http://img.wine21.com/WINE_MST/TITLE/0164000/W0164675.jpg?578149,와인
"즐라탄 오토크, 플라바치",9,http://img.wine21.com/WINE_MST/TITLE/0164000/W0164678.jpg?460820,와인
"즐라탄 오토크, 플라바치 그랑크뤼",15,http://img.wine21.com/WINE_MST/TITLE/0164000/W0164674.jpg?081386,와인
"즐라탄 오토크, 플라바치 오가닉",10.5,http://img.wine21.com/WINE_MST/TITLE/0164000/W0164679.jpg?706971,와인
"즐라탄 오토크, 흐바르 화이트",13,http://img.wine21.com/WINE_MST/TITLE/0164000/W0164677.jpg?650520,와인
"지공다스 라 까브, 지공다스",14,http://img.wine21.com/WINE_MST/TITLE/0148000/W0148865.jpg?547983,와인
"지네스테, 마스까롱 소테른",9,http://img.wine21.com/WINE_MST/TITLE/0148000/W0148053.jpg?125135,와인
지니 소아베 끌라시꼬 라 프로스까,13,http://img.wine21.com/WINE_MST/TITLE/0145000/W0145218.jpg?253356,와인
"지니, 레치오또 디 소아베 콜 포스까린",13,http://img.wine21.com/WINE_MST/TITLE/0146000/W0146774.jpg?376605,와인
"지니, 피노 네로 캄포 알 모로",14,http://img.wine21.com/WINE_MST/TITLE/0146000/W0146773.jpg?409338,와인
"지디 바이라, 바르베라 달바 수페리오레",14,http://img.wine21.com/WINE_MST/TITLE/0160000/W0160009.jpg?215996,와인
지브리 프르미에 크뤼 끌로 뒤 셀리에 오 무안느,13,http://img.wine21.com/WINE_MST/TITLE/0146000/W0146577.jpg?612925,와인
"지아니 마샤렐리, 마리나 크베틱 몬테풀치아노 다브루쪼",13,http://img.wine21.com/WINE_MST/TITLE/0145000/W0145245.jpg?988246,와인
"지아니 마샤렐리, 트레비아노 다부르쪼",12,http://img.wine21.com/WINE_MST/TITLE/0145000/W0145246.jpg?455921,와인
"지안프란꼬 알레싼드리아, 바롤로 산 죠바니",13.5,http://img.wine21.com/WINE_MST/TITLE/0140000/W0140032.jpg?577157,와인
"지오그라피코, 보스코 델 그릴로 고베르노",13.5,http://img.wine21.com/WINE_MST/TITLE/0163000/W0163246.jpg?210061,와인
"지오그라피코, 빈 산토",17.5,http://img.wine21.com/WINE_MST/TITLE/0163000/W0163247.jpg?786386,와인
지오다노 가비,12,http://img.wine21.com/WINE_MST/TITLE/0143000/W0143409.jpg?543582,와인
"지오다노, 몬테풀치아노 다브루쪼",8.5,http://img.wine21.com/WINE_MST/TITLE/0143000/W0143369.jpg?503030,와인
"지오다노, 셀바토 토스카나 로쏘",13.5,http://img.wine21.com/WINE_MST/TITLE/0167000/W0167187.png?094940,와인
진다래 샤도네,14,http://img.wine21.com/WINE_MST/TITLE/0147000/W0147432.jpg?775298,와인
진다레 까베르네 쇼비뇽,9,http://img.wine21.com/WINE_MST/TITLE/0145000/W0145495.jpg?397711,와인
진다레 리슬링,12,http://img.wine21.com/WINE_MST/TITLE/0145000/W0145499.jpg?697797,와인
진다레 멜롯,14,http://img.wine21.com/WINE_MST/TITLE/0145000/W0145496.jpg?976650,와인
진다레 소비뇽 블랑,8,http://img.wine21.com/WINE_MST/TITLE/0145000/W0145498.jpg?158389,와인
"진트 훔브레이트, 게뷔르츠트라미너 투르크하임 ",8.5,http://img.wine21.com/WINE_MST/TITLE/0154000/W0154167.jpg?557359,와인
"진트 훔브레이트, 게뷰르츠트라미너 윈첸하임",16,http://img.wine21.com/WINE_MST/TITLE/0148000/W0148099.jpg?954716,와인
"진트 훔브레이트, 피노 그리 하임부르그",9,http://img.wine21.com/WINE_MST/TITLE/0140000/W0140784.jpg?488612,와인
"진트 훔브레이트, 피노 달자스",9,http://img.wine21.com/WINE_MST/TITLE/0148000/W0148100.jpg?897787,와인
짐머만 아이스바인,7.5,http://img.wine21.com/WINE_MST/TITLE/0145000/W0145532.jpg?597577,와인
짠토 베렌아우스레제,11,http://img.wine21.com/WINE_MST/TITLE/0145000/W0145423.jpg?965473,와인
"짠토, 쯔바이겔트",13,http://img.wine21.com/WINE_MST/TITLE/0145000/W0145420.jpg?752296,와인
찌솔라,14,http://img.wine21.com/WINE_MST/TITLE/0149000/W0149844.jpg?674135,와인
"차카나, 까베르네 소비뇽",9.5,http://img.wine21.com/WINE_MST/TITLE/0154000/W0154529.jpg?074142,와인
"차크라, 바르다",13.5,http://img.wine21.com/WINE_MST/TITLE/0161000/W0161470.jpg?736434,와인
챕터 24 빈야즈 더 파이어,13.5,http://img.wine21.com/WINE_MST/TITLE/0155000/W0155983.jpg?681134,와인
챕터 24 빈야즈 더 플러드,13.5,http://img.wine21.com/WINE_MST/TITLE/0155000/W0155982.jpg?380888,와인
"챨스 멜튼, 나인 팝스",9.5,http://img.wine21.com/WINE_MST/TITLE/0145000/W0145598.jpg?633723,와인
"체끼, 라 캄파냐 몬테팔코 사그란티노",14.5,http://img.wine21.com/WINE_MST/TITLE/0164000/W0164842.jpg?947588,와인
"체끼, 테스코 키안티 클라시코",9,http://img.wine21.com/WINE_MST/TITLE/0148000/W0148639.jpg?767384,와인
"체끼, 파이니스트 키안티 클라시코 리제르바",13,http://img.wine21.com/WINE_MST/TITLE/0147000/W0147448.jpg?210535,와인
"체나또이오 알레씨, 아르끼발도",13,http://img.wine21.com/WINE_MST/TITLE/0139000/W0139990.jpg?652189,와인
"체레토, 모스카토 다스티",5,http://img.wine21.com/WINE_MST/TITLE/0154000/154511.jpg?620663,와인
"체레토, 바르바레스코 아씨",9,http://img.wine21.com/WINE_MST/TITLE/0154000/154509.jpg?275217,와인
"체루비노 발상지아코모, 모스까뗄 데 발렌시아",15,http://img.wine21.com/WINE_MST/TITLE/0147000/W0147454.jpg?186431,와인
"체루비노 발상지아코모, 모스까뗄 데 발렌시아 로제",15,http://img.wine21.com/WINE_MST/TITLE/0147000/W0147455.jpg?810548,와인
"체르토사 디 뽄띠그냐노, 키안티 클라시코",13,http://img.wine21.com/WINE_MST/TITLE/0147000/W0147472.jpg?433818,와인
체리힐 디종 뀌베 피노누아,14.5,http://img.wine21.com/WINE_MST/TITLE/0161000/W0161651.jpg?477727,와인
체리힐 에스테이트 피노누아,9.5,http://img.wine21.com/WINE_MST/TITLE/0161000/W0161652.jpg?196172,와인
"체비코, 갈라씨 산지오베제 디 로마냐 수페리오레",12.5,http://img.wine21.com/WINE_MST/TITLE/0150000/W0150953.jpg?148696,와인
"체비코, 따비노 비노로쏘",11.5,http://img.wine21.com/WINE_MST/TITLE/0150000/W0150951.jpg?812539,와인
"체비코, 로망스 ",14.5,http://img.wine21.com/WINE_MST/TITLE/0150000/W0150952.jpg?165546,와인
"체비코, 볼리 스푸만테 엑스트라드라이",10.5,http://img.wine21.com/WINE_MST/TITLE/0150000/W0150954.jpg?673666,와인
"체비코, 테레 디 포쪼 아마로네 델라 발폴리첼라 클라시코",15.5,http://img.wine21.com/WINE_MST/TITLE/0153000/W0153490.jpg?205493,와인
"체사리, 아마로네 델라 발폴리첼라 클라시코",14.5,http://img.wine21.com/WINE_MST/TITLE/0164000/W0164967.jpg?645181,와인
체이스 셀러 진판델 ,15,http://img.wine21.com/WINE_MST/TITLE/0160000/W0160968.jpg?436499,와인
초노 리제르바 까르미네르,9,http://img.wine21.com/WINE_MST/TITLE/0150000/W0150230.jpg?215624,와인
초노 리제르바 까베르네 소비뇽,9,http://img.wine21.com/WINE_MST/TITLE/0150000/W0150229.jpg?695684,와인
초노 리제르바 소비뇽 블랑,8.5,http://img.wine21.com/WINE_MST/TITLE/0150000/W0150231.jpg?618480,와인
초노 리제르바 시라,14,http://img.wine21.com/WINE_MST/TITLE/0150000/W0150604.jpg?974143,와인
초노 산 로렌조,9,http://img.wine21.com/WINE_MST/TITLE/0150000/W0150227.jpg?767191,와인
초노 샤도네,9,http://img.wine21.com/WINE_MST/TITLE/0150000/W0150228.jpg?211416,와인
초콜릿 샵,8.5,http://img.wine21.com/WINE_MST/TITLE/0150000/W0150602.jpg?764564,와인
"초크 힐, 까베르네 소비뇽",9.5,http://img.wine21.com/WINE_MST/TITLE/0147000/W0147541.jpg?096266,와인
치난달리,8.5,http://img.wine21.com/WINE_MST/TITLE/0151000/W0151038.jpg?189392,와인
"치아치 피꼴로미니 다라고나, 몬테쿠꼬",9,http://img.wine21.com/no_image1.jpg?220818,와인
"치아치 피꼴로미니 다라고나, 몬테쿠코 산지오베제",9.5,http://img.wine21.com/WINE_MST/TITLE/0140000/W0140002.jpg?800910,와인
"치아치, 브루넬로 디 몬탈치노",13,http://img.wine21.com/WINE_MST/TITLE/0140000/W0140003.jpg?181119,와인
"칠라노, 까베르네 쁘띠 베르도",9,http://img.wine21.com/WINE_MST/TITLE/0147000/W0147682.jpg?904562,와인
"칠라노, 메를로 쉬라즈",11,http://img.wine21.com/WINE_MST/TITLE/0147000/W0147683.jpg?075886,와인
"칠라노, 쉬라즈 까베르네",9,http://img.wine21.com/WINE_MST/TITLE/0147000/W0147684.jpg?223237,와인
칠리안 텍 리저브 M 까베르네 소비뇽,13,http://img.wine21.com/WINE_MST/TITLE/0162000/W0162295.jpg?064224,와인
칠리안 텍 스페셜 리저브 L 말벡,14,http://img.wine21.com/WINE_MST/TITLE/0162000/W0162294.jpg?117738,와인
"칠릴리스, 테오페트라 에스테이트 로제",13.5,http://img.wine21.com/WINE_MST/TITLE/0163000/W0163033.jpg?684288,와인
"칠릴리스, 테오페트라 에스테이트 림니오나",13.5,http://img.wine21.com/WINE_MST/TITLE/0163000/W0163032.jpg?951745,와인
"칠릴리스, 테오페트라 에스테이트 말라구지아 아시르티코",13.5,http://img.wine21.com/WINE_MST/TITLE/0163000/W0163034.jpg?285378,와인
칠카스 리제르바 샤르도네,9,http://img.wine21.com/WINE_MST/TITLE/0158000/W0158941.jpg?938796,와인
칭퀘테레 뻬르골레 스파르세 ,8.5,http://img.wine21.com/WINE_MST/TITLE/0154000/W0154217.jpg?138858,와인
칭퀘테레 샤케트라 ,9.5,http://img.wine21.com/WINE_MST/TITLE/0154000/W0154218.jpg?519762,와인
칭퀘테레 코스타 데 캄푸 ,8.5,http://img.wine21.com/WINE_MST/TITLE/0154000/W0154215.jpg?226816,와인
카르페스 데 에고메이 크리안자,14.5,http://img.wine21.com/WINE_MST/TITLE/0167000/W0167056.jpg?508867,와인
"카를로 펠레그리노, 마르살라 수페리오레 가리발디 돌체",18,http://img.wine21.com/WINE_MST/TITLE/0154000/154587.jpg?010818,와인
"카를로 펠레그리노, 마르살라 파인 세미세코",17,http://img.wine21.com/WINE_MST/TITLE/0154000/W0154586.jpg?102382,와인
"카모미, 벤드 화이트 진판델",11.5,http://img.wine21.com/WINE_MST/TITLE/0166000/W0166666.jpg?594671,와인
"카바이, 뀌베 모렐",9,http://img.wine21.com/WINE_MST/TITLE/0163000/W0163057.jpg?201317,와인
"카바이, 루이자",13,http://img.wine21.com/WINE_MST/TITLE/0163000/W0163053.jpg?609771,와인
"카바이, 메를로",9,http://img.wine21.com/WINE_MST/TITLE/0163000/W0163056.jpg?367857,와인
"카바이, 벨리 피노",13,http://img.wine21.com/WINE_MST/TITLE/0163000/W0163052.jpg?664341,와인
"카바이, 샤르도네",13,http://img.wine21.com/WINE_MST/TITLE/0163000/W0163055.jpg?954297,와인
"카바이, 소비뇽",13,http://img.wine21.com/WINE_MST/TITLE/0163000/W0163054.jpg?438648,와인
"카바이, 시비 피노",13,http://img.wine21.com/WINE_MST/TITLE/0163000/W0163051.jpg?849719,와인
카발로 로코 그랑 크뤼 리마리,15,http://img.wine21.com/WINE_MST/TITLE/0161000/W0161239.jpg?115402,와인
카발로 로코 그랑 크뤼 마이포 안데스,15,http://img.wine21.com/WINE_MST/TITLE/0161000/W0161240.jpg?443861,와인
카발로 로코 그랑 크뤼 사그라다 파밀리아 ,15,http://img.wine21.com/WINE_MST/TITLE/0161000/W0161241.jpg?949003,와인
카발로 로코 그랑 크뤼 아팔타 ,15,http://img.wine21.com/WINE_MST/TITLE/0161000/W0161238.jpg?893742,와인
"카발로또, 피너",14,http://img.wine21.com/WINE_MST/TITLE/0162000/W0162579.jpg?873611,와인
카베르네 소비뇽 드 푸카리,12.5,http://img.wine21.com/WINE_MST/TITLE/0165000/W0165571.jpg?135418,와인
카사 디 로코 키안티,8.5,http://img.wine21.com/WINE_MST/TITLE/0161000/W0161456.jpg?616264,와인
"카사 로호, 무쏘 메를로",13,http://img.wine21.com/WINE_MST/TITLE/0163000/W0163280.png?279751,와인
"카사 로호, 무쏘 샤르도네",11.5,http://img.wine21.com/WINE_MST/TITLE/0160000/W0160803.jpg?276638,와인
"카사 로호, 무쏘 소비뇽 블랑",12.5,http://img.wine21.com/WINE_MST/TITLE/0165000/W0165887.jpg?583487,와인
"카사 로호, 무쏘 카바",8,http://img.wine21.com/WINE_MST/TITLE/0163000/W0163281.png?725383,와인
"카사 로호, 무쏘 피노 누아",13,http://img.wine21.com/WINE_MST/TITLE/0163000/W0163283.png?204740,와인
카사노바 프로세코 브뤼,11.5,http://img.wine21.com/WINE_MST/TITLE/0164000/W0164563.jpg?178605,와인
카사노바 헨리에떼 뀌베 브뤼,11.5,http://img.wine21.com/WINE_MST/TITLE/0164000/W0164562.jpg?650902,와인
"카사블랑카, 세피로 리제르바 메를로",9.25,http://img.wine21.com/WINE_MST/TITLE/0148000/W0148161.jpg?819951,와인
"카사블랑카, 엘 보스끄 까베르네 소비뇽",14,http://img.wine21.com/WINE_MST/TITLE/0145000/W0145895.jpg?211747,와인
"카사블랑카, 엘 보스끄 샤도네",14.5,http://img.wine21.com/WINE_MST/TITLE/0145000/W0145897.jpg?796292,와인
"카사블랑카, 엘 보스끄 시라",9.5,http://img.wine21.com/WINE_MST/TITLE/0145000/W0145896.jpg?198117,와인
"카사블랑카, 인도미타 그랑 리제르바 멜롯",14,http://img.wine21.com/WINE_MST/TITLE/0153000/W0153570.jpg?185895,와인
"카사블랑카, 인도미타 그랑 리제르바 샤도네이",14,http://img.wine21.com/WINE_MST/TITLE/0153000/W0153571.jpg?733869,와인
"카사블랑카, 콜레씨온 프리바다 까베르네 소비뇽",13.5,http://img.wine21.com/WINE_MST/TITLE/0145000/W0145892.jpg?542016,와인
"카사블랑카, 콜레씨온 프리바다 메를로",9,http://img.wine21.com/WINE_MST/TITLE/0145000/W0145893.jpg?001986,와인
"카사블랑카, 콜레씨온 프리바다 샤도네",13.5,http://img.wine21.com/WINE_MST/TITLE/0145000/W0145894.jpg?590600,와인
카살리 델 바로네 바르베라 150 + 1,13.5,http://img.wine21.com/WINE_MST/TITLE/0164000/W0164455.jpg?340585,와인
"카셀레티, 1850 프리미티보 디 만두리아",15.5,http://img.wine21.com/WINE_MST/TITLE/0167000/W0167589.png?335948,와인
카스텔 부오노 몬테팔코 로쏘,9,http://img.wine21.com/WINE_MST/TITLE/0151000/W0151057.jpg?289774,와인
카스텔 부오노 사그란티노 디 몬테팔코,9.5,http://img.wine21.com/WINE_MST/TITLE/0151000/W0151056.jpg?007083,와인
"카스텔라니, 깜뽀마지오",13,http://img.wine21.com/WINE_MST/TITLE/0139000/W0139977.jpg?546370,와인
"카스텔로 델 테리치오, 까빠니노",9,http://img.wine21.com/WINE_MST/TITLE/0146000/W0146761.jpg?514364,와인
"카스텔로 델 테리치오, 콘 벤토",13,http://img.wine21.com/WINE_MST/TITLE/0139000/W0139982.jpg?064027,와인
"카스텔로 델 테리치오, 타시나이아",9,http://img.wine21.com/WINE_MST/TITLE/0146000/W0146762.jpg?882282,와인
"카스텔로 디 몬산또, 끼안띠 끌라시코 리세르바",13,http://img.wine21.com/WINE_MST/TITLE/0139000/W0139985.jpg?487082,와인
"카스텔로 디 베라짜노, 로쏘 디 베라짜노",9,http://img.wine21.com/WINE_MST/TITLE/0146000/W0146864.jpg?532922,와인
"카스텔로 디 볼파이아, 발리피코",9,http://img.wine21.com/WINE_MST/TITLE/0142000/W0142746.jpg?350713,와인
"카스텔로 디 볼파이아, 보르지아니",8.5,http://img.wine21.com/WINE_MST/TITLE/0148000/W0148147.jpg?421260,와인
"카스텔로 디 볼파이아, 비앙코 디 볼파이아",8.5,http://img.wine21.com/WINE_MST/TITLE/0142000/W0142747.jpg?937644,와인
"카스텔로 디 볼파이아, 빈산토 델 키안티 클라시코",10.5,http://img.wine21.com/WINE_MST/TITLE/0142000/W0142750.jpg?368175,와인
"카스텔로 디 볼파이아, 키안티 보르지아니",13,http://img.wine21.com/WINE_MST/TITLE/0148000/W0148123.jpg?986790,와인
"카스텔로 디 볼파이아, 키안티 클라시코",8.5,http://img.wine21.com/WINE_MST/TITLE/0142000/W0142748.jpg?012047,와인
"카스텔로 디 볼파이아, 키안티 클라시코 리제르바",9,http://img.wine21.com/WINE_MST/TITLE/0142000/W0142749.jpg?099551,와인
"카스텔로 디 치고놀라, 도디치 도디치",14,http://img.wine21.com/WINE_MST/TITLE/0148000/W0148736.jpg?837327,와인
"카스텔로 디 치고놀라, 바르베라",9.5,http://img.wine21.com/WINE_MST/TITLE/0148000/W0148737.jpg?925476,와인
"카스텔로 디 퀘르체토, 키안티 클라시코 유니콘",9,http://img.wine21.com/WINE_MST/TITLE/0147000/W0147495.jpg?450146,와인
"카스텔로 로미토리오, 로쏘 디 몬탈치노",13.5,http://img.wine21.com/WINE_MST/TITLE/0155000/155433.jpg?639693,와인
"카스텔로 로미토리오, 브루넬로 디 몬탈치노",14.5,http://img.wine21.com/WINE_MST/TITLE/0155000/W0155431.jpg?718764,와인
카스텔블랑 까바 브뤼,8,http://img.wine21.com/WINE_MST/TITLE/0161000/W0161843.jpg?697957,와인
카스텔블랑 까바 엑스트라 브뤼,8,http://img.wine21.com/WINE_MST/TITLE/0161000/W0161846.jpg?237505,와인
"카스토로 셀러, 피노 누아",8,http://img.wine21.com/WINE_MST/TITLE/0146000/W0146461.jpg?719945,와인
카스트로 셀러 까베르네 쇼비뇽,9.5,http://img.wine21.com/WINE_MST/TITLE/0147000/W0147855.jpg?427526,와인
카스트로 셀러 리져브 쉬라,14.5,http://img.wine21.com/no_image1.jpg?936036,와인
카스트로 셀러 메를로,9,http://img.wine21.com/no_image1.jpg?828367,와인
"카잘 파르네토, 라크리마",13.5,http://img.wine21.com/WINE_MST/TITLE/0167000/W0167006.jpg?317559,와인
"카잘 파르네토, 몬테풀치아노",13.5,http://img.wine21.com/WINE_MST/TITLE/0167000/W0167004.jpg?317178,와인
"카잘 파르네토, 베르디끼오",13.5,http://img.wine21.com/WINE_MST/TITLE/0167000/W0167009.jpg?512892,와인
"카잘 파르네토, 오또 보르기",14.5,http://img.wine21.com/WINE_MST/TITLE/0167000/W0167008.jpg?610584,와인
"카잘 파르네토, 치마이오",14.5,http://img.wine21.com/WINE_MST/TITLE/0167000/W0167005.jpg?033457,와인
"카잘 파르네토, 크리시오",13.5,http://img.wine21.com/WINE_MST/TITLE/0167000/W0167007.jpg?655354,와인
"카탈리나  사운즈, 소비뇽 블랑",12.5,http://img.wine21.com/WINE_MST/TITLE/0166000/W0166961.jpg?773973,와인
"카탈리나 사운즈, 싱글 빈야드 소비뇽 블랑",13.5,http://img.wine21.com/WINE_MST/TITLE/0166000/W0166962.jpg?063554,와인
"카탈리나 사운즈, 싱글 빈야드 피노 누아",13.5,http://img.wine21.com/WINE_MST/TITLE/0166000/W0166964.jpg?944535,와인
"카탈리나 사운즈, 피노 누아",13.5,http://img.wine21.com/WINE_MST/TITLE/0166000/W0166963.jpg?495726,와인
카토기 아베르오프 레드,13,http://img.wine21.com/WINE_MST/TITLE/0160000/W0160716.jpg?319983,와인
카트눅 에스테이트 메를로,9,http://img.wine21.com/WINE_MST/TITLE/0145000/W0145911.jpg?567397,와인
카트눅 에스테이트 샤르도네,13.5,http://img.wine21.com/WINE_MST/TITLE/0145000/W0145913.jpg?769948,와인
카트눅 에스테이트 쉬라즈,14.5,http://img.wine21.com/WINE_MST/TITLE/0145000/W0145912.jpg?315232,와인
카트눅 파운더스 블록 쉬라즈,14.5,http://img.wine21.com/WINE_MST/TITLE/0146000/W0146472.jpg?299609,와인
"카파지오, 싱글 에스테이트 키안티 클라시코											",13.5,http://img.wine21.com/WINE_MST/TITLE/0164000/W0164033.png?261785,와인
"카파지오, 키안티 클라시코											",13.5,http://img.wine21.com/WINE_MST/TITLE/0164000/W0164032.png?700244,와인
"칸티, 브라케토 핑크 에디션",6,http://img.wine21.com/WINE_MST/TITLE/0162000/W0162134.jpg?381791,와인
"칸티, 아스티 세코 뀌베 C.21 ",11,http://img.wine21.com/WINE_MST/TITLE/0163000/W0163079.jpg?060389,와인
"칸티, 피에몬테 브라케토",6,http://img.wine21.com/WINE_MST/TITLE/0162000/W0162131.jpg?358294,와인
"칸티나 꼴리 에오가네이, 노떼 디 갈릴레오 리제르바",14.5,http://img.wine21.com/WINE_MST/TITLE/0150000/W0150659.jpg?251312,와인
"칸티나 꼴리 에오가네이, 리알토 모스카토 베네토",7,http://img.wine21.com/WINE_MST/TITLE/0147000/W0147990.jpg?493256,와인
"칸티나 꼴리 에오가네이, 만조니 모스카토",6,http://img.wine21.com/WINE_MST/TITLE/0150000/W0150927.jpg?309113,와인
"칸티나 꼴리 에오가네이, 모스카토 스푸만테 돌체",6.5,http://img.wine21.com/WINE_MST/TITLE/0166000/W0166640.jpg?882029,와인
"칸티나 디오메데, 카나체 네로 디 트로이아",13.5,http://img.wine21.com/WINE_MST/TITLE/0162000/W0162810.jpg?629722,와인
"칸티나 베르멘티노, 비녜 델 뽀르딸레 브뤼",8,http://img.wine21.com/WINE_MST/TITLE/0139000/W0139972.jpg?507298,와인
"칸티나 테를란, 뮐러 투르가우",8.5,http://img.wine21.com/WINE_MST/TITLE/0163000/W0163672.jpg?356729,와인
"칸티나 테를란, 빙클",9,http://img.wine21.com/WINE_MST/TITLE/0152000/W0152605.jpg?472150,와인
"칸티나 테를란, 샤르도네",13.5,http://img.wine21.com/WINE_MST/TITLE/0167000/W0167120.png?332309,와인
"칸티나 테를란, 콰르츠",14,http://img.wine21.com/WINE_MST/TITLE/0163000/W0163673.jpg?411154,와인
"칸티나 테를란, 피노 그리지오",9,http://img.wine21.com/WINE_MST/TITLE/0163000/W0163670.jpg?443042,와인
"칸티나 테를란, 피노 비앙코",13,http://img.wine21.com/WINE_MST/TITLE/0163000/W0163669.jpg?315299,와인
"칸티네 두에 팔메, 브린디시 로쏘",14,http://img.wine21.com/WINE_MST/TITLE/0145000/W0145611.jpg?835736,와인
"칸티네 두에 팔메, 쎄르",9,http://img.wine21.com/WINE_MST/TITLE/0145000/W0145609.jpg?817482,와인
"칸티네 두에 팔메, 칸도르",14,http://img.wine21.com/WINE_MST/TITLE/0145000/W0145610.jpg?349478,와인
"칸티네 두에 팔메, 테누타 알브리찌",9,http://img.wine21.com/WINE_MST/TITLE/0145000/W0145608.jpg?201126,와인
칸티네 젬마 모스카토 다스티 비나 피오리타,5.5,http://img.wine21.com/WINE_MST/TITLE/0157000/W0157131.jpg?176953,와인
"칸티네 젬마, 랑게 브리코 루아",13,http://img.wine21.com/WINE_MST/TITLE/0147000/W0147985.jpg?116530,와인
"칼디롤라, 아만떼",10,http://img.wine21.com/WINE_MST/TITLE/0152000/W0152983.jpg?012883,와인
"칼라브리아 패밀리 와인즈, 나인 스톤즈 쉬라즈",14,http://img.wine21.com/WINE_MST/TITLE/0158000/W0158540.jpg?309864,와인
"칼라브리아 패밀리 와인즈, 노바 핑크 모스카토",8,http://img.wine21.com/WINE_MST/TITLE/0162000/W0162018.jpg?875735,와인
"칼라브리아 패밀리 와인즈, 포커 페이스 모스카토",6,http://img.wine21.com/WINE_MST/TITLE/0158000/W0158529.jpg?052257,와인
"칼라브리아 패밀리 와인즈, 휘슬링 덕 샤도네이",13,http://img.wine21.com/WINE_MST/TITLE/0162000/W0162015.jpg?304119,와인
"칼라브리아 패밀리 와인즈, 휘슬링 덕 쉬라즈",9.5,http://img.wine21.com/WINE_MST/TITLE/0162000/W0162016.jpg?080770,와인
"칼레스케, 그리녹 쉬라즈",14,http://img.wine21.com/WINE_MST/TITLE/0163000/W0163156.jpg?896042,와인
"칼레스케, 모파 쉬라즈",14.5,http://img.wine21.com/WINE_MST/TITLE/0163000/W0163155.jpg?819883,와인
"칼레스케, 자이트가이스트 쉬라즈",14.5,http://img.wine21.com/WINE_MST/TITLE/0163000/W0163153.jpg?070732,와인
"칼레스케, 클레리스 GSM",14.5,http://img.wine21.com/WINE_MST/TITLE/0163000/W0163154.jpg?657733,와인
"칼로 로시, 모스카토",8.75,http://img.wine21.com/WINE_MST/TITLE/0153000/W0153504.jpg?834850,와인
칼리테라 리제르바 메를로,14,http://img.wine21.com/WINE_MST/TITLE/0158000/W0158240.jpg?862148,와인
칼리테라 리제르바 소비뇽 블랑,9,http://img.wine21.com/WINE_MST/TITLE/0156000/W0156270.jpg?718983,와인
"칼리테라, 리제르바 까르미네르",14,http://img.wine21.com/WINE_MST/TITLE/0140000/140404.jpg?544435,와인
"칼리테라, 리제르바 까베르네 쇼비뇽",14,http://img.wine21.com/WINE_MST/TITLE/0140000/140402.jpg?452692,와인
"칼리테라, 리제르바 메를로",14,http://img.wine21.com/WINE_MST/TITLE/0140000/W0140400.jpg?169013,와인
"칼리테라, 에디시옹 리미타다 A",14,http://img.wine21.com/WINE_MST/TITLE/0154000/154643.jpg?336458,와인
"칼리테라, 에디시옹 리미타다 B",14,http://img.wine21.com/WINE_MST/TITLE/0154000/154644.jpg?002716,와인
"칼리테라, 트리부토 까르미네르",9,http://img.wine21.com/WINE_MST/TITLE/0154000/154639.jpg?409538,와인
"칼리테라, 트리부토 샤르도네",9,http://img.wine21.com/WINE_MST/TITLE/0140000/W0140406.jpg?695280,와인
"칼리테라, 트리부토 시라",14,http://img.wine21.com/WINE_MST/TITLE/0140000/140401.jpg?790621,와인
캄포 안티코 바렐라야 키안티 리제르바,9,http://img.wine21.com/WINE_MST/TITLE/0146000/W0146096.jpg?063716,와인
캄포 안티코 키안티 리제르바,13,http://img.wine21.com/WINE_MST/TITLE/0146000/W0146095.jpg?525528,와인
"캄포 알라 수게라, 아르니오네",14,http://img.wine21.com/WINE_MST/TITLE/0162000/W0162029.jpg?167797,와인
"캉가릴라 로드, 글리머 오브 호프 쉬라즈",9.5,http://img.wine21.com/WINE_MST/TITLE/0151000/W0151455.jpg?861768,와인
"캉가릴라 로드, 까베르네 소비뇽",14,http://img.wine21.com/WINE_MST/TITLE/0151000/W0151453.jpg?018675,와인
"캉가릴라 로드, 쉬라즈",14.5,http://img.wine21.com/WINE_MST/TITLE/0151000/W0151454.jpg?383080,와인
캉트페르드리 루즈,13.5,http://img.wine21.com/WINE_MST/TITLE/0165000/W0165584.jpg?227376,와인
캉트페르드리 블랑,13.5,http://img.wine21.com/WINE_MST/TITLE/0165000/W0165586.jpg?351182,와인
"캐년 리지, 까베르네 쇼비뇽",9,http://img.wine21.com/WINE_MST/TITLE/0141000/W0141108.jpg?695605,와인
"캐년 리지, 샤도네",10,http://img.wine21.com/WINE_MST/TITLE/0141000/W0141109.jpg?902201,와인
"캐년 리지, 화이트 진판델",8.5,http://img.wine21.com/WINE_MST/TITLE/0141000/W0141110.jpg?367825,와인
"캐년 오크, 까베르네 소비뇽",13.5,http://img.wine21.com/WINE_MST/TITLE/0167000/W0167456.png?259349,와인
"캐년 오크, 샤르도네",13.5,http://img.wine21.com/WINE_MST/TITLE/0167000/W0167455.png?050932,와인
"캐논볼, 까베르네 소비뇽",10.5,http://img.wine21.com/WINE_MST/TITLE/0161000/W0161666.jpg?563739,와인
"캐논볼, 소노마 메를로",10.5,http://img.wine21.com/WINE_MST/TITLE/0155000/W0155876.jpg?412312,와인
"캐논캅, 까베르네 쇼비뇽",14,http://img.wine21.com/WINE_MST/TITLE/0149000/W0149853.jpg?841705,와인
"캐논캅, 카데트 케이프 블렌드",14,http://img.wine21.com/WINE_MST/TITLE/0161000/W0161016.jpg?641988,와인
"캐논캅, 카데트 피노타쥐",14.5,http://img.wine21.com/WINE_MST/TITLE/0149000/W0149855.jpg?682138,와인
"캐논캅, 폴 소어",13,http://img.wine21.com/WINE_MST/TITLE/0149000/W0149852.jpg?231165,와인
"캐논캅, 피노타쥐",14.5,http://img.wine21.com/WINE_MST/TITLE/0149000/W0149854.jpg?084706,와인
"캐빗, 산비질리오 모스카토 돌체",7.5,http://img.wine21.com/WINE_MST/TITLE/0155000/W0155284.jpg?201251,와인
"캐빗, 컬렉션 피노 그리지오",12,http://img.wine21.com/WINE_MST/TITLE/0155000/W0155282.jpg?463251,와인
"캐빗, 컬렉션 피노 누아",12.5,http://img.wine21.com/WINE_MST/TITLE/0155000/W0155283.jpg?874609,와인
"캐서린 케네디, 산타 크루즈 마운틴 시라",11,http://img.wine21.com/WINE_MST/TITLE/0149000/W0149583.jpg?632947,와인
캐슬 락 샤르도네,10.5,http://img.wine21.com/WINE_MST/TITLE/0143000/W0143962.jpg?431653,와인
"캐슬러, 더 보간 쉬라즈",10,http://img.wine21.com/WINE_MST/TITLE/0145000/W0145828.jpg?287569,와인
"캔달 잭슨, 그랑 리저브 샤르도네",9.5,http://img.wine21.com/WINE_MST/TITLE/0141000/W0141399.jpg?944588,와인
"캔달 잭슨, 빈트너스 리저브 메를로",9,http://img.wine21.com/WINE_MST/TITLE/0141000/W0141403.jpg?768687,와인
"캔달 잭슨, 빈트너스 리저브 소비뇽 블랑",9,http://img.wine21.com/WINE_MST/TITLE/0148000/W0148541.jpg?530667,와인
"캔달 잭슨, 빈트너스 리저브 진판델",9.5,http://img.wine21.com/WINE_MST/TITLE/0141000/W0141404.jpg?133860,와인
캔사 까바 브뤼,11.5,http://img.wine21.com/WINE_MST/TITLE/0165000/W0165033.jpg?942763,와인
캘러웨이 메를로,9,http://img.wine21.com/WINE_MST/TITLE/0150000/W0150611.jpg?889866,와인
캘러웨이 샤도네이 ,13,http://img.wine21.com/WINE_MST/TITLE/0150000/W0150610.jpg?510629,와인
캘러웨이 소비뇽 블랑,13,http://img.wine21.com/WINE_MST/TITLE/0161000/W0161243.jpg?673798,와인
캘러웨이 진판델,9,http://img.wine21.com/WINE_MST/TITLE/0161000/W0161242.jpg?115824,와인
캘러웨이 카베르네 소비뇽 ,9,http://img.wine21.com/WINE_MST/TITLE/0150000/W0150609.jpg?435161,와인
캘러웨이 하이브리드 레드,8.5,http://img.wine21.com/WINE_MST/TITLE/0161000/W0161244.jpg?607306,와인
캘러웨이 하이브리드 화이트,10.5,http://img.wine21.com/WINE_MST/TITLE/0161000/W0161245.jpg?086236,와인
"캠브리아, 줄리아 빈야드 피노 누아",14.5,http://img.wine21.com/WINE_MST/TITLE/0167000/W0167453.png?092559,와인
"캠브리아, 케서린 빈야드 샤르도네",14.5,http://img.wine21.com/WINE_MST/TITLE/0167000/W0167454.png?465111,와인
컨츄리 산머루 드라이,14,http://img.wine21.com/WINE_MST/TITLE/0150000/W0150709.jpg?827824,와인
컨츄리 산머루 스위트,14.5,http://img.wine21.com/WINE_MST/TITLE/0150000/W0150708.jpg?300759,와인
컨츄리 캠벨 드라이,14,http://img.wine21.com/WINE_MST/TITLE/0150000/W0150712.jpg?423602,와인
컨츄리 캠벨 스위트,14.5,http://img.wine21.com/WINE_MST/TITLE/0150000/W0150710.jpg?202454,와인
"케네스킴 빈야드, 무스캇 레드",12.5,http://img.wine21.com/WINE_MST/TITLE/0147000/W0147697.jpg?401204,와인
"케네스킴 빈야드, 무스캇 쉐리",8,http://img.wine21.com/WINE_MST/TITLE/0147000/W0147698.jpg?825289,와인
"케네스킴 빈야드, 무스캇 포트",18,http://img.wine21.com/WINE_MST/TITLE/0147000/W0147699.jpg?674094,와인
"케네스킴 빈야드, 무스캇 화이트",6.5,http://img.wine21.com/WINE_MST/TITLE/0147000/W0147696.jpg?443205,와인
케뎀 콩코드,12,http://img.wine21.com/WINE_MST/TITLE/0142000/W0142838.jpg?594760,와인
"케슬러, 아비뇽",16,http://img.wine21.com/WINE_MST/TITLE/0148000/W0148499.jpg?965529,와인
케이프 마운틴 내추럴 스위트 레드,8,http://img.wine21.com/WINE_MST/TITLE/0148000/W0148860.jpg?234138,와인
"켄더만, 블랙 타워 클래식 리슬링",12,http://img.wine21.com/WINE_MST/TITLE/0163000/W0163072.jpg?301340,와인
"켈레스케, 그리녹 쉬라즈",10,http://img.wine21.com/WINE_MST/TITLE/0143000/W0143290.jpg?789534,와인
"켈레스케, 클레리스 그르나슈 쉬라즈",9.5,http://img.wine21.com/WINE_MST/TITLE/0149000/W0149115.jpg?906815,와인
코너스톤 셀라 스테핑 스톤 까베르네 프랑,14.5,http://img.wine21.com/WINE_MST/TITLE/0149000/W0149437.jpg?018086,와인
코너스톤 셀라 스테핑 스톤 소비뇽 블랑,13.5,http://img.wine21.com/WINE_MST/TITLE/0149000/W0149443.jpg?976994,와인
"코노 수르, 싱글 빈야드 8 그레이프",14.5,http://img.wine21.com/WINE_MST/TITLE/0166000/W0166184.jpg?341780,와인
"코노, 소비뇽 블랑",13,http://img.wine21.com/WINE_MST/TITLE/0164000/W0164981.jpg?730518,와인
"코노, 피노 누아",13.5,http://img.wine21.com/WINE_MST/TITLE/0164000/W0164500.jpg?741950,와인
"코도르뉴, 그랑 바흐",8,http://img.wine21.com/WINE_MST/TITLE/0150000/W0150209.jpg?861541,와인
"코도르뉴, 바흐 로제 까바",8,http://img.wine21.com/WINE_MST/TITLE/0150000/W0150210.jpg?806530,와인
"코르테, 로쏘 ",8,http://img.wine21.com/WINE_MST/TITLE/0152000/W0152756.jpg?583259,와인
"코뱃 캐년, 화이트 진판델",7,http://img.wine21.com/WINE_MST/TITLE/0143000/W0143522.jpg?783801,와인
"코세티, 가비",9,http://img.wine21.com/WINE_MST/TITLE/0145000/W0145866.jpg?540611,와인
"코세티, 돌체토 달바",12,http://img.wine21.com/WINE_MST/TITLE/0145000/W0145863.jpg?821365,와인
"코세티, 모스카토 다스티",5,http://img.wine21.com/WINE_MST/TITLE/0145000/W0145865.jpg?517822,와인
"코세티, 바롤로",9,http://img.wine21.com/WINE_MST/TITLE/0145000/W0145861.jpg?636914,와인
"코세티, 바르바레스코",9,http://img.wine21.com/WINE_MST/TITLE/0145000/W0145862.jpg?233053,와인
"코세티, 바르베라 다스티",13,http://img.wine21.com/WINE_MST/TITLE/0145000/W0145864.jpg?962948,와인
"코세티, 아스티 스푸만테",7,http://img.wine21.com/WINE_MST/TITLE/0145000/W0145867.jpg?877100,와인
"코세티, 피노 스푸만테",12,http://img.wine21.com/WINE_MST/TITLE/0145000/W0145868.jpg?482527,와인
"코센티노, 더 캡 까베르네 소비뇽",14.5,http://img.wine21.com/WINE_MST/TITLE/0143000/W0143862.jpg?472537,와인
"코센티노, 메를로",9.5,http://img.wine21.com/WINE_MST/TITLE/0143000/W0143861.jpg?115936,와인
"코센티노, 진판델",14.5,http://img.wine21.com/WINE_MST/TITLE/0143000/W0143863.jpg?495147,와인
코스탈 릿지 까베르네 쇼비뇽,8.5,http://img.wine21.com/WINE_MST/TITLE/0148000/W0148208.jpg?215159,와인
코스탈 릿지 메를로,8.5,http://img.wine21.com/WINE_MST/TITLE/0149000/W0149796.jpg?202758,와인
코스탈 릿지 모스카토,8.5,http://img.wine21.com/WINE_MST/TITLE/0150000/W0150684.jpg?539266,와인
코스탈 릿지 피노 누아,8.5,http://img.wine21.com/WINE_MST/TITLE/0150000/W0150685.jpg?190504,와인
코일레 까베르네 소비뇽,9.5,http://img.wine21.com/WINE_MST/TITLE/0147000/W0147124.jpg?851459,와인
"코일레, 시라",9.5,http://img.wine21.com/WINE_MST/TITLE/0147000/W0147125.jpg?104080,와인
"코코모, 러시안 리버 밸리 피터스 빈야드 샤르도네",14.5,http://img.wine21.com/WINE_MST/TITLE/0166000/W0166633.jpg?461285,와인
코키 브뤼,8.5,http://img.wine21.com/WINE_MST/TITLE/0149000/W0149842.jpg?749893,와인
코키 샤도네이 브뤼,8.5,http://img.wine21.com/WINE_MST/TITLE/0149000/W0149840.jpg?811923,와인
코키 알타 랑가 블랑 드 블랑,8.5,http://img.wine21.com/WINE_MST/TITLE/0149000/W0149843.jpg?089369,와인
"코퍼 케인, 보엔 샤르도네",14.5,http://img.wine21.com/WINE_MST/TITLE/0164000/W0164442.png?285968,와인
"코퍼 케인, 보엔 피노 누아",14.5,http://img.wine21.com/WINE_MST/TITLE/0164000/W0164443.png?001672,와인
코프라데 리오하,12.5,http://img.wine21.com/WINE_MST/TITLE/0141000/W0141860.jpg?162731,와인
코하 소비뇽 블랑,13.5,http://img.wine21.com/WINE_MST/TITLE/0162000/W0162802.jpg?177809,와인
"콘 크릭, 나파벨리 까베르네 소비뇽",9.5,http://img.wine21.com/WINE_MST/TITLE/0164000/W0164036.png?262582,와인
"콘 크릭, 나파벨리 헤릭 레드",14.5,http://img.wine21.com/WINE_MST/TITLE/0164000/W0164034.png?652555,와인
"콘 크릭, 소노마카운티 진판델",14.5,http://img.wine21.com/WINE_MST/TITLE/0164000/W0164035.png?835905,와인
"콘데 데 카랄, 브뤼",12.5,http://img.wine21.com/WINE_MST/TITLE/0165000/W0165777.jpg?846689,와인
"콘데 데 카랄, 브뤼 로사도",12.5,http://img.wine21.com/WINE_MST/TITLE/0165000/W0165778.jpg?265961,와인
"콘차이 토로, 그란 레세르바 까르미네르",14.5,http://img.wine21.com/WINE_MST/TITLE/0147000/W0147011.jpg?801003,와인
"콘차이 토로, 그란 레세르바 까베르네 소비뇽",14,http://img.wine21.com/WINE_MST/TITLE/0147000/W0147010.jpg?748433,와인
"콘차이 토로, 그란 레세르바 샤르도네",14,http://img.wine21.com/WINE_MST/TITLE/0148000/W0148038.jpg?646658,와인
"콘차이 토로, 그란 레세르바 시라",14.5,http://img.wine21.com/WINE_MST/TITLE/0148000/W0148037.jpg?533287,와인
"콘차이 토로, 디아블로 데빌스 콜렉션",9,http://img.wine21.com/WINE_MST/TITLE/0155000/W0155602.jpg?347722,와인
"콘차이 토로, 디아블로 레전더리 콜렉션",9,http://img.wine21.com/WINE_MST/TITLE/0155000/W0155603.jpg?021251,와인
"콘차이 토로, 디아블로 말벡",9,http://img.wine21.com/no_image1.jpg?628063,와인
"콘차이 토로, 디아블로 피노 누아",9,http://img.wine21.com/WINE_MST/TITLE/0155000/W0155605.jpg?579229,와인
"콘차이 토로, 떼루뇨 소비뇽 블랑",12.5,http://img.wine21.com/WINE_MST/TITLE/0148000/W0148031.jpg?062501,와인
"콘차이 토로, 센데로 까르미네르",12.5,http://img.wine21.com/WINE_MST/TITLE/0148000/W0148030.jpg?131915,와인
"콘차이 토로, 센데로 까베르네 쇼비뇽",12.5,http://img.wine21.com/WINE_MST/TITLE/0148000/W0148028.jpg?590080,와인
"콘차이 토로, 유니온38 레세르바 까베르네 소비뇽",13.5,http://img.wine21.com/WINE_MST/TITLE/0164000/W0164174.jpg?155649,와인
"콘차이 토로, 트리오 레세르바 까베르네 쇼비뇽",14.5,http://img.wine21.com/WINE_MST/TITLE/0145000/W0145434.jpg?743757,와인
"콘차이 토로, 트리오 레세르바 메를로",14.5,http://img.wine21.com/WINE_MST/TITLE/0145000/W0145435.jpg?254121,와인
"콘차이 토로, 트리오 레세르바 샤르도네",13.5,http://img.wine21.com/WINE_MST/TITLE/0145000/W0145436.jpg?527677,와인
"콘차이토로, 유니온38 레세르바 시라",13.5,http://img.wine21.com/WINE_MST/TITLE/0164000/W0164173.jpg?741105,와인
"콘타디 까스탈디, 프란치아꼬르타 브뤼 스틸레",8.5,http://img.wine21.com/WINE_MST/TITLE/0147000/W0147206.jpg?327228,와인
"콘타디 까스탈디, 프란치아꼬르타 제로",8.5,http://img.wine21.com/WINE_MST/TITLE/0147000/W0147207.jpg?791795,와인
"콘타디 카스탈디, 떼레 디 프란치아꼬르타 로쏘",13,http://img.wine21.com/WINE_MST/TITLE/0146000/W0146838.jpg?102288,와인
"콘타디 카스탈디, 떼레 디 프란치아꼬르타 비앙코",8.5,http://img.wine21.com/WINE_MST/TITLE/0146000/W0146837.jpg?529803,와인
콘테 파르나소,9,http://img.wine21.com/WINE_MST/TITLE/0151000/W0151017.jpg?778692,와인
"콘테르노 판티노, 랑게 샤르도네 바스티아",9,http://img.wine21.com/WINE_MST/TITLE/0140000/W0140010.jpg?892501,와인
콘테싸 키아라 모스카토 다스티,5,http://img.wine21.com/WINE_MST/TITLE/0161000/W0161463.jpg?951064,와인
"콘트라또, 데 미란다 아스티 스푸만테",8,http://img.wine21.com/WINE_MST/TITLE/0162000/W0162581.jpg?234519,와인
"콘트라또, 밀레시마토 엑스트라 브뤼",12.5,http://img.wine21.com/WINE_MST/TITLE/0162000/W0162582.jpg?737452,와인
콜 데 살리치 프로세코 ,11,http://img.wine21.com/WINE_MST/TITLE/0158000/W0158942.jpg?697215,와인
"콜로마, 가르나차 틴토레라",14.5,http://img.wine21.com/WINE_MST/TITLE/0166000/W0166304.jpg?013613,와인
"콜로마, 꾸베 틴토",14.5,http://img.wine21.com/WINE_MST/TITLE/0167000/W0167218.png?097383,와인
콜롬브 드 라 트리니떼,13,http://img.wine21.com/WINE_MST/TITLE/0140000/W0140332.jpg?535243,와인
"콜롬비아 크레스트, 그랜드 에스테이트 까베르네 소비뇽",9.5,http://img.wine21.com/WINE_MST/TITLE/0156000/W0156826.jpg?396743,와인
콜리 페사레시 산지오베제,13,http://img.wine21.com/WINE_MST/TITLE/0163000/W0163255.jpg?232542,와인
"콜리나스 두 도우루, 퀸타 다 엑스트리마 카베르네 소비뇽",14.5,http://img.wine21.com/WINE_MST/TITLE/0166000/W0166141.jpg?916716,와인
콜리올 댄싱 피그,9.5,http://img.wine21.com/WINE_MST/TITLE/0162000/W0162779.jpg?988054,와인
"콜린 부리셋, 부르고뉴 샤르도네",13,http://img.wine21.com/WINE_MST/TITLE/0148000/W0148888.jpg?046741,와인
"콜린 부리셋, 부르고뉴 피노 누아",8.5,http://img.wine21.com/WINE_MST/TITLE/0144000/W0144860.jpg?623193,와인
"콜린 부리셋, 뿌이 퓌세",13,http://img.wine21.com/WINE_MST/TITLE/0148000/W0148902.jpg?116708,와인
"콜페트론, 몬테팔코 사그란티노",9.5,http://img.wine21.com/WINE_MST/TITLE/0147000/W0147168.jpg?693962,와인
"콩데 드 페드리아, 블랑코",12,http://img.wine21.com/WINE_MST/TITLE/0148000/W0148203.jpg?224278,와인
콩캐넌 쁘띠 시라 리미티드 릴리즈,9,http://img.wine21.com/WINE_MST/TITLE/0149000/W0149427.jpg?121619,와인
콩캐넌 셀렉티드 빈야드 까베르네 쇼비뇽,9,http://img.wine21.com/WINE_MST/TITLE/0149000/W0149429.jpg?335277,와인
콩캐넌 셀렉티드 빈야드 멜롯,9,http://img.wine21.com/WINE_MST/TITLE/0149000/W0149428.jpg?867649,와인
콩캐넌 셀렉티드 빈야드 소비뇽 블랑,13.5,http://img.wine21.com/WINE_MST/TITLE/0149000/W0149442.jpg?597554,와인
콩캐넌 셀렉티드 빈야드 쉬라즈,13.5,http://img.wine21.com/WINE_MST/TITLE/0149000/W0149431.jpg?844928,와인
콩코르디아 리제르바,13,http://img.wine21.com/WINE_MST/TITLE/0144000/W0144837.jpg?762473,와인
콩코르디아 수사르,9.5,http://img.wine21.com/WINE_MST/TITLE/0144000/W0144838.jpg?400024,와인
콩코르디아 크리안자,13,http://img.wine21.com/WINE_MST/TITLE/0144000/W0144836.jpg?154050,와인
콩코르디아 템프라니요,9,http://img.wine21.com/WINE_MST/TITLE/0144000/W0144835.jpg?564449,와인
쿠르바 델 베스코보 키안티 클라시코,9,http://img.wine21.com/WINE_MST/TITLE/0151000/W0151748.jpg?344474,와인
"쿠모 리버, 빌리지 피노 누아",13,http://img.wine21.com/WINE_MST/TITLE/0148000/W0148492.jpg?176219,와인
"쿠수마노, 노아",14,http://img.wine21.com/WINE_MST/TITLE/0145000/W0145137.jpg?614470,와인
"쿠수마노, 사가나 네로 다볼라",14,http://img.wine21.com/WINE_MST/TITLE/0154000/154517.jpg?134114,와인
"쿠수마노, 인솔리아",13,http://img.wine21.com/WINE_MST/TITLE/0154000/154518.jpg?521336,와인
쿠용 마샬 피노 누아,13,http://img.wine21.com/WINE_MST/TITLE/0143000/W0143259.jpg?242580,와인
"쿠용, 메르 피노 누아",13,http://img.wine21.com/WINE_MST/TITLE/0143000/W0143260.jpg?263767,와인
쿠지노 마쿨 더블유 까베르네 소비뇽,14,http://img.wine21.com/WINE_MST/TITLE/0161000/W0161491.jpg?250206,와인
쿠지노 마쿨 안티구아스 리제르바 까베르네 소비뇽,14,http://img.wine21.com/WINE_MST/TITLE/0156000/W0156257.jpg?300261,와인
쿠지노 마쿨 안티구아스 리제르바 시라,14,http://img.wine21.com/WINE_MST/TITLE/0161000/W0161490.jpg?641514,와인
"쿠지노 마쿨, 까르미네르",14,http://img.wine21.com/WINE_MST/TITLE/0150000/W0150524.jpg?509027,와인
"쿠지노 마쿨, 까베르네 소비뇽",14,http://img.wine21.com/WINE_MST/TITLE/0150000/W0150523.jpg?303642,와인
"쿠지노 마쿨, 돈 마티아스 리제르바 까베르네 소비뇽",14,http://img.wine21.com/WINE_MST/TITLE/0150000/W0150520.jpg?116760,와인
"쿠지노 마쿨, 돈 마티아스 리제르바 메를로",14,http://img.wine21.com/WINE_MST/TITLE/0150000/W0150521.jpg?457706,와인
"쿠지노 마쿨, 돈 마티아스 리제르바 시라",14,http://img.wine21.com/WINE_MST/TITLE/0150000/W0150522.jpg?165483,와인
"쿠지노 마쿨, 샤르도네",14,http://img.wine21.com/WINE_MST/TITLE/0150000/W0150525.jpg?330339,와인
"쿠지노 마쿨, 안티구아스 리제르바 메를로",14,http://img.wine21.com/WINE_MST/TITLE/0150000/W0150518.jpg?143726,와인
"쿠지노 마쿨, 안티구아스 리제르바 샤르도네",9,http://img.wine21.com/WINE_MST/TITLE/0150000/W0150519.jpg?522131,와인
"쿠지노 마쿨, 피니스 떼라에",14,http://img.wine21.com/WINE_MST/TITLE/0150000/W0150516.jpg?731091,와인
"쿡스, 브뤼",8,http://img.wine21.com/WINE_MST/TITLE/0147000/W0147542.jpg?618457,와인
"쿰카니, 쉬라즈 카버넷 소비뇽",14,http://img.wine21.com/WINE_MST/TITLE/0147000/W0147516.jpg?606308,와인
퀘일 크릭 까베르네 쇼비뇽,8.5,http://img.wine21.com/WINE_MST/TITLE/0153000/W0153875.jpg?843391,와인
퀘일 크릭 멜롯,8.5,http://img.wine21.com/WINE_MST/TITLE/0153000/W0153876.jpg?043785,와인
퀘일 크릭 샤도네이,8.5,http://img.wine21.com/WINE_MST/TITLE/0153000/W0153878.jpg?869004,와인
퀘일 크릭 화이트 진판델,7.5,http://img.wine21.com/WINE_MST/TITLE/0153000/W0153877.jpg?415441,와인
퀸타 다 비스타 알레그레 레드,13,http://img.wine21.com/WINE_MST/TITLE/0150000/W0150773.jpg?418732,와인
퀸타 도 발도에이로 틴토,14.5,http://img.wine21.com/WINE_MST/TITLE/0161000/W0161195.jpg?137792,와인
퀸타 드 초카팔라 틴토,13.5,http://img.wine21.com/WINE_MST/TITLE/0164000/W0164883.jpg?446937,와인
"퀸타 드 초카팔라, 화이트 리제르바",13.5,http://img.wine21.com/WINE_MST/TITLE/0167000/W0167130.jpg?401343,와인
퀸타 프로메사,9.5,http://img.wine21.com/WINE_MST/TITLE/0166000/W0166870.jpg?994039,와인
큐피드 모스카토 다스티,5,http://img.wine21.com/WINE_MST/TITLE/0147000/W0147155.jpg?078320,와인
"크레 데 레가, 꼬드 뒤 론",8.5,http://img.wine21.com/WINE_MST/TITLE/0145000/W0145522.jpg?074630,와인
"크레인 레이크, 까베네 소비뇽",8.5,http://img.wine21.com/WINE_MST/TITLE/0148000/W0148192.jpg?860152,와인
"크레인 레이크, 메를로",8.5,http://img.wine21.com/WINE_MST/TITLE/0148000/W0148194.jpg?807594,와인
"크레인 레이크, 샤도네이",8.5,http://img.wine21.com/WINE_MST/TITLE/0148000/W0148201.jpg?680366,와인
"크레인 레이크, 진판델",8.5,http://img.wine21.com/no_image1.jpg?884556,와인
크레티코스 레드,12.5,http://img.wine21.com/WINE_MST/TITLE/0160000/W0160758.jpg?844535,와인
크레티코스 화이트,12.5,http://img.wine21.com/WINE_MST/TITLE/0167000/W0167229.png?048393,와인
크로세로 까베르네 쇼비뇽,9,http://img.wine21.com/WINE_MST/TITLE/0150000/W0150054.jpg?935069,와인
크로세로 까베르네 쇼비뇽 리져브,9,http://img.wine21.com/WINE_MST/TITLE/0150000/W0150056.jpg?872602,와인
크로세로 멜롯,9,http://img.wine21.com/WINE_MST/TITLE/0150000/W0150047.jpg?866049,와인
크로스 스프링스 리저브 카베르네 소비뇽,14.5,http://img.wine21.com/WINE_MST/TITLE/0164000/W0164568.jpg?825716,와인
"크로타, 말벡",9,http://img.wine21.com/no_image1.jpg?863440,와인
"크로타, 보나르다 시라",8.5,http://img.wine21.com/no_image1.jpg?829332,와인
"크로타, 세미 스위트 레드",13,http://img.wine21.com/no_image1.jpg?826513,와인
"크로타, 세미 스위트 화이트",13,http://img.wine21.com/no_image1.jpg?777961,와인
크루와 발롱,14.5,http://img.wine21.com/WINE_MST/TITLE/0165000/W0165581.jpg?625248,와인
크루즈 식스 제네레이션,8.5,http://img.wine21.com/WINE_MST/TITLE/0148000/W0148582.jpg?548858,와인
크루즈 식스 제네레이션 보르도 소비뇽,12,http://img.wine21.com/WINE_MST/TITLE/0148000/W0148573.jpg?848970,와인
크리스탈 드 보솔레이 메토드 트라디시오넬 프리미에 브뤼 1531,8.5,http://img.wine21.com/WINE_MST/TITLE/0162000/W0162324.jpg?598149,와인
"크리스톰, 마운틴 제퍼슨 피노 누아",9,http://img.wine21.com/WINE_MST/TITLE/0148000/W0148993.jpg?124145,와인
"크리스톰, 소머스 리저브 피노 누아",9.5,http://img.wine21.com/WINE_MST/TITLE/0148000/W0148988.jpg?908118,와인
크리에이션 비오니에,14,http://img.wine21.com/WINE_MST/TITLE/0162000/W0162893.jpg?649868,와인
크리올로 까베르네 쉬라즈,13,http://img.wine21.com/WINE_MST/TITLE/0146000/W0146165.jpg?393066,와인
크리올로 쉬라즈 말벡,8,http://img.wine21.com/WINE_MST/TITLE/0146000/W0146166.jpg?010344,와인
"크리코바, 뀌베 프레스티지 브뤼",8.5,http://img.wine21.com/WINE_MST/TITLE/0163000/W0163326.png?933352,와인
크림 이레다 데 이달고,17,http://img.wine21.com/WINE_MST/TITLE/0161000/W0161071.jpg?219830,와인
"클라랑스 딜롱, 클라랑델 앰버",13,http://img.wine21.com/WINE_MST/TITLE/0166000/W0166466.jpg?013417,와인
"클라렌던 힐스, 히킨보담 까베르네 소비뇽",9.5,http://img.wine21.com/WINE_MST/TITLE/0148000/W0148042.jpg?866355,와인
클라우드 비아라데 프리미엄 비에이 비뉴,13.5,http://img.wine21.com/WINE_MST/TITLE/0161000/W0161151.jpg?870407,와인
"클라우디 베이, 소비뇽 블랑",14,http://img.wine21.com/WINE_MST/TITLE/0147000/W0147912.jpg?251154,와인
"클라우디 베이, 피노 누아",14,http://img.wine21.com/WINE_MST/TITLE/0147000/W0147907.jpg?970113,와인
"클라우디오 알라리오, 바롤로 리바 로카",14.5,http://img.wine21.com/WINE_MST/TITLE/0152000/W0152966.jpg?720698,와인
"클라우디오 콰르타 비나이올로, 모로스",15,http://img.wine21.com/WINE_MST/TITLE/0162000/W0162035.jpg?633044,와인
"클라우디오 콰르타 비나이올로, 상파올로 그레꼬 디 투포",13,http://img.wine21.com/WINE_MST/TITLE/0162000/W0162031.jpg?681971,와인
"클라우디오 콰르타 비나이올로, 상파올로 이르피니아 알리아니꼬",9,http://img.wine21.com/WINE_MST/TITLE/0162000/W0162040.jpg?644443,와인
"클라우디오 콰르타 비나이올로, 상파올로 타우라지 리제르바",9,http://img.wine21.com/WINE_MST/TITLE/0162000/W0162039.jpg?559344,와인
"클라우디오 콰르타 비나이올로, 쿠알레",12.5,http://img.wine21.com/WINE_MST/TITLE/0162000/W0162024.jpg?690759,와인
"클라인, 레드 트럭 까베르네 소비뇽",11,http://img.wine21.com/WINE_MST/TITLE/0145000/W0145695.jpg?260879,와인
"클라인, 레드 트럭 메를로",11,http://img.wine21.com/WINE_MST/TITLE/0145000/W0145702.jpg?814776,와인
"클라인, 레드 트럭 쁘띠 시라",8,http://img.wine21.com/WINE_MST/TITLE/0145000/W0145698.jpg?164066,와인
"클라인, 레드 트럭 피노 누아",7,http://img.wine21.com/WINE_MST/TITLE/0145000/W0145697.jpg?569320,와인
"클라인, 오클리 파이브 레드",9.5,http://img.wine21.com/WINE_MST/TITLE/0143000/W0143859.jpg?032588,와인
"클라인, 오클리 포 화이트",9,http://img.wine21.com/WINE_MST/TITLE/0143000/W0143860.jpg?894898,와인
"클라인, 캘리포니아 진판델",14,http://img.wine21.com/WINE_MST/TITLE/0143000/W0143858.jpg?130501,와인
"클라인, 핑크 트럭",7.5,http://img.wine21.com/WINE_MST/TITLE/0145000/W0145704.jpg?251421,와인
"클라인, 화이트 트럭 피노 그리지오",10.5,http://img.wine21.com/WINE_MST/TITLE/0145000/W0145705.jpg?868364,와인
클럽 레알탄자 레쎄르바 ,9,http://img.wine21.com/WINE_MST/TITLE/0151000/W0151728.jpg?726682,와인
클레멘 클루 크레망 달자스,12,http://img.wine21.com/WINE_MST/TITLE/0161000/W0161291.jpg?219285,와인
클렌드넌 패밀리 빈야드 스탈리온 소비뇽 블랑,8.5,http://img.wine21.com/WINE_MST/TITLE/0162000/W0162828.jpg?646051,와인
"클렌드넌 패밀리 빈야드, '더 핍' 샤도네이",13.5,http://img.wine21.com/WINE_MST/TITLE/0161000/W0161929.jpg?881243,와인
"클렌드넌 패밀리 빈야드, '더 핍' 피노 누아",9,http://img.wine21.com/WINE_MST/TITLE/0161000/W0161926.jpg?848728,와인
클로 마르살레트 블랑,12.5,http://img.wine21.com/WINE_MST/TITLE/0161000/W0161868.jpg?931556,와인
"클로 몽블랑, 콰트로 레드",14,http://img.wine21.com/WINE_MST/TITLE/0162000/W0162522.jpg?077995,와인
"클로 몽블랑, 프로젝토 콰트로 까바 브뤼",11.5,http://img.wine21.com/WINE_MST/TITLE/0152000/W0152323.jpg?844579,와인
"클로 몽블랑, 프로젝토 콰트로 까바 브뤼 로제",11.5,http://img.wine21.com/WINE_MST/TITLE/0152000/W0152324.jpg?140456,와인
"클로 바가텔, 라 테르 드 몽 뻬르",9.5,http://img.wine21.com/WINE_MST/TITLE/0149000/W0149495.jpg?131791,와인
"클로 바가텔, 베이에 도톤느",9.5,http://img.wine21.com/WINE_MST/TITLE/0149000/W0149496.jpg?451833,와인
클로버데일 까베르네 소비뇽,14.5,http://img.wine21.com/WINE_MST/TITLE/0143000/W0143866.jpg?465646,와인
클로버데일 메를로,14.5,http://img.wine21.com/WINE_MST/TITLE/0143000/W0143867.jpg?925342,와인
키르 로얄,12,http://img.wine21.com/WINE_MST/TITLE/0150000/W0150943.jpg?340464,와인
"키리힐, 쉬라즈",9.5,http://img.wine21.com/WINE_MST/TITLE/0148000/W0148441.jpg?810344,와인
"키리힐, 카버네쇼비뇽",9.5,http://img.wine21.com/WINE_MST/TITLE/0148000/W0148442.jpg?019998,와인
키싱 부스 쇼비뇽 블랑,13.5,http://img.wine21.com/WINE_MST/TITLE/0167000/W0167164.png?823589,와인
키안티 콜리 피오렌티니 '일 코르틸',13,http://img.wine21.com/WINE_MST/TITLE/0150000/W0150863.jpg?015397,와인
"킴 크로포드, 라이즈 앤 샤인 피노 누아",13.5,http://img.wine21.com/WINE_MST/TITLE/0161000/W0161834.jpg?151962,와인
"킴 크로포드, 피노 그리",13,http://img.wine21.com/WINE_MST/TITLE/0162000/W0162864.jpg?279093,와인
"타라파카, 그란 레세르바 샤르도네",13.5,http://img.wine21.com/WINE_MST/TITLE/0162000/W0162666.jpg?504214,와인
"타라파카, 그란 레세르바 소비뇽 블랑",13.5,http://img.wine21.com/WINE_MST/TITLE/0162000/W0162665.jpg?224499,와인
"타라파카, 그란 레세르바 시라",14.5,http://img.wine21.com/WINE_MST/TITLE/0162000/W0162664.jpg?244188,와인
"타라파카, 그란 레세르바 에티케타 네그라",14.5,http://img.wine21.com/WINE_MST/TITLE/0162000/W0162663.jpg?737112,와인
"타라파카, 에티케타 아쑬",14.5,http://img.wine21.com/WINE_MST/TITLE/0162000/W0162662.jpg?856981,와인
타리마 모스카텔,6.5,http://img.wine21.com/WINE_MST/TITLE/0162000/W0162062.jpg?288058,와인
타리마 오가닉,14.5,http://img.wine21.com/WINE_MST/TITLE/0162000/W0162061.jpg?145267,와인
"타마랄, 로블",14.5,http://img.wine21.com/WINE_MST/TITLE/0166000/W0166947.jpg?962341,와인
"타마랄, 리제르바",14.5,http://img.wine21.com/WINE_MST/TITLE/0166000/W0166949.jpg?583251,와인
"타마랄, 크리안자",14.5,http://img.wine21.com/WINE_MST/TITLE/0166000/W0166948.jpg?133101,와인
"타스카 달메리타, 까베르네 소비뇽",14.5,http://img.wine21.com/WINE_MST/TITLE/0141000/W0141334.jpg?308494,와인
"타스카 달메리타, 노제 도로",13,http://img.wine21.com/WINE_MST/TITLE/0162000/W0162395.jpg?996253,와인
"타스카 달메리타, 레오네",9,http://img.wine21.com/WINE_MST/TITLE/0146000/W0146073.jpg?346621,와인
"타울레로, 몬테풀치아노 다브루쪼  ",13.5,http://img.wine21.com/WINE_MST/TITLE/0155000/0155300.jpg?335167,와인
타토르,9.5,http://img.wine21.com/WINE_MST/TITLE/0158000/W0158538.jpg?833239,와인
"탄디, 카베르네 쇼비뇽",14,http://img.wine21.com/WINE_MST/TITLE/0143000/W0143845.jpg?496036,와인
"탈라몬티, 꼴레 꼬르비아노 몬테풀치아노",13.5,http://img.wine21.com/WINE_MST/TITLE/0166000/W0166946.jpg?935524,와인
"탈라몬티, 모다 몬테풀치아노 다부르쪼",13.5,http://img.wine21.com/WINE_MST/TITLE/0152000/W0152048.jpg?162096,와인
"탈라몬티, 쿠도스 꼴리네 페스카레시",14.5,http://img.wine21.com/WINE_MST/TITLE/0153000/W0153832.jpg?131922,와인
"탈라몬티, 트라보께또 페코리노 꼴리네 페스카레시 비앙코",13.5,http://img.wine21.com/WINE_MST/TITLE/0152000/W0152050.jpg?632911,와인
"탈라몬티, 트레 사지 몬테풀치아노 다부르쪼",13.5,http://img.wine21.com/WINE_MST/TITLE/0153000/W0153831.jpg?467216,와인
"탈라몬티, 트레비 트레비아노 다부르쪼 비앙코",12.5,http://img.wine21.com/WINE_MST/TITLE/0152000/W0152053.jpg?068854,와인
"탈레, 몬테풀치아노 다브루쪼 '세리 에디션 챔피온'",14.5,http://img.wine21.com/WINE_MST/TITLE/0155000/W0155301.jpg?827378,와인
"탈렌티, 피안 디 꽁떼",14,http://img.wine21.com/WINE_MST/TITLE/0147000/W0147331.jpg?788822,와인
테 코코 소비뇽 블랑,9,http://img.wine21.com/WINE_MST/TITLE/0153000/W0153882.jpg?897458,와인
테 파 소비뇽 블랑,12.5,http://img.wine21.com/WINE_MST/TITLE/0162000/W0162809.jpg?644128,와인
"테누다 디 콜로소르보, 브루넬로 디 몬탈치노",9.5,http://img.wine21.com/WINE_MST/TITLE/0163000/W0163142.jpg?973767,와인
"테누떼 로제띠, 끼안띠",12.5,http://img.wine21.com/WINE_MST/TITLE/0162000/W0162627.jpg?954566,와인
"테누떼 로제띠, 포지오 치베타 고베르노 알루소 토스카노",13.5,http://img.wine21.com/WINE_MST/TITLE/0162000/W0162629.jpg?757075,와인
"테누떼 로제띠, 포지오 치베타 끼안티 클라시코",13.5,http://img.wine21.com/WINE_MST/TITLE/0162000/W0162628.jpg?486103,와인
"테누타 디 콜로소르보, 로쏘 디 몬탈치노",14,http://img.wine21.com/WINE_MST/TITLE/0163000/W0163141.jpg?484960,와인
테누타 떼레 네레 에뜨나 로쏘 카데라라 소따나,14,http://img.wine21.com/WINE_MST/TITLE/0146000/W0146616.jpg?632699,와인
"테누타 떼레 네레, 과르디올라 비앙코",9,http://img.wine21.com/WINE_MST/TITLE/0148000/W0148530.jpg?561630,와인
"테누타 떼레 네레, 에뜨나 로쏘 구아디올라",14,http://img.wine21.com/WINE_MST/TITLE/0146000/W0146784.jpg?106652,와인
"테누타 로카, 돌체토 달바",13,http://img.wine21.com/WINE_MST/TITLE/0148000/W0148729.jpg?714289,와인
"테누타 로카, 랑게 오르나티",13,http://img.wine21.com/WINE_MST/TITLE/0148000/W0148731.jpg?637918,와인
"테누타 로카, 바롤로",14,http://img.wine21.com/WINE_MST/TITLE/0148000/W0148732.jpg?204255,와인
"테누타 산 안토니오, 스카이아",13.5,http://img.wine21.com/WINE_MST/TITLE/0157000/W0157937.jpg?239068,와인
"테누타 산 안토니오, 스카이아 비앙코",12.5,http://img.wine21.com/WINE_MST/TITLE/0160000/W0160779.jpg?956018,와인
"테누타 세떼 폰티, 페우도 마카리 네로 다볼라",14,http://img.wine21.com/WINE_MST/TITLE/0147000/W0147597.jpg?993098,와인
"테누타 세떼 폰티, 페우도 마카리 사이아",14,http://img.wine21.com/WINE_MST/TITLE/0147000/W0147598.jpg?252188,와인
"테누타 세떼 폰티, 포찌오 알 루포",14,http://img.wine21.com/WINE_MST/TITLE/0147000/W0147595.jpg?412545,와인
"테누타 세떼 폰티, 포찌오 알 루포 모렐리노 디 스칸자노",9,http://img.wine21.com/WINE_MST/TITLE/0147000/W0147594.jpg?527674,와인
"테누테 부르키노, 카안티 수페리오레",8.5,http://img.wine21.com/no_image1.jpg?022280,와인
"테니멘티, 네로 다블라",13.5,http://img.wine21.com/WINE_MST/TITLE/0144000/W0144867.jpg?856298,와인
"테니멘티, 마리아 멜롯",14,http://img.wine21.com/WINE_MST/TITLE/0144000/W0144868.jpg?503933,와인
"테니멘티, 발폴리셀라 클라시코",12,http://img.wine21.com/WINE_MST/TITLE/0144000/W0144864.jpg?268389,와인
"테니멘티, 발폴리셀라 클라시코 슈페리에 마티노 비스카르도 리파소",13,http://img.wine21.com/WINE_MST/TITLE/0144000/W0144862.jpg?392765,와인
"테니멘티, 소아베 클라시코 수페리오레",12,http://img.wine21.com/WINE_MST/TITLE/0144000/W0144877.jpg?011396,와인
"테니멘티, 아마로네 델라 발폴리첼라 클라시코",14,http://img.wine21.com/WINE_MST/TITLE/0144000/W0144869.jpg?962176,와인
"테니멘티, 프라스카티",12,http://img.wine21.com/WINE_MST/TITLE/0144000/W0144875.jpg?716711,와인
테라 바이샤 레드,8,http://img.wine21.com/WINE_MST/TITLE/0161000/W0161887.jpg?178580,와인
테라 바이샤 화이트,8,http://img.wine21.com/WINE_MST/TITLE/0161000/W0161888.jpg?288640,와인
테라 아르젠타 말벡,13.5,http://img.wine21.com/WINE_MST/TITLE/0164000/W0164946.jpg?913400,와인
"테라 안디나, 까미노스 까베르네 소비뇽",8.5,http://img.wine21.com/WINE_MST/TITLE/0146000/W0146564.jpg?426179,와인
"테라 안디나, 까미노스 까베르네 소비뇽 멜롯",8,http://img.wine21.com/WINE_MST/TITLE/0146000/W0146565.jpg?020750,와인
"테라 안디나, 까미노스 샤르도네",8.5,http://img.wine21.com/WINE_MST/TITLE/0146000/W0146566.jpg?627571,와인
"테라 안디나, 리제르바 까르미네르",14,http://img.wine21.com/WINE_MST/TITLE/0146000/W0146556.jpg?774679,와인
"테라 안디나, 리제르바 까베르네 소비뇽",14,http://img.wine21.com/WINE_MST/TITLE/0146000/W0146555.jpg?211529,와인
"테라 안디나, 리제르바 샤르도네",9,http://img.wine21.com/WINE_MST/TITLE/0146000/W0146558.jpg?981195,와인
"테라 안디나, 리제르바 피노 누아",13,http://img.wine21.com/WINE_MST/TITLE/0146000/W0146557.jpg?393789,와인
"테라 안디나, 버라이탈 까르미네르",9,http://img.wine21.com/WINE_MST/TITLE/0146000/W0146560.jpg?458663,와인
"테라 안디나, 버라이탈 까베르네 소비뇽",9,http://img.wine21.com/WINE_MST/TITLE/0146000/W0146559.jpg?826592,와인
"테라 안디나, 버라이탈 로제",8.5,http://img.wine21.com/WINE_MST/TITLE/0146000/W0146562.jpg?034472,와인
"테라 안디나, 버라이탈 멜롯",13,http://img.wine21.com/WINE_MST/TITLE/0146000/W0146561.jpg?639338,와인
"테라 안디나, 버라이탈 샤르도네",9,http://img.wine21.com/WINE_MST/TITLE/0146000/W0146563.jpg?561202,와인
"테라 안디나, 알토스 까베르네 프랑 멜롯",14,http://img.wine21.com/WINE_MST/TITLE/0146000/W0146553.jpg?504434,와인
"테라 안디나, 알토스 쉬라 까베르네 소비뇽",8,http://img.wine21.com/WINE_MST/TITLE/0146000/W0146554.jpg?878417,와인
"테레 디 실라보, 소비뇽",9,http://img.wine21.com/no_image1.jpg?917519,와인
"테사리, 그리셀라 소아베 클라시코",12.5,http://img.wine21.com/WINE_MST/TITLE/0163000/0163256.jpg?420838,와인
"테사리, 아브스",12.5,http://img.wine21.com/WINE_MST/TITLE/0163000/0163257.jpg?117017,와인
테소,14,http://img.wine21.com/WINE_MST/TITLE/0166000/W0166869.jpg?348017,와인
테스코 까바 드미 섹,8,http://img.wine21.com/WINE_MST/TITLE/0146000/W0146171.jpg?171003,와인
테스코 뀌베 프레스티지 레드,8,http://img.wine21.com/WINE_MST/TITLE/0148000/W0148644.jpg?203408,와인
테스코 뀌베 프레스티지 화이트,11,http://img.wine21.com/WINE_MST/TITLE/0148000/W0148631.jpg?845513,와인
테스코 메를로,12,http://img.wine21.com/WINE_MST/TITLE/0148000/W0148626.jpg?072526,와인
테스코 바르돌리노,11,http://img.wine21.com/WINE_MST/TITLE/0148000/W0148627.jpg?944924,와인
테스코 발폴리첼라,11,http://img.wine21.com/WINE_MST/TITLE/0148000/W0148630.jpg?050873,와인
테스코 빈야드 호주 까베네소비뇽,8.5,http://img.wine21.com/WINE_MST/TITLE/0155000/155537.jpg?239849,와인
테스코 빈야드 호주 쉬라즈,8.5,http://img.wine21.com/WINE_MST/TITLE/0155000/155538.jpg?573307,와인
테스코 빈티지 샴페인,8.5,http://img.wine21.com/WINE_MST/TITLE/0146000/W0146683.jpg?602519,와인
테스코 샴페인 드미 섹,12,http://img.wine21.com/WINE_MST/TITLE/0146000/W0146682.jpg?003604,와인
테스코 소아베 클라시코,12,http://img.wine21.com/WINE_MST/TITLE/0146000/W0146104.jpg?526971,와인
테스코 시칠리안 레드,12,http://img.wine21.com/WINE_MST/TITLE/0148000/W0148628.jpg?562300,와인
테스코 아스티 스푸만테,7,http://img.wine21.com/WINE_MST/TITLE/0147000/W0147561.jpg?479593,와인
테스코 칠레안 레드 ,12,http://img.wine21.com/WINE_MST/TITLE/0151000/W0151921.jpg?450148,와인
테스코 캘리포니아 진판델,13,http://img.wine21.com/WINE_MST/TITLE/0148000/W0148629.jpg?549804,와인
테스코 프렌치 화이트,8,http://img.wine21.com/WINE_MST/TITLE/0146000/W0146687.jpg?275643,와인
테스코 호주 레드 ,12,http://img.wine21.com/WINE_MST/TITLE/0151000/W0151922.jpg?084168,와인
"텍스트북, 까베르네 소비뇽 나파 밸리",14,http://img.wine21.com/WINE_MST/TITLE/0148000/W0148559.jpg?720216,와인
"템덤, 옥션 블록 피노 누아",10,http://img.wine21.com/WINE_MST/TITLE/0147000/W0147826.jpg?397759,와인
템퍼스 투 보트리티스 쎄미용,7.5,http://img.wine21.com/WINE_MST/TITLE/0145000/W0145125.jpg?472321,와인
템퍼스 투 퓨러 랜지 메를로,14,http://img.wine21.com/WINE_MST/TITLE/0139000/W0139728.jpg?802299,와인
템퍼스 투 퓨러 랜지 샤도네,9,http://img.wine21.com/WINE_MST/TITLE/0139000/W0139722.jpg?371438,와인
"토레 라오네, 라오네 페코리노 꼴리네 페스카레시",9,http://img.wine21.com/WINE_MST/TITLE/0146000/W0146845.jpg?701749,와인
"토레 라오네, 루칸토 몬테풀치아노 다브루쪼",9,http://img.wine21.com/WINE_MST/TITLE/0146000/W0146842.jpg?829649,와인
"토레 라오네, 산 조피토 몬테풀치아노 다브루쪼",15,http://img.wine21.com/WINE_MST/TITLE/0146000/W0146846.jpg?290216,와인
토레 라치나,11.5,http://img.wine21.com/WINE_MST/TITLE/0167000/W0167225.png?561960,와인
"토레 오리아, 까바 샤르도네 브뤼",12,http://img.wine21.com/WINE_MST/TITLE/0162000/W0162037.jpg?050414,와인
"토레 오리아, 세뇨리오 드 세고르베 그랑 레제르바",13.5,http://img.wine21.com/WINE_MST/TITLE/0167000/W0167643.png?722145,와인
토레브루나 키안티,8.5,http://img.wine21.com/WINE_MST/TITLE/0156000/W0156476.jpg?054397,와인
토레셀라 산지오베제,9,http://img.wine21.com/WINE_MST/TITLE/0159000/W0159223.jpg?271375,와인
"토레스, 그랑 비냐 솔",8,http://img.wine21.com/WINE_MST/TITLE/0141000/W0141039.jpg?544867,와인
"토레스, 꼬로나스 템프라니오",9,http://img.wine21.com/WINE_MST/TITLE/0141000/W0141036.jpg?935887,와인
"토레스, 네롤라 레드",9,http://img.wine21.com/WINE_MST/TITLE/0141000/W0141042.jpg?868772,와인
"토레스, 마스 라벨 리제르바",9,http://img.wine21.com/WINE_MST/TITLE/0144000/W0144872.jpg?527101,와인
"토레스, 모스카텔 오로",15,http://img.wine21.com/WINE_MST/TITLE/0144000/W0144873.jpg?958292,와인
"토레스, 비냐 에스메랄다 스프링 에디션",8,http://img.wine21.com/WINE_MST/TITLE/0164000/W0164549.jpg?844223,와인
"토레스, 상그레 데 토로 까바",11.5,http://img.wine21.com/WINE_MST/TITLE/0166000/W0166143.jpg?777637,와인
"토레스, 아트리움 샤르도네",13,http://img.wine21.com/WINE_MST/TITLE/0148000/W0148070.jpg?761925,와인
토로 네그로,12,http://img.wine21.com/WINE_MST/TITLE/0151000/W0151978.jpg?380394,와인
토로 셀렉시옹 말벡,12.5,http://img.wine21.com/WINE_MST/TITLE/0167000/W0167750.png?558933,와인
토로 셀렉시옹 슈냉 또론테스,13.5,http://img.wine21.com/WINE_MST/TITLE/0167000/W0167749.png?038954,와인
토로 셀렉시옹 시라 말벡,13.5,http://img.wine21.com/WINE_MST/TITLE/0167000/W0167751.png?993915,와인
"토리노, 리져브 카버네 소비뇽",9.5,http://img.wine21.com/WINE_MST/TITLE/0146000/W0146968.jpg?383788,와인
"토마스 고스, 까베르네 쇼비뇽",9.5,http://img.wine21.com/WINE_MST/TITLE/0162000/W0162766.jpg?283899,와인
"토마스 고스, 메를로",9.5,http://img.wine21.com/WINE_MST/TITLE/0163000/W0163440.jpg?072722,와인
"토마스 고스, 쉬라즈",9.5,http://img.wine21.com/WINE_MST/TITLE/0162000/W0162765.jpg?084134,와인
"토마시, 라파엘 발폴리첼라 클라시코 수페리오레",12.5,http://img.wine21.com/WINE_MST/TITLE/0143000/W0143453.jpg?262325,와인
"토마시, 소아베 클라시코",12,http://img.wine21.com/WINE_MST/TITLE/0150000/W0150380.jpg?360078,와인
"토이 토이, 말보르 소비뇽 블랑",8.5,http://img.wine21.com/WINE_MST/TITLE/0153000/W0153807.jpg?375247,와인
"토조, 마르살라",17.5,http://img.wine21.com/WINE_MST/TITLE/0147000/W0147996.jpg?875801,와인
"토후, 리저브 샤도네",9,http://img.wine21.com/WINE_MST/TITLE/0149000/W0149636.jpg?269510,와인
"토후, 언오크드 샤도네",13,http://img.wine21.com/WINE_MST/TITLE/0149000/W0149634.jpg?611891,와인
"톤토니아, 리제르바",8.5,http://img.wine21.com/WINE_MST/TITLE/0148000/W0148170.jpg?702404,와인
톨 홀스 소비뇽 블랑,9,http://img.wine21.com/WINE_MST/TITLE/0149000/W0149987.jpg?973222,와인
"톨 홀스, 멜롯",9,http://img.wine21.com/WINE_MST/TITLE/0149000/W0149985.jpg?046174,와인
"톨 홀스, 샤도네이",9,http://img.wine21.com/WINE_MST/TITLE/0149000/W0149986.jpg?427454,와인
"톨 홀스, 쉬라즈",9,http://img.wine21.com/WINE_MST/TITLE/0149000/W0149988.jpg?941152,와인
"톨 홀스, 카베네 쇼비뇽",9,http://img.wine21.com/WINE_MST/TITLE/0149000/W0149990.jpg?895210,와인
"톨 홀스, 피노타주",13,http://img.wine21.com/WINE_MST/TITLE/0149000/W0149989.jpg?395044,와인
"톨 홀스, 피노타주 로제",9,http://img.wine21.com/WINE_MST/TITLE/0149000/W0149991.jpg?149434,와인
"톨라이니, 레짓 토스카나",14.5,http://img.wine21.com/WINE_MST/TITLE/0167000/W0167055.jpg?087199,와인
투 보틀 까베르네 소비뇽,13.5,http://img.wine21.com/WINE_MST/TITLE/0167000/W0167446.png?297044,와인
투 보틀 돌체 비앙코,5.5,http://img.wine21.com/WINE_MST/TITLE/0167000/W0167447.png?734165,와인
"투 오션, 프레쉬 & 프루티 화이트",12,http://img.wine21.com/WINE_MST/TITLE/0148000/W0148063.jpg?854008,와인
투 올드 맨 쉬라즈 까베르네 소비뇽,9,http://img.wine21.com/WINE_MST/TITLE/0150000/W0150109.jpg?792146,와인
"투미, 소비뇽 블랑",14.5,http://img.wine21.com/WINE_MST/TITLE/0154000/W0154473.jpg?676855,와인
투보틀 샤르도네,13.5,http://img.wine21.com/WINE_MST/TITLE/0167000/W0167733.png?225024,와인
"투왈라틴 에스테이트, 세미 스파클링 머스켓 쁘리짠떼",5.5,http://img.wine21.com/WINE_MST/TITLE/0148000/W0148870.jpg?338057,와인
"투핸즈, 브레이브 페이스",9.5,http://img.wine21.com/WINE_MST/TITLE/0153000/W0153833.jpg?319334,와인
"투핸즈, 브릴리언트 디스가이즈 모스카토",5.5,http://img.wine21.com/WINE_MST/TITLE/0140000/W0140314.jpg?138238,와인
트라마 산지오베제 리제르바,13.5,http://img.wine21.com/WINE_MST/TITLE/0167000/W0167501.png?700504,와인
"트라웃 밸리, 리저브 소비뇽 블랑",12.5,http://img.wine21.com/WINE_MST/TITLE/0166000/W0166520.jpg?342983,와인
트라이마리,11,http://img.wine21.com/WINE_MST/TITLE/0161000/W0161495.jpg?858217,와인
"트라피체, 그란 메달라 까베르네 소비뇽",14,http://img.wine21.com/WINE_MST/TITLE/0163000/W0163313.jpg?411695,와인
"트라피체, 멜로디아스 까베르네 소비뇽",12.5,http://img.wine21.com/WINE_MST/TITLE/0150000/W0150489.jpg?364945,와인
"트라피체, 멜로디아스 말벡",12.5,http://img.wine21.com/WINE_MST/TITLE/0150000/W0150490.jpg?920120,와인
"트라피체, 멜로디아스 토론테스",12.5,http://img.wine21.com/WINE_MST/TITLE/0150000/W0150379.jpg?866520,와인
"트라피체, 싱글 빈야드 말벡 '콜레토'",9.75,http://img.wine21.com/WINE_MST/TITLE/0162000/W0162432.jpg?509377,와인
"트라피체, 엑스트라버겐저 레드(레드 라벨)",12.5,http://img.wine21.com/WINE_MST/TITLE/0154000/W0154158.jpg?833569,와인
트레소랏,14.5,http://img.wine21.com/WINE_MST/TITLE/0163000/W0163220.jpg?176048,와인
트레스 벨라스,13.5,http://img.wine21.com/WINE_MST/TITLE/0141000/W0141863.jpg?188838,와인
트레시 그랑 불바르,11,http://img.wine21.com/WINE_MST/TITLE/0151000/W0151396.jpg?579437,와인
트레시 프레스티지,11,http://img.wine21.com/WINE_MST/TITLE/0151000/W0151397.jpg?409681,와인
트렌칼로스 소비뇽 블랑,8.5,http://img.wine21.com/WINE_MST/TITLE/0161000/W0161285.jpg?209846,와인
트로우피스 만디니아,10.5,http://img.wine21.com/WINE_MST/TITLE/0160000/W0160728.jpg?737843,와인
트로켄베렌아우스레제,7.5,http://img.wine21.com/WINE_MST/TITLE/0145000/W0145613.jpg?691895,와인
트루아젤 리제르바 까베르네 소비뇽,15,http://img.wine21.com/WINE_MST/TITLE/0162000/W0162442.jpg?974122,와인
"트루차드, 까베르네 소비뇽",13.5,http://img.wine21.com/WINE_MST/TITLE/0143000/W0143870.jpg?178971,와인
"트루차드, 메를로",14.5,http://img.wine21.com/WINE_MST/TITLE/0143000/W0143871.jpg?715801,와인
"트루차드, 진판델",14.5,http://img.wine21.com/WINE_MST/TITLE/0143000/W0143872.jpg?942223,와인
"트루차드, 피노 누아",7.5,http://img.wine21.com/WINE_MST/TITLE/0145000/W0145632.jpg?104685,와인
트리가,16.5,http://img.wine21.com/WINE_MST/TITLE/0162000/W0162065.jpg?009303,와인
"트리니티 오크, 피노누아",9.5,http://img.wine21.com/WINE_MST/TITLE/0151000/W0151246.jpg?558787,와인
트리로지 얼티메이트 까베르네 쉬라 그랑리저브,9,http://img.wine21.com/WINE_MST/TITLE/0151000/W0151285.jpg?701961,와인
트리로지 얼티메이트 쉬라 그랑리저브,9,http://img.wine21.com/WINE_MST/TITLE/0151000/W0151286.jpg?892352,와인
트리로지 에센셜 까베르네 쇼비뇽,9,http://img.wine21.com/WINE_MST/TITLE/0151000/W0151280.jpg?335417,와인
트리로지 에센셜 메를로,9,http://img.wine21.com/WINE_MST/TITLE/0151000/W0151279.jpg?380578,와인
트리로지 인피니티 메를로 리저브,9,http://img.wine21.com/WINE_MST/TITLE/0151000/W0151283.jpg?514461,와인
트리풀라 피에몬테 로쏘,13.5,http://img.wine21.com/WINE_MST/TITLE/0167000/W0167827.png?452747,와인
"트림바크, 게뷔르츠트라미너 방당주 타르디브",9,http://img.wine21.com/WINE_MST/TITLE/0145000/W0145084.jpg?860799,와인
티 오프 카스텔라 엑스트라 브뤼,12.5,http://img.wine21.com/WINE_MST/TITLE/0155000/W0155252.jpg?528755,와인
"티스웰, 히스필드 베르멘티노",11.5,http://img.wine21.com/WINE_MST/TITLE/0166000/W0166598.jpg?954417,와인
파고 데 로스 카페자네스 오 루아르 두 실 바리카,13.5,http://img.wine21.com/WINE_MST/TITLE/0164000/W0164797.jpg?586409,와인
"파고 데 로스 카페자네스, '오 루아르 두 실' 리아스",13.5,http://img.wine21.com/WINE_MST/TITLE/0164000/W0164796.jpg?616604,와인
"파고 디아나, 끌로 디아나",14,http://img.wine21.com/WINE_MST/TITLE/0158000/W0158539.jpg?332149,와인
파고 에레다드 데 우루에냐 토르알토,15.5,http://img.wine21.com/WINE_MST/TITLE/0163000/W0163224.jpg?345343,와인
"파고 에레다드 데 우루에냐, 포룸",14.5,http://img.wine21.com/WINE_MST/TITLE/0163000/W0163225.jpg?411134,와인
"파고스 델 레이, 카스티요 데 알바이 리제르바",13,http://img.wine21.com/WINE_MST/TITLE/0155000/W0155669.jpg?084678,와인
"파고스 델 레이, 카스티요 데 알바이 크리안자",13,http://img.wine21.com/WINE_MST/TITLE/0155000/W0155668.jpg?701188,와인
"파고스 델 레이, 카스티요 데 알바이 호벤",13,http://img.wine21.com/WINE_MST/TITLE/0155000/W0155667.jpg?500840,와인
"파고스 델 레이, 콘다도 데 오리자  그랑 리제르바",14,http://img.wine21.com/WINE_MST/TITLE/0155000/W0155665.jpg?790884,와인
"파고스 델 레이, 콘다도 데 오리자 409",14,http://img.wine21.com/WINE_MST/TITLE/0155000/W0155666.jpg?136321,와인
"파고스 델 레이, 콘다도 데 오리자 리제르바",14,http://img.wine21.com/WINE_MST/TITLE/0155000/W0155664.jpg?221654,와인
"파고스 델 레이, 콘다도 데 오리자 크리안자",9,http://img.wine21.com/WINE_MST/TITLE/0155000/W0155662.jpg?605281,와인
"파고스 델 레이, 콘다도 데 오리자 호벤",13,http://img.wine21.com/WINE_MST/TITLE/0155000/W0155661.jpg?107429,와인
파눌 까르미네르 리저브,9,http://img.wine21.com/WINE_MST/TITLE/0141000/W0141767.jpg?331528,와인
파눌 까베르네 쇼비뇽 리저브,13,http://img.wine21.com/WINE_MST/TITLE/0141000/W0141763.jpg?193926,와인
파눌 멜롯 리저브,9,http://img.wine21.com/WINE_MST/TITLE/0141000/W0141769.jpg?406723,와인
파눌 샤도네이 리저브,9,http://img.wine21.com/WINE_MST/TITLE/0148000/W0148765.jpg?367348,와인
"파또리아 비티치오, 프루나이오",9,http://img.wine21.com/no_image1.jpg?637614,와인
파란드리 샤도네,13,http://img.wine21.com/WINE_MST/TITLE/0141000/W0141286.jpg?438905,와인
파랑가 스파클링,11.5,http://img.wine21.com/WINE_MST/TITLE/0167000/W0167228.png?459764,와인
파랑가 화이트,12.5,http://img.wine21.com/WINE_MST/TITLE/0167000/W0167230.png?416986,와인
파렐라 파크 나파 밸리 메를로,8,http://img.wine21.com/WINE_MST/TITLE/0149000/W0149390.jpg?542319,와인
파렐라 파크 로드 블록 시라,15,http://img.wine21.com/WINE_MST/TITLE/0149000/W0149391.jpg?590936,와인
"파루쏘, 돌체또 달바 피아니 노체",8.5,http://img.wine21.com/WINE_MST/TITLE/0140000/W0140120.jpg?049145,와인
"파루쏘, 랑게 비안코 브리꼬 로벨라",14,http://img.wine21.com/WINE_MST/TITLE/0140000/W0140122.jpg?122246,와인
파르코 모스카토 다스티,5,http://img.wine21.com/WINE_MST/TITLE/0149000/W0149898.jpg?069726,와인
파머스 립 랜덤 샷 쉬라즈,9.5,http://img.wine21.com/WINE_MST/TITLE/0158000/W0158030.jpg?279542,와인
파머스 립 페더웨이 쉬라즈,9.5,http://img.wine21.com/WINE_MST/TITLE/0158000/W0158028.jpg?034962,와인
"파머스 립, 랜덤 샷  샤도네이 ",8.5,http://img.wine21.com/WINE_MST/TITLE/0150000/W0150607.jpg?360023,와인
"파머스 립, 랜덤 샷 쉬라즈 까베르네 소비뇽",14,http://img.wine21.com/WINE_MST/TITLE/0150000/W0150605.jpg?509798,와인
"파머스 립, 페더웨이 더 브레이브 쉬라즈",10,http://img.wine21.com/WINE_MST/TITLE/0147000/W0147482.jpg?420638,와인
파세오 레알 드라이 레드 ,12,http://img.wine21.com/WINE_MST/TITLE/0159000/W0159037.jpg?340104,와인
파세오 레알 세미 스윗,11,http://img.wine21.com/WINE_MST/TITLE/0159000/W0159038.jpg?338953,와인
파소 아 파소 코세차,14,http://img.wine21.com/WINE_MST/TITLE/0161000/W0161711.jpg?739937,와인
파소 아 파소 템프라니요,14,http://img.wine21.com/WINE_MST/TITLE/0161000/W0161670.jpg?999315,와인
"파스쿠아, 까베르네 소비뇽",9,http://img.wine21.com/WINE_MST/TITLE/0147000/W0147888.jpg?271178,와인
"파스쿠아, 메를로",9,http://img.wine21.com/WINE_MST/TITLE/0147000/W0147889.jpg?952261,와인
"파스쿠아, 샤르도네",9,http://img.wine21.com/WINE_MST/TITLE/0147000/W0147887.jpg?876749,와인
"파올로 스카비노, 랑게 네비올로",9,http://img.wine21.com/WINE_MST/TITLE/0146000/W0146782.jpg?508944,와인
"파올로 스카비노, 로소 비노 다 타볼라",9,http://img.wine21.com/WINE_MST/TITLE/0139000/W0139736.jpg?756907,와인
"파올로 스카비노, 바르베라 달바",14,http://img.wine21.com/WINE_MST/TITLE/0148000/W0148497.jpg?099229,와인
"파우스티노, 7세 블랑코",11.5,http://img.wine21.com/WINE_MST/TITLE/0157000/W0157947.jpg?273104,와인
"파우스티노, 7세 템프라니요",13.5,http://img.wine21.com/WINE_MST/TITLE/0157000/W0157946.jpg?152781,와인
"파우스티노, 크리안자",13.5,http://img.wine21.com/WINE_MST/TITLE/0157000/W0157945.jpg?247705,와인
파울 체네아우 골드버블즈 브뤼,12,http://img.wine21.com/WINE_MST/TITLE/0151000/W0151228.jpg?696443,와인
파이니스트 1531 블랑켓 드 리무,8.5,http://img.wine21.com/WINE_MST/TITLE/0151000/W0151358.jpg?039314,와인
파이니스트 가비,8.5,http://img.wine21.com/WINE_MST/TITLE/0150000/W0150198.jpg?142456,와인
파이니스트 까르미네르,9,http://img.wine21.com/WINE_MST/TITLE/0151000/W0151371.jpg?854264,와인
파이니스트 까베네 까르미네르 ,9,http://img.wine21.com/WINE_MST/TITLE/0151000/W0151370.jpg?580617,와인
파이니스트 꼬뜨 까딸란 그르나슈,9,http://img.wine21.com/WINE_MST/TITLE/0151000/W0151360.jpg?079042,와인
파이니스트 꼬뜨 까딸란 까리냥,9,http://img.wine21.com/WINE_MST/TITLE/0151000/W0151359.jpg?958029,와인
파이니스트 꼬뜨 뒤 론 빌라주 플랑 드 디유,9,http://img.wine21.com/WINE_MST/TITLE/0151000/W0151369.jpg?300489,와인
파이니스트 꼬뜨 드 가스꼰느,8,http://img.wine21.com/WINE_MST/TITLE/0151000/W0151365.jpg?500598,와인
파이니스트 네로 다볼라,9,http://img.wine21.com/WINE_MST/TITLE/0147000/W0147449.jpg?284559,와인
파이니스트 뉘 생 조르쥐,13,http://img.wine21.com/WINE_MST/TITLE/0150000/W0150193.jpg?439619,와인
파이니스트 두오로,9,http://img.wine21.com/WINE_MST/TITLE/0150000/W0150706.jpg?231483,와인
파이니스트 루에다,13,http://img.wine21.com/WINE_MST/TITLE/0151000/W0151368.jpg?939831,와인
파이니스트 리베라 델 두에로 ,13,http://img.wine21.com/WINE_MST/TITLE/0151000/W0151366.jpg?108063,와인
파이니스트 말벡 뱅 드 페이,13,http://img.wine21.com/WINE_MST/TITLE/0150000/W0150703.jpg?968379,와인
파이니스트 말보로 소비뇽 블랑,13,http://img.wine21.com/WINE_MST/TITLE/0150000/W0150707.jpg?687304,와인
파이니스트 말보로 피노 누아,9,http://img.wine21.com/WINE_MST/TITLE/0150000/W0150203.jpg?699579,와인
파이니스트 모젤 리슬링,11,http://img.wine21.com/WINE_MST/TITLE/0151000/W0151364.jpg?103950,와인
파이니스트 뫼르소,13,http://img.wine21.com/WINE_MST/TITLE/0150000/W0150192.jpg?934740,와인
파이니스트 바롤로 ,14,http://img.wine21.com/WINE_MST/TITLE/0150000/W0150202.jpg?212461,와인
파이니스트 바르베라 다스티,9,http://img.wine21.com/WINE_MST/TITLE/0150000/W0150200.jpg?052017,와인
파이니스트 볼게리,9,http://img.wine21.com/WINE_MST/TITLE/0155000/W0155874.jpg?117685,와인
파이니스트 비냐 델 쿠라 그랑 레쎄르바,8.5,http://img.wine21.com/WINE_MST/TITLE/0161000/W0161001.jpg?932755,와인
파이니스트 비냐 델 쿠라 레쎄르바,8.5,http://img.wine21.com/WINE_MST/TITLE/0161000/W0161002.jpg?544121,와인
파이니스트 비냐 마라 그랑 레쎄르바,8.5,http://img.wine21.com/WINE_MST/TITLE/0150000/W0150206.jpg?391489,와인
파이니스트 비냐 마라 리오하 레쎄르바,8.5,http://img.wine21.com/WINE_MST/TITLE/0150000/W0150205.jpg?171902,와인
파이니스트 비솔 프로세코,9,http://img.wine21.com/WINE_MST/TITLE/0150000/W0150201.jpg?623336,와인
파이니스트 뿌이 퓌메,8.5,http://img.wine21.com/WINE_MST/TITLE/0150000/W0150195.jpg?982130,와인
파이니스트 상세르,8.5,http://img.wine21.com/WINE_MST/TITLE/0150000/W0150194.jpg?991856,와인
파이니스트 샤또 풍기롱 몽딴느 생떼밀리옹,13,http://img.wine21.com/WINE_MST/TITLE/0150000/W0150185.jpg?957916,와인
파이니스트 샤또네프 뒤 파프,14,http://img.wine21.com/WINE_MST/TITLE/0150000/W0150189.jpg?968938,와인
파이니스트 샤블리,8.5,http://img.wine21.com/WINE_MST/TITLE/0150000/W0150191.jpg?772196,와인
파이니스트 샤블리 프리미에 크뤼,8.5,http://img.wine21.com/WINE_MST/TITLE/0150000/W0150922.jpg?363461,와인
파이니스트 소몬타노 레드,9,http://img.wine21.com/WINE_MST/TITLE/0151000/W0151367.jpg?000291,와인
파이니스트 소아베 수페리오레,8.5,http://img.wine21.com/WINE_MST/TITLE/0151000/W0151363.jpg?443614,와인
파이니스트 소테른,9,http://img.wine21.com/WINE_MST/TITLE/0150000/W0150196.jpg?804800,와인
파이니스트 알자스 게부르츠트라미너,13,http://img.wine21.com/WINE_MST/TITLE/0151000/W0151373.jpg?840601,와인
파이니스트 에르미타주,13,http://img.wine21.com/WINE_MST/TITLE/0150000/W0150188.jpg?356803,와인
파이니스트 올드 바인 가르나차,9,http://img.wine21.com/WINE_MST/TITLE/0146000/W0146105.jpg?601212,와인
파이니스트 올드 바인 템프라니요,13,http://img.wine21.com/WINE_MST/TITLE/0146000/W0146106.jpg?691441,와인
파이니스트 지공다스,9.5,http://img.wine21.com/WINE_MST/TITLE/0150000/W0150190.jpg?127053,와인
파이니스트 크로제 에르미타주,8.5,http://img.wine21.com/WINE_MST/TITLE/0150000/W0150186.jpg?250499,와인
파이니스트 투리가 나시오날,9,http://img.wine21.com/WINE_MST/TITLE/0150000/W0150704.jpg?478099,와인
파이니스트 플루리 ,8.5,http://img.wine21.com/WINE_MST/TITLE/0151000/W0151361.jpg?255310,와인
파이니스트 피노 그리지오,8.5,http://img.wine21.com/WINE_MST/TITLE/0150000/W0150199.jpg?703984,와인
파이니스트 피노 셰리,15,http://img.wine21.com/WINE_MST/TITLE/0151000/W0151362.jpg?797504,와인
파이니스트 호크라프트 까베네 소비뇽,9,http://img.wine21.com/WINE_MST/TITLE/0151000/W0151372.jpg?987823,와인
파이니스트 화이트 버건디,13,http://img.wine21.com/WINE_MST/TITLE/0150000/W0150705.jpg?008958,와인
"파이니스트, 프리미어 크뤼 브뤼 샴페인",12,http://img.wine21.com/WINE_MST/TITLE/0146000/W0146108.jpg?147237,와인
"파이퍼 하이직, 로제 브뤼",12,http://img.wine21.com/WINE_MST/TITLE/0150000/W0150074.jpg?526456,와인
"파인 릿지 빈야드, 디종 클론 샤르도네",14.5,http://img.wine21.com/WINE_MST/TITLE/0160000/W0160834.jpg?283924,와인
파즈 말벡 ,14.5,http://img.wine21.com/WINE_MST/TITLE/0162000/W0162403.jpg?590398,와인
파즈 시라,13.5,http://img.wine21.com/WINE_MST/TITLE/0162000/W0162404.jpg?516325,와인
파커 테라 로싸 까베르네 소비뇽,14,http://img.wine21.com/WINE_MST/TITLE/0139000/W0139742.jpg?144102,와인
파커 테라 로싸 메를로,14,http://img.wine21.com/WINE_MST/TITLE/0139000/W0139741.jpg?192724,와인
파콘도,9.5,http://img.wine21.com/WINE_MST/TITLE/0149000/W0149364.jpg?402415,와인
"파타스시아, 카일라 시라",9,http://img.wine21.com/WINE_MST/TITLE/0147000/W0147346.jpg?400414,와인
"파토리아 데이 바르비, 브루스코 데이 바르비",13.5,http://img.wine21.com/WINE_MST/TITLE/0139000/W0139799.jpg?194662,와인
"파토리아 데이 바르비, 키안티",13.5,http://img.wine21.com/WINE_MST/TITLE/0146000/W0146613.jpg?214416,와인
파토리아 디 바스치아노. 이 피니,9,http://img.wine21.com/WINE_MST/TITLE/0139000/W0139958.jpg?864614,와인
"파토리아 로르나노, 끼안티 클라시코 그랑 셀레지오네",14.5,http://img.wine21.com/WINE_MST/TITLE/0167000/W0167211.png?313138,와인
"파토리아 로르나노, 끼안티 클라시코 리제르바 ‘레 반디트’",14.5,http://img.wine21.com/WINE_MST/TITLE/0167000/W0167210.png?849935,와인
"파토리아 르 뿌삘레, 모렐리노 디 스칸자노",9,http://img.wine21.com/WINE_MST/TITLE/0146000/W0146771.jpg?309376,와인
"파토리아 르 뿌삘레, 뽀지오 발렌테",9,http://img.wine21.com/WINE_MST/TITLE/0146000/W0146772.jpg?906804,와인
"파토리아 르 뿌삘레, 페로피노 마렘마",9,http://img.wine21.com/WINE_MST/TITLE/0146000/W0146770.jpg?236282,와인
"파트리시아 그린 셀러, 발콤 피노 누아",9,http://img.wine21.com/WINE_MST/TITLE/0149000/W0149152.jpg?708935,와인
파트리찌 바롤로,9,http://img.wine21.com/WINE_MST/TITLE/0141000/W0141943.jpg?911783,와인
파트리찌 피에몬테 브라께토,7,http://img.wine21.com/WINE_MST/TITLE/0146000/W0146594.jpg?451955,와인
"파펜하임, 게부르츠트라미너",13,http://img.wine21.com/WINE_MST/TITLE/0141000/W0141296.jpg?433904,와인
"파펜하임, 리슬링",8.5,http://img.wine21.com/WINE_MST/TITLE/0141000/W0141297.jpg?016277,와인
"팍스톤, 게서 레드",13.5,http://img.wine21.com/WINE_MST/TITLE/0166000/W0166601.jpg?337459,와인
"팍스톤, 게서 화이트",12.5,http://img.wine21.com/WINE_MST/TITLE/0166000/W0166602.jpg?620570,와인
"팍스톤, 나우 쉬라즈",13.5,http://img.wine21.com/WINE_MST/TITLE/0166000/W0166604.jpg?585154,와인
"팍스톤, 에이에이에이 쉬라즈 그르나슈",13.5,http://img.wine21.com/WINE_MST/TITLE/0166000/W0166605.jpg?888940,와인
"팍스톤, 엠브이 쉬라즈",13.5,http://img.wine21.com/WINE_MST/TITLE/0166000/W0166606.jpg?032988,와인
"팍스톤, 존스 블락 쉬라즈",14.5,http://img.wine21.com/WINE_MST/TITLE/0166000/W0166607.jpg?943079,와인
"팍스톤, 콴동 팜 쉬라즈",13.5,http://img.wine21.com/WINE_MST/TITLE/0166000/W0166608.jpg?426100,와인
"팍스톤, 크래커 배럴 쉬라즈 카베르네",13.5,http://img.wine21.com/WINE_MST/TITLE/0166000/W0166609.jpg?873960,와인
"팍스톤, 토마스 블락 그르나슈",13.5,http://img.wine21.com/WINE_MST/TITLE/0166000/W0166610.jpg?915347,와인
판티니 그랑 뀌베 비앙코 스와로브스키,12,http://img.wine21.com/WINE_MST/TITLE/0159000/W0159687.jpg?737612,와인
판티니 돈 까밀로,9,http://img.wine21.com/WINE_MST/TITLE/0147000/0147633.jpg?841051,와인
판티니 콜렉션 로쏘,13.5,http://img.wine21.com/WINE_MST/TITLE/0162000/W0162444.jpg?438260,와인
판티니 콜렉션 비앙코 ,12,http://img.wine21.com/WINE_MST/TITLE/0162000/W0162443.jpg?529254,와인
판티니 프리모 산제오베제 메를로,12.5,http://img.wine21.com/WINE_MST/TITLE/0150000/W0150349.jpg?414096,와인
판티니 피노 그리지오,12,http://img.wine21.com/WINE_MST/TITLE/0159000/W0159690.jpg?811274,와인
팔라디노 네비올로 달바,14.5,http://img.wine21.com/WINE_MST/TITLE/0159000/W0159220.jpg?142251,와인
팔라디노 바롤로 세라룽가 달바,14.5,http://img.wine21.com/WINE_MST/TITLE/0159000/W0159219.jpg?229479,와인
팔라디노 바롤로 오르나토,9.5,http://img.wine21.com/WINE_MST/TITLE/0159000/W0159218.jpg?026551,와인
"팔라레아, 보데가 마타로메라",14.5,http://img.wine21.com/WINE_MST/TITLE/0164000/W0164881.jpg?718838,와인
팔라시오 데 아리에타 틴토 세미 둘세,12,http://img.wine21.com/WINE_MST/TITLE/0145000/W0145503.jpg?793678,와인
팔라찌 블랑 드 블랑 밀레시마토,11,http://img.wine21.com/WINE_MST/TITLE/0163000/W0163132.jpg?190680,와인
"팔레스꼬, 몬티아노",14.5,http://img.wine21.com/WINE_MST/TITLE/0140000/W0140019.jpg?019335,와인
"팔레스토, 비티아노 비앙코",8,http://img.wine21.com/WINE_MST/TITLE/0148000/W0148740.jpg?470721,와인
팔로 알토 리세르바,10.5,http://img.wine21.com/WINE_MST/TITLE/0146000/W0146164.jpg?277681,와인
팔로 알토 소비뇽 블랑,12,http://img.wine21.com/WINE_MST/TITLE/0161000/W0161224.jpg?612857,와인
팔로 알토 스파클링 브뤼,12,http://img.wine21.com/WINE_MST/TITLE/0161000/W0161225.jpg?585709,와인
팔로알토 리제르바 II 멜롯,9,http://img.wine21.com/WINE_MST/TITLE/0151000/W0151912.jpg?973222,와인
팔마즈 씨다 놀 까베르네 소비뇽,13,http://img.wine21.com/WINE_MST/TITLE/0145000/W0145635.jpg?296861,와인
팜스 쉬라즈,13,http://img.wine21.com/WINE_MST/TITLE/0139000/W0139798.jpg?654109,와인
"패밀리아 디카스, 프렐루디오",13.5,http://img.wine21.com/WINE_MST/TITLE/0155000/W0155256.jpg?881088,와인
"패시지, 캘리포니아 진판델",14.5,http://img.wine21.com/WINE_MST/TITLE/0167000/W0167450.png?194066,와인
"팬마라, 골든 라이트",8,http://img.wine21.com/WINE_MST/TITLE/0152000/W0152996.jpg?466337,와인
"팬마라, 스윗 팩토리",8,http://img.wine21.com/WINE_MST/TITLE/0152000/W0152997.jpg?064116,와인
팬시팬츠 까베르네쇼비뇽,9,http://img.wine21.com/WINE_MST/TITLE/0153000/W0153553.jpg?735825,와인
팬시팬츠 레드,8.5,http://img.wine21.com/WINE_MST/TITLE/0153000/W0153552.jpg?450310,와인
팬시팬츠 샤도네이,29,http://img.wine21.com/WINE_MST/TITLE/0153000/W0153554.jpg?931221,와인
"팬터크릭, 와인메이커스 뀌베 피노누아",10,http://img.wine21.com/WINE_MST/TITLE/0148000/W0148880.jpg?884355,와인
퍼시피카 소비뇽 블랑,12,http://img.wine21.com/WINE_MST/TITLE/0161000/W0161017.jpg?018944,와인
"페가수스 베이, 피노 누아",14,http://img.wine21.com/WINE_MST/TITLE/0149000/W0149198.jpg?729244,와인
페기테스 레드,9,http://img.wine21.com/WINE_MST/TITLE/0160000/W0160723.jpg?385391,와인
페기테스 화이트,9,http://img.wine21.com/WINE_MST/TITLE/0160000/W0160724.jpg?347732,와인
페니와이즈 까베르네 소비뇽,9,http://img.wine21.com/WINE_MST/TITLE/0151000/W0151445.jpg?444217,와인
페니와이즈 쁘띠 시라,14,http://img.wine21.com/WINE_MST/TITLE/0151000/W0151449.jpg?010314,와인
페니와이즈 피노 누아,14,http://img.wine21.com/WINE_MST/TITLE/0151000/W0151451.jpg?926681,와인
"페데리코 파테니나, 그랑 레세르바 ",9,http://img.wine21.com/WINE_MST/TITLE/0162000/W0162775.jpg?923485,와인
"페데리코 파테니나, 까바 브뤼",8,http://img.wine21.com/WINE_MST/TITLE/0162000/W0162776.jpg?164237,와인
"페데리코 파테니나, 크리안자",9,http://img.wine21.com/WINE_MST/TITLE/0162000/W0162773.jpg?650479,와인
"페데리코 파테니나, 크리안자 반다 오로",9,http://img.wine21.com/WINE_MST/TITLE/0164000/W0164497.jpg?321717,와인
"페데리코 파테니나, 템프라니요",14,http://img.wine21.com/WINE_MST/TITLE/0164000/W0164499.jpg?086276,와인
"페도 아란치오, 까베르네 소비뇽",9,http://img.wine21.com/WINE_MST/TITLE/0150000/W0150272.jpg?568909,와인
페라리 로제,12.5,http://img.wine21.com/WINE_MST/TITLE/0143000/W0143524.jpg?130165,와인
페라리 브뤼,8.5,http://img.wine21.com/WINE_MST/TITLE/0143000/W0143523.jpg?641253,와인
"페라리, 페를",12,http://img.wine21.com/WINE_MST/TITLE/0149000/W0149415.jpg?637698,와인
"페렐라다, TG 달리 에디션 레세르바",14.5,http://img.wine21.com/WINE_MST/TITLE/0150000/W0150491.jpg?440361,와인
"페렐라다, 파비올라",14.5,http://img.wine21.com/WINE_MST/TITLE/0150000/W0150481.jpg?517071,와인
"페르세발-파쥬, 199",12,http://img.wine21.com/WINE_MST/TITLE/0163000/W0163286.jpg?174482,와인
"페르세발-파쥬, C 드 피노",12,http://img.wine21.com/WINE_MST/TITLE/0163000/W0163284.jpg?317621,와인
"페르세발-파쥬, 뀌베 장-밥티스트",12,http://img.wine21.com/WINE_MST/TITLE/0163000/W0163285.jpg?594738,와인
페리에 주에 그랑 브뤼,12,http://img.wine21.com/WINE_MST/TITLE/0154000/154953.jpg?435811,와인
페리퀴타 리제르바,13.5,http://img.wine21.com/WINE_MST/TITLE/0164000/W0164885.jpg?058593,와인
페리퀴타 슈페리어,14.5,http://img.wine21.com/WINE_MST/TITLE/0164000/W0164886.jpg?391405,와인
페리퀴타 오리지널,13.5,http://img.wine21.com/WINE_MST/TITLE/0164000/W0164884.jpg?834073,와인
"페블레, 부르고뉴 알리고떼",12,http://img.wine21.com/WINE_MST/TITLE/0140000/W0140873.jpg?814666,와인
"페블레, 뽀마르 프르미에 크뤼 레 뤼지앙",9,http://img.wine21.com/WINE_MST/TITLE/0148000/W0148087.jpg?879782,와인
"페블레, 뿔리니 몽라쉐 샹프게인 프르미에 크뤼",13,http://img.wine21.com/WINE_MST/TITLE/0144000/W0144851.jpg?755839,와인
"페블레, 샤블리",8.5,http://img.wine21.com/WINE_MST/TITLE/0140000/W0140874.jpg?761106,와인
페세베랑세 리오하 크리안자,9,http://img.wine21.com/WINE_MST/TITLE/0160000/W0160856.jpg?371047,와인
페스타 로쏘,4,http://img.wine21.com/WINE_MST/TITLE/0162000/W0162342.jpg?763425,와인
페스타 비앙코,3.5,http://img.wine21.com/WINE_MST/TITLE/0162000/W0162341.jpg?428282,와인
"페어겔레겐, 까베르네 쇼비뇽 리저브",15,http://img.wine21.com/WINE_MST/TITLE/0151000/151857.jpg?063461,와인
"페어겔레겐, 메를로",9.5,http://img.wine21.com/WINE_MST/TITLE/0148000/W0148211.jpg?634932,와인
페우도 디 마리아 메를로,14,http://img.wine21.com/WINE_MST/TITLE/0148000/W0148901.jpg?543476,와인
"페우도 아란치오 스템마리, 네로 다볼라",9,http://img.wine21.com/WINE_MST/TITLE/0147000/W0147344.jpg?783899,와인
"페우도 아란치오 스템마리, 모스카토",13,http://img.wine21.com/no_image1.jpg?767573,와인
"페우도 아란치오 스템마리, 시라",9,http://img.wine21.com/no_image1.jpg?287018,와인
"페우디 디 산 그레고리오, 라크리마 크리스티 로쏘",13.5,http://img.wine21.com/WINE_MST/TITLE/0143000/W0143385.jpg?161554,와인
"페우디 디 산 그레고리오, 라크리마 크리스티 비앙코",13,http://img.wine21.com/WINE_MST/TITLE/0143000/W0143392.jpg?334115,와인
"페우디 디 산 그레고리오, 에페스또 알리아니꼬 델 불뚜레",14.5,http://img.wine21.com/WINE_MST/TITLE/0143000/W0143386.jpg?748020,와인
"페우디, 라크리마 크리스티 로쏘",8.5,http://img.wine21.com/WINE_MST/TITLE/0164000/W0164166.png?341761,와인
"페우디, 프리미티보 디 만두리아",9.5,http://img.wine21.com/WINE_MST/TITLE/0164000/W0164261.png?646161,와인
"페쥬, 나파 밸리 진판델",15,http://img.wine21.com/WINE_MST/TITLE/0149000/W0149384.jpg?496961,와인
페처 까베르네 소비뇽 '밸리 오크',9,http://img.wine21.com/WINE_MST/TITLE/0157000/W0157970.jpg?124408,와인
페처 메를로 '이글 피크',9,http://img.wine21.com/WINE_MST/TITLE/0157000/W0157981.jpg?705816,와인
페처 진판델 '밸리 오크',9,http://img.wine21.com/WINE_MST/TITLE/0157000/W0157979.jpg?129767,와인
"페탈루마, 옐로우 라벨 마운트 바커 쉬라즈",14.5,http://img.wine21.com/WINE_MST/TITLE/0163000/W0163059.jpg?975306,와인
"페탈루마, 옐로우 라벨 쿠나와라 까베르네 멜롯",14.5,http://img.wine21.com/WINE_MST/TITLE/0163000/W0163058.jpg?714142,와인
"페탈루마, 옐로우 라벨 피카딜리 밸리 샤도네이",13.5,http://img.wine21.com/WINE_MST/TITLE/0163000/W0163060.jpg?499953,와인
"페탈루마, 화이트 라벨 아델레이드 힐 샤도네이",13.5,http://img.wine21.com/WINE_MST/TITLE/0163000/W0163064.jpg?341906,와인
"페탈루마, 화이트 라벨 아델레이드 힐 쉬라즈",14.5,http://img.wine21.com/WINE_MST/TITLE/0163000/W0163062.jpg?172954,와인
"페탈루마, 화이트 라벨 쿠나와라 까베르네 소비뇽",13.5,http://img.wine21.com/WINE_MST/TITLE/0163000/W0163063.jpg?163722,와인
"페트라, 징가리 로사토",13.5,http://img.wine21.com/WINE_MST/TITLE/0167000/W0167442.png?476994,와인
"페트라, 징가리 비앙코",12.5,http://img.wine21.com/WINE_MST/TITLE/0167000/W0167443.png?931806,와인
페트리가스 그란 레세르바,12.5,http://img.wine21.com/WINE_MST/TITLE/0141000/W0141862.jpg?588001,와인
페트리아 토니 포트,12,http://img.wine21.com/WINE_MST/TITLE/0154000/W0154005.jpg?863874,와인
페트리아 포트 10년,20,http://img.wine21.com/WINE_MST/TITLE/0154000/W0154006.jpg?854187,와인
페헤르 아라니 무스카트 오토넬,10,http://img.wine21.com/WINE_MST/TITLE/0141000/W0141880.jpg?369093,와인
"펜폴즈, 쿠능가 힐 76 쉬라즈 까베르네",9.5,http://img.wine21.com/WINE_MST/TITLE/0148000/W0148264.jpg?616420,와인
펠레그리니 마일스톤,7.5,http://img.wine21.com/WINE_MST/TITLE/0145000/W0145634.jpg?704369,와인
"펠로피노, 마렘마 토스카나",9,http://img.wine21.com/WINE_MST/TITLE/0148000/W0148496.jpg?822192,와인
"펠릭스 깔레호, 꽈트로",14,http://img.wine21.com/WINE_MST/TITLE/0149000/W0149851.jpg?891841,와인
"펠릭스 깔레호, 리제르바",14,http://img.wine21.com/WINE_MST/TITLE/0149000/W0149849.jpg?973206,와인
"펠릭스 깔레호, 크리안자",14,http://img.wine21.com/WINE_MST/TITLE/0149000/W0149850.jpg?557030,와인
"펠릭스 솔리스, FYI 레드 블렌드",14.5,http://img.wine21.com/WINE_MST/TITLE/0167000/W0167642.png?512029,와인
"펠릭스 솔리스, 깔리자 레드 MST",9,http://img.wine21.com/WINE_MST/TITLE/0159000/W0159679.jpg?781219,와인
"펠릭스 솔리스, 깔리자 화이트 CVV",8.5,http://img.wine21.com/WINE_MST/TITLE/0159000/W0159678.jpg?652601,와인
"펠시나, 키안티 콜리 세네시",13.5,http://img.wine21.com/WINE_MST/TITLE/0154000/W0154129.jpg?750454,와인
포 리버스 까베르네 소비뇽,9,http://img.wine21.com/WINE_MST/TITLE/0149000/W0149362.jpg?937601,와인
포 리버스 샤르도네,8.5,http://img.wine21.com/WINE_MST/TITLE/0149000/W0149363.jpg?894565,와인
"포 바인, 네이키드 샤도네이",13.5,http://img.wine21.com/WINE_MST/TITLE/0167000/W0167028.jpg?899029,와인
"포 바인, 스켑틱 쁘티 쉬라",13.5,http://img.wine21.com/WINE_MST/TITLE/0167000/W0167030.jpg?466207,와인
"포데레 29, 우니오",9,http://img.wine21.com/WINE_MST/TITLE/0164000/W0164251.jpg?843413,와인
"포데레 29, 젤소 도로",14,http://img.wine21.com/WINE_MST/TITLE/0165000/W0165951.jpg?269956,와인
"포데레 가우치올레, 로쏘 디 몬탈치노 ",14,http://img.wine21.com/WINE_MST/TITLE/0149000/W0149829.jpg?361130,와인
포데레 브리지오 로쏘 디 몬탈치노,9.5,http://img.wine21.com/WINE_MST/TITLE/0153000/W0153879.jpg?395510,와인
포데레 브리지오 브루넬로 디 몬탈치노 ,9.5,http://img.wine21.com/WINE_MST/TITLE/0153000/W0153880.jpg?675220,와인
"포레스트, 스톤웰 소비뇽 블랑",13,http://img.wine21.com/WINE_MST/TITLE/0146000/W0146298.jpg?242840,와인
"포레스트, 태티 보글러 피노 누아",13,http://img.wine21.com/WINE_MST/TITLE/0146000/W0146296.jpg?948977,와인
"포르투 발도우로, 토니 포트",19.5,http://img.wine21.com/WINE_MST/TITLE/0167000/W0167752.png?548106,와인
"포르투 발도우로, 화이트 포트",19.5,http://img.wine21.com/WINE_MST/TITLE/0167000/W0167753.png?006417,와인
"포지롱 셀라, 까베르네 쇼비뇽",10,http://img.wine21.com/WINE_MST/TITLE/0162000/W0162728.jpg?661060,와인
"포지오 발란테, 모렐리노 디 스칸사노 리제르바",14,http://img.wine21.com/no_image1.jpg?684096,와인
포지오 알 솔레 세라셀바,14,http://img.wine21.com/WINE_MST/TITLE/0139000/W0139746.jpg?900043,와인
포지오 알 솔레 트라몬토 도카,9,http://img.wine21.com/no_image1.jpg?950541,와인
"포틴핸즈, 까베르네 소비뇽",13.5,http://img.wine21.com/WINE_MST/TITLE/0164000/W0164176.png?387608,와인
"포틴핸즈, 런 와일드 레드 블랜드",9,http://img.wine21.com/WINE_MST/TITLE/0164000/W0164180.png?586644,와인
"포틴핸즈, 리슬링",11.5,http://img.wine21.com/WINE_MST/TITLE/0164000/W0164179.png?303949,와인
"포틴핸즈, 메를로",13.5,http://img.wine21.com/WINE_MST/TITLE/0164000/W0164177.png?906385,와인
"포틴핸즈, 샤도네이",13.5,http://img.wine21.com/WINE_MST/TITLE/0164000/W0164178.png?819359,와인
포파니 메를로 리제르바,13,http://img.wine21.com/WINE_MST/TITLE/0151000/W0151719.jpg?285876,와인
포파니 모스카토 로사,12,http://img.wine21.com/WINE_MST/TITLE/0153000/W0153489.jpg?867724,와인
폭스 브룩 까베르네 쇼비뇽,8.5,http://img.wine21.com/WINE_MST/TITLE/0148000/W0148515.jpg?474051,와인
폭스 브룩 메를로,8.5,http://img.wine21.com/WINE_MST/TITLE/0148000/W0148516.jpg?584292,와인
폭스 브룩 샤르도네,8.5,http://img.wine21.com/WINE_MST/TITLE/0148000/148517.jpg?453939,와인
폭스 크릭 레드 바롱 쉬라즈,9,http://img.wine21.com/WINE_MST/TITLE/0146000/W0146621.jpg?190507,와인
폭스 크릭 쉐도우스 런 '더 화이트',9,http://img.wine21.com/WINE_MST/TITLE/0146000/W0146303.jpg?919105,와인
폭스 크릭 쉐도우스 런 쉬라즈 까베르네,9.5,http://img.wine21.com/WINE_MST/TITLE/0146000/W0146302.jpg?790354,와인
"폰세카, 루비 포트",20,http://img.wine21.com/WINE_MST/TITLE/0162000/W0162142.jpg?984839,와인
"폰타나프레다, 몬쿠코 모스카토 다스티",5.5,http://img.wine21.com/WINE_MST/TITLE/0159000/W0159504.jpg?835935,와인
"폰테, 모스카토 스푸만테 ",7.5,http://img.wine21.com/WINE_MST/TITLE/0150000/W0150860.jpg?675570,와인
"폰토디, 까제 비아 피노 네로",9,http://img.wine21.com/WINE_MST/TITLE/0140000/W0140242.jpg?723903,와인
폴 데튄 브뤼,8.5,http://img.wine21.com/WINE_MST/TITLE/0161000/W0161453.jpg?230789,와인
"폴 로저, 리치 드미 섹",12.5,http://img.wine21.com/WINE_MST/TITLE/0162000/W0162407.jpg?299149,와인
"폴 로저, 퓨어 엑스트라 브뤼",12.5,http://img.wine21.com/WINE_MST/TITLE/0162000/W0162406.jpg?806847,와인
"폴리샥, 까베르네 소비뇽",13.5,http://img.wine21.com/WINE_MST/TITLE/0166000/W0166955.jpg?428431,와인
"폴리샥, 소비뇽 블랑",12.5,http://img.wine21.com/WINE_MST/TITLE/0166000/W0166953.jpg?111191,와인
"폴리샥, 젤렌",12.5,http://img.wine21.com/WINE_MST/TITLE/0166000/W0166954.jpg?846066,와인
"폴리지아노,로쏘 디 몬테풀치아노",13.5,http://img.wine21.com/WINE_MST/TITLE/0166000/W0166792.jpg?604617,와인
푼디트 시라,9.5,http://img.wine21.com/no_image1.jpg?878621,와인
푼타 데 플레차스,14,http://img.wine21.com/WINE_MST/TITLE/0151000/W0151156.jpg?207755,와인
"풀뽀로꼬, 화이트 상그리아",7,http://img.wine21.com/WINE_MST/TITLE/0167000/W0167188.jpg?417407,와인
"풋프린트, 멀롯 피노타주",8,http://img.wine21.com/WINE_MST/TITLE/0161000/W0161839.jpg?298475,와인
"풋프린트, 소비뇽 블랑",7,http://img.wine21.com/WINE_MST/TITLE/0161000/W0161840.jpg?509108,와인
"풋프린트, 쉬라즈",9,http://img.wine21.com/WINE_MST/TITLE/0161000/W0161842.jpg?273195,와인
"풋프린트, 카버네 소비뇽",11,http://img.wine21.com/WINE_MST/TITLE/0161000/W0161841.jpg?679915,와인
프라인스하이머 로젠뷜 아이스바인,7,http://img.wine21.com/WINE_MST/TITLE/0141000/W0141851.jpg?703644,와인
"프라테시, 로코로쏘",13,http://img.wine21.com/WINE_MST/TITLE/0140000/W0140134.jpg?477921,와인
프란시스 코폴라 다이아몬드 콜렉션 실버 라벨 피노 누아,9,http://img.wine21.com/WINE_MST/TITLE/0145000/W0145507.jpg?506356,와인
"프란시스코 드 아귀레, 도나 조세피나 까르미네르",11,http://img.wine21.com/WINE_MST/TITLE/0145000/W0145764.jpg?533216,와인
"프란시스코 드 아귀레, 도나 조세피나 까베르네 소비뇽",11,http://img.wine21.com/WINE_MST/TITLE/0145000/W0145765.jpg?770700,와인
"프란시스코 드 아귀레, 도나조세피나 리저브 까르미네르",9,http://img.wine21.com/WINE_MST/TITLE/0145000/W0145759.jpg?332931,와인
"프란시스코 드 아귀레, 도나조세피나 리저브 까베네 소비뇽",9,http://img.wine21.com/WINE_MST/TITLE/0145000/W0145760.jpg?905555,와인
"프란자스, 게브르츠트라미너",13.5,http://img.wine21.com/WINE_MST/TITLE/0163000/W0163238.jpg?511612,와인
"프란자스, 메를로",13.5,http://img.wine21.com/WINE_MST/TITLE/0163000/W0163241.jpg?894623,와인
"프란자스, 모스카토 로사",8,http://img.wine21.com/WINE_MST/TITLE/0163000/W0163243.jpg?746428,와인
"프란자스, 소피 로쏘",13.5,http://img.wine21.com/WINE_MST/TITLE/0163000/0163244.jpg?940325,와인
"프란자스, 소피 비앙코",11.5,http://img.wine21.com/WINE_MST/TITLE/0163000/W0163245.jpg?276678,와인
"프란자스, 이스탄테",12.5,http://img.wine21.com/WINE_MST/TITLE/0163000/W0163242.jpg?477947,와인
"프란자스, 피노 그리지오",12.5,http://img.wine21.com/WINE_MST/TITLE/0163000/W0163237.jpg?934716,와인
"프란지아, 레드 3000㎖",11.5,http://img.wine21.com/WINE_MST/TITLE/0143000/W0143525.jpg?202375,와인
"프란지아, 샤도네이",12.5,http://img.wine21.com/WINE_MST/TITLE/0166000/W0166729.jpg?796345,와인
"프란지아, 화이트 3000㎖",11,http://img.wine21.com/WINE_MST/TITLE/0143000/W0143526.jpg?708421,와인
프란체스코 카페타 갈라 로사,5.5,http://img.wine21.com/WINE_MST/TITLE/0147000/W0147865.jpg?968722,와인
프란체스코 카페타 모스카토 다스티,5.5,http://img.wine21.com/WINE_MST/TITLE/0147000/W0147879.jpg?982666,와인
프랑수아 마르트로 피노누아 부르고뉴,12,http://img.wine21.com/WINE_MST/TITLE/0151000/W0151398.jpg?971149,와인
"프랑수아 빌라르,  꽁뚜르 드 드뽕상",13.5,http://img.wine21.com/WINE_MST/TITLE/0161000/W0161263.jpg?832875,와인
"프랑수아 빌라르, 꽁뚜르 드 메를랑",13.5,http://img.wine21.com/WINE_MST/TITLE/0161000/W0161262.jpg?938333,와인
"프랑수아 빌라르, 라펠 데 세렌",12.5,http://img.wine21.com/WINE_MST/TITLE/0161000/W0161265.jpg?920896,와인
"프랑수아 빌라르, 크로즈 에르미타주 '꼼 윈 에비덩스'",13.5,http://img.wine21.com/WINE_MST/TITLE/0161000/W0161303.jpg?727857,와인
"프랑수아 야눅스, 라 모스",13,http://img.wine21.com/WINE_MST/TITLE/0145000/W0145841.jpg?505984,와인
"프랑수아 야눅스, 샤또 꽁다",13,http://img.wine21.com/WINE_MST/TITLE/0145000/W0145843.jpg?712515,와인
"프랑수아 야눅스, 샤또 라 샤펠르 꽁다",12.5,http://img.wine21.com/WINE_MST/TITLE/0145000/W0145844.jpg?195449,와인
"프랑수아 야눅스, 샤또 레베쉐",13.5,http://img.wine21.com/WINE_MST/TITLE/0145000/W0145842.jpg?115340,와인
"프랑수와 야눅스, 그랑 레제르베",12.5,http://img.wine21.com/WINE_MST/TITLE/0148000/W0148142.jpg?324918,와인
"프랑수와 야눅스, 라 베라니끄",8.5,http://img.wine21.com/WINE_MST/TITLE/0148000/W0148141.jpg?203433,와인
"프랑코 피오리나, 바롤로",13,http://img.wine21.com/WINE_MST/TITLE/0145000/W0145812.jpg?746037,와인
프랑크 펠랑,13.5,http://img.wine21.com/WINE_MST/TITLE/0165000/W0165785.jpg?027854,와인
프레스첼로 엑스트라 드라이 스푸만테,7,http://img.wine21.com/WINE_MST/TITLE/0155000/W0155480.jpg?874166,와인
"프레스코발디, 깜포 아이 사씨",13,http://img.wine21.com/WINE_MST/TITLE/0140000/W0140829.jpg?816286,와인
"프레스코발디, 니포자노 리제르바",13,http://img.wine21.com/WINE_MST/TITLE/0163000/W0163453.jpg?013353,와인
"프레스코발디, 브뤼",12.5,http://img.wine21.com/WINE_MST/TITLE/0162000/W0162814.jpg?973699,와인
"프레스코발디, 페라노 끼안티 클라시코 ",13.5,http://img.wine21.com/WINE_MST/TITLE/0166000/W0166006.jpg?676837,와인
"프레스코발디, 페라노 끼안티 클라시코 리제르바 ",14.5,http://img.wine21.com/WINE_MST/TITLE/0166000/W0166007.jpg?562144,와인
"프레시넷, 레세르바 레알 브뤼",8,http://img.wine21.com/WINE_MST/TITLE/0151000/W0151488.jpg?555736,와인
"프레시넷, 미아 로제",11.5,http://img.wine21.com/WINE_MST/TITLE/0162000/W0162386.jpg?330843,와인
"프레시넷, 미아 틴토",13.5,http://img.wine21.com/WINE_MST/TITLE/0162000/W0162387.jpg?103611,와인
"프레시넷, 미아 푸르티&스위트",7.5,http://img.wine21.com/WINE_MST/TITLE/0162000/W0162357.jpg?720624,와인
"프레시넷, 미아 프레시&크리스피",6.5,http://img.wine21.com/WINE_MST/TITLE/0162000/W0162356.jpg?110301,와인
"프레시넷, 엘리시아 그란 뀌베 브뤼",8,http://img.wine21.com/WINE_MST/TITLE/0151000/W0151487.jpg?634769,와인
"프레이밍햄, 클래식 리즐링",12.5,http://img.wine21.com/WINE_MST/TITLE/0163000/W0163789.jpg?253073,와인
"프레지덩뜨, 꼬뜨 뒤 론 그랑 끌라시끄",13,http://img.wine21.com/WINE_MST/TITLE/0153000/W0153811.jpg?693950,와인
프레지르 소비뇽 블랑,8.5,http://img.wine21.com/WINE_MST/TITLE/0153000/W0153959.jpg?564924,와인
프렌스하이머 무지칸텐뷕켈 아이스바인,9,http://img.wine21.com/WINE_MST/TITLE/0144000/W0144794.jpg?999557,와인
프로베토 화이트 브뤼,7.5,http://img.wine21.com/WINE_MST/TITLE/0161000/W0161484.jpg?700572,와인
"프로베토, 로사토 세미-세코",10,http://img.wine21.com/WINE_MST/TITLE/0161000/W0161989.jpg?861808,와인
"프루노토, 퓨로트 바르베라 다스티",14,http://img.wine21.com/WINE_MST/TITLE/0147000/W0147363.jpg?538275,와인
프리가 로쏘,3.5,http://img.wine21.com/WINE_MST/TITLE/0150000/W0150376.jpg?544292,와인
프리가 비앙코,3.5,http://img.wine21.com/WINE_MST/TITLE/0150000/W0150375.jpg?159317,와인
프리미에 알렉시스 리신 보르도 로제,12.5,http://img.wine21.com/WINE_MST/TITLE/0149000/W0149449.jpg?992082,와인
프리바다 모스카텔 드 세투발 알마냑,18,http://img.wine21.com/WINE_MST/TITLE/0162000/W0162520.jpg?790127,와인
"프리바다, 모스카텔 드 세투발, 꼬냑",18.5,http://img.wine21.com/WINE_MST/TITLE/0167000/W0167222.png?082794,와인
"프리스트 랜치, 쁘띠 시라",9.5,http://img.wine21.com/WINE_MST/TITLE/0164000/W0164240.png?941503,와인
"프리츠 빈디쉬, 니어스타이너 슈피겔베르그 리슬링 카비넷",8.5,http://img.wine21.com/WINE_MST/TITLE/0164000/W0164559.jpg?751312,와인
"프리츠 빈디쉬, 알스하이머 뢰머베르그 리슬링 아우스레제",10.5,http://img.wine21.com/WINE_MST/TITLE/0164000/W0164560.jpg?692138,와인
"프리츠 빈디쉬, 알스하이머 보크슈타인 오르테가 베른아우스레제",9.5,http://img.wine21.com/WINE_MST/TITLE/0164000/W0164558.jpg?301325,와인
"프리츠 하그, 리슬링",8,http://img.wine21.com/WINE_MST/TITLE/0151000/W0151149.jpg?203022,와인
"프리츠 하그, 브라우네베르거 리슬링 카비넷",8,http://img.wine21.com/WINE_MST/TITLE/0145000/W0145262.jpg?536978,와인
"프리츠 하그, 브라우네베르거 유퍼 리슬링 슈페트레제",8,http://img.wine21.com/WINE_MST/TITLE/0145000/W0145263.jpg?301430,와인
"프리츠 하그, 브라우네베르거 유퍼 존네누어 리슬링 아우스레제",6,http://img.wine21.com/WINE_MST/TITLE/0145000/W0145264.jpg?087384,와인
"프리텔리베라, 랑게 사시또",14,http://img.wine21.com/WINE_MST/TITLE/0145000/W0145212.jpg?706851,와인
프린스 드 라 리비에르,15,http://img.wine21.com/WINE_MST/TITLE/0150000/W0150469.jpg?930423,와인
프린스 앙리 브릇,11,http://img.wine21.com/WINE_MST/TITLE/0150000/W0150849.jpg?271769,와인
"프림 모젤, 리슬링",13,http://img.wine21.com/WINE_MST/TITLE/0141000/W0141298.jpg?383860,와인
"프림 모젤, 리슬링 슈페트레제",13,http://img.wine21.com/WINE_MST/TITLE/0141000/W0141301.jpg?474940,와인
"프림 모젤, 리슬링 아우스레제",13,http://img.wine21.com/WINE_MST/TITLE/0141000/W0141299.jpg?191850,와인
"프림 모젤, 리슬링 카비넷",13,http://img.wine21.com/WINE_MST/TITLE/0141000/W0141300.jpg?303423,와인
"프릿츠 윈디시, 샤도네 아이스바인",6,http://img.wine21.com/WINE_MST/TITLE/0141000/W0141378.jpg?480299,와인
"프릿츠 윈디시, 실바너 아이스바인",8,http://img.wine21.com/WINE_MST/TITLE/0141000/W0141379.jpg?891283,와인
플라토 데 쉔느 블랑,13.5,http://img.wine21.com/WINE_MST/TITLE/0153000/W0153887.jpg?144767,와인
플라티노 핑크 모스카토,7,http://img.wine21.com/WINE_MST/TITLE/0162000/W0162070.jpg?453881,와인
"플란타제넷, 쉬라즈",14.5,http://img.wine21.com/WINE_MST/TITLE/0147000/W0147082.jpg?488114,와인
플러스 세븐,9.5,http://img.wine21.com/WINE_MST/TITLE/0161000/W0161145.jpg?399946,와인
"플런저헤드 로디, 진판델",14.5,http://img.wine21.com/WINE_MST/TITLE/0151000/W0151452.jpg?176758,와인
플레노 나바라 템프라니오,9,http://img.wine21.com/WINE_MST/TITLE/0150000/W0150438.jpg?339171,와인
플로라 드 크라스토,8.5,http://img.wine21.com/WINE_MST/TITLE/0146000/W0146480.jpg?294568,와인
"플로라 스프링스, 트릴로지",8,http://img.wine21.com/WINE_MST/TITLE/0147000/W0147828.jpg?700928,와인
플로르 드 모스카토,4.5,http://img.wine21.com/WINE_MST/TITLE/0148000/W0148062.jpg?479500,와인
플립 플랍 까베르네쇼비뇽,8.5,http://img.wine21.com/WINE_MST/TITLE/0151000/W0151048.jpg?186137,와인
플립 플랍 리슬링 ,11.5,http://img.wine21.com/WINE_MST/TITLE/0151000/W0151052.jpg?098696,와인
플립 플랍 모스카토,11,http://img.wine21.com/WINE_MST/TITLE/0151000/W0151053.jpg?509392,와인
플립 플랍 스위트 레드,12.5,http://img.wine21.com/WINE_MST/TITLE/0151000/W0151049.jpg?763039,와인
플립 플랍 피노 누아,13,http://img.wine21.com/WINE_MST/TITLE/0151000/W0151050.jpg?173237,와인
피노 누아 드 푸카리,12.5,http://img.wine21.com/WINE_MST/TITLE/0165000/W0165567.jpg?662856,와인
"피아니로씨, 솔루스",14,http://img.wine21.com/WINE_MST/TITLE/0144000/W0144990.jpg?943411,와인
"피아지아, 까르미냐노 리제르바",9.5,http://img.wine21.com/WINE_MST/TITLE/0139000/W0139743.jpg?549541,와인
"피아텔리, 까베르네 쇼비뇽 리저브",9.5,http://img.wine21.com/WINE_MST/TITLE/0162000/W0162739.jpg?400903,와인
"피아텔리, 말벡 그랑 리저브 멘도자",15,http://img.wine21.com/WINE_MST/TITLE/0162000/W0162742.jpg?296040,와인
"피아텔리, 말벡 그랑 리저브 카파야테",15,http://img.wine21.com/WINE_MST/TITLE/0162000/W0162741.jpg?424073,와인
"피아텔리, 말벡 프리미엄 리저브",14,http://img.wine21.com/WINE_MST/TITLE/0162000/W0162740.jpg?580459,와인
"피아텔리, 알토모리노 까베르네 쇼비뇽",9.5,http://img.wine21.com/WINE_MST/TITLE/0162000/W0162743.jpg?011998,와인
"피아텔리, 알토모리노 말벡",9.5,http://img.wine21.com/WINE_MST/TITLE/0162000/W0162744.jpg?109643,와인
"피아텔리, 알토모리노 샤도네",14,http://img.wine21.com/WINE_MST/TITLE/0162000/W0162745.jpg?582731,와인
피어로쓰 샤도네 _리타즈바인,9,http://img.wine21.com/WINE_MST/TITLE/0141000/W0141854.jpg?291703,와인
피어로쓰 카베르네 쇼비뇽 퀄리타츠바인,13.5,http://img.wine21.com/WINE_MST/TITLE/0141000/W0141849.jpg?001564,와인
피어로쓰 피노 그리지오 퀄리타츠바인,12,http://img.wine21.com/WINE_MST/TITLE/0141000/W0141855.jpg?892401,와인
"피어로쓰, 리슬링 미디엄 드라이 _리타즈바인",4.5,http://img.wine21.com/no_image1.jpg?503699,와인
"피에데몬테, 마쓰 데 퀸세",15.5,http://img.wine21.com/WINE_MST/TITLE/0164000/W0164879.jpg?143423,와인
"피에르 가이야르, 비오니에",12.5,http://img.wine21.com/WINE_MST/TITLE/0165000/W0165820.jpg?737169,와인
피에르 그뤼버 샤블리,8.5,http://img.wine21.com/WINE_MST/TITLE/0141000/W0141731.jpg?024254,와인
피에르 뒤몽떼 루지,12.5,http://img.wine21.com/WINE_MST/TITLE/0143000/W0143518.jpg?504693,와인
"피에르 페로 에 피스, 물랭 아 방",8.5,http://img.wine21.com/WINE_MST/TITLE/0140000/W0140929.jpg?770181,와인
"피에르 페로 에 피스, 보졸레 ",12.5,http://img.wine21.com/WINE_MST/TITLE/0140000/W0140927.jpg?052937,와인
"피에르 페로 에 피스, 쌩 아무르",12.5,http://img.wine21.com/WINE_MST/TITLE/0140000/W0140930.jpg?879566,와인
"피치니, 떼꼴레 로쏘",13,http://img.wine21.com/WINE_MST/TITLE/0150000/W0150978.jpg?423626,와인
"피치니, 사쏘 알 포지오",14,http://img.wine21.com/WINE_MST/TITLE/0150000/W0150979.jpg?150665,와인
피코 그란데,8.5,http://img.wine21.com/WINE_MST/TITLE/0161000/W0161737.jpg?531718,와인
피터 르만 보트리티스 세미용,8.5,http://img.wine21.com/WINE_MST/TITLE/0142000/W0142794.jpg?279213,와인
피터 르만 아트 시리즈 쉬라즈,9.5,http://img.wine21.com/WINE_MST/TITLE/0142000/W0142798.jpg?064268,와인
피터 르만 아트 시리즈 에덴 밸리 리슬링,11,http://img.wine21.com/WINE_MST/TITLE/0145000/W0145827.jpg?757610,와인
피터 르만 와일드카드 까베르네 소비뇽 메를로,9,http://img.wine21.com/WINE_MST/TITLE/0145000/W0145830.jpg?479753,와인
피터 르만 와일드카드 샤도네,13,http://img.wine21.com/WINE_MST/TITLE/0145000/W0145831.jpg?567579,와인
피터 르만 와일드카드 쉬라즈,9.5,http://img.wine21.com/WINE_MST/TITLE/0145000/W0145829.jpg?874219,와인
피플,12.5,http://img.wine21.com/WINE_MST/TITLE/0165000/W0165598.jpg?482405,와인
핀까 엘 오리엔 레세르바 까베르네 소비뇽,9.5,http://img.wine21.com/WINE_MST/TITLE/0149000/W0149658.jpg?399313,와인
핀카 라스 모라스 레세르바 샤르도네 ,13.5,http://img.wine21.com/WINE_MST/TITLE/0162000/W0162349.jpg?195389,와인
핀카 라스 모라스 레세르바 시라,13.5,http://img.wine21.com/WINE_MST/TITLE/0162000/W0162351.jpg?810307,와인
핀카 라스 모라스 말벡,8.5,http://img.wine21.com/WINE_MST/TITLE/0162000/W0162345.jpg?292292,와인
핀카 라스 모라스 카베르네 소비뇽,12.5,http://img.wine21.com/WINE_MST/TITLE/0162000/W0162343.jpg?046062,와인
"핀카 라스 모라스, 레세르바 까베르네-시라",13.5,http://img.wine21.com/WINE_MST/TITLE/0162000/W0162348.jpg?682159,와인
"핀카 라스 모라스, 레세르바 말벡",13.5,http://img.wine21.com/WINE_MST/TITLE/0162000/W0162350.jpg?530577,와인
"핀카 라스 팔마스, 까베르네 소비뇽",14.5,http://img.wine21.com/WINE_MST/TITLE/0151000/W0151989.jpg?843657,와인
"핀카 라스 팔마스, 샤르도네",13.5,http://img.wine21.com/WINE_MST/TITLE/0151000/W0151990.jpg?819458,와인
핀카 소피니아 말벡,14.5,http://img.wine21.com/WINE_MST/TITLE/0145000/W0145154.jpg?851154,와인
핀카 소피니아 멀롯,14.5,http://img.wine21.com/WINE_MST/TITLE/0145000/W0145155.jpg?342535,와인
핀카 엘 엔시날 크리안자  ,14,http://img.wine21.com/WINE_MST/TITLE/0161000/W0161799.jpg?363339,와인
핀카 엘 오리엔 까베르네 소비뇽,14,http://img.wine21.com/WINE_MST/TITLE/0149000/W0149614.jpg?108247,와인
핀카 엘 오리엔 리세르바 말벡,9.5,http://img.wine21.com/WINE_MST/TITLE/0149000/W0149655.jpg?131947,와인
핀카 엘 오리엔 말벡,14,http://img.wine21.com/WINE_MST/TITLE/0149000/W0149608.jpg?785963,와인
"필리터리, 솔 아이스 비달 아이스와인",12,http://img.wine21.com/WINE_MST/TITLE/0148000/W0148064.jpg?436103,와인
"필리터리, 오토 비달 아이스와인",12,http://img.wine21.com/WINE_MST/TITLE/0148000/W0148065.jpg?782540,와인
"필리터리, 프로즌 툰드라 비달 아이스와인",11.5,http://img.wine21.com/WINE_MST/TITLE/0162000/W0162463.jpg?216171,와인
필립 고네 '시그네쳐' 블랑 드 블랑 샹파뉴,12,http://img.wine21.com/WINE_MST/TITLE/0156000/W0156047.jpg?110488,와인
핑크 앨리펀트 로제,12,http://img.wine21.com/WINE_MST/TITLE/0150000/W0150692.jpg?427485,와인
핑크 앨리펀트 스파클링 로제,12,http://img.wine21.com/WINE_MST/TITLE/0150000/W0150691.jpg?799751,와인
"하디스, 노타지 힐 피노누아 ",13,http://img.wine21.com/WINE_MST/TITLE/0155000/W0155866.jpg?715662,와인
"하디스, 더 리들 쉬라즈 카베르네 ",13.5,http://img.wine21.com/WINE_MST/TITLE/0167000/W0167134.png?142539,와인
"하디스, 더 리들 카베르네 메를로",13.5,http://img.wine21.com/WINE_MST/TITLE/0167000/W0167133.png?841715,와인
"하디스, 리미티드 셀러 릴리즈 샤도네이",13,http://img.wine21.com/WINE_MST/TITLE/0161000/W0161258.jpg?692136,와인
"하디스, 리미티드 셀러 릴리즈 쉬라즈",9.5,http://img.wine21.com/WINE_MST/TITLE/0161000/W0161256.jpg?088330,와인
"하디스, 리미티드 셀러 릴리즈 피노 누아",9.5,http://img.wine21.com/WINE_MST/TITLE/0161000/W0161257.jpg?127466,와인
"하디스, 리저브 샤도네이 3L",13.5,http://img.wine21.com/WINE_MST/TITLE/0167000/W0167131.png?317857,와인
"하디스, 리저브 카베네 쇼비뇽 백인박스 3리터",9,http://img.wine21.com/WINE_MST/TITLE/0162000/W0162644.jpg?224260,와인
"하디스, 우무 맥라렌 베일 쉬라즈",14,http://img.wine21.com/WINE_MST/TITLE/0151000/W0151204.jpg?745315,와인
"하디스, 크레스트 스파클링",7.5,http://img.wine21.com/WINE_MST/TITLE/0162000/W0162542.jpg?871911,와인
하라스 까르메네르 리저브,14,http://img.wine21.com/WINE_MST/TITLE/0158000/W0158981.jpg?468641,와인
"하셀그로브, 바인 션",14.5,http://img.wine21.com/WINE_MST/TITLE/0167000/W0167032.jpg?439656,와인
"하셀그로브, 에이치 까베르네 멜롯 ",14.5,http://img.wine21.com/WINE_MST/TITLE/0161000/W0161781.jpg?480338,와인
"하셀그로브, 에이치 쉬라즈 ",13.5,http://img.wine21.com/WINE_MST/TITLE/0161000/W0161780.jpg?870841,와인
"하셀그로브, 에이치 스파클링 브뤼",12.5,http://img.wine21.com/WINE_MST/TITLE/0159000/W0159698.jpg?435877,와인
"하워드 팍, 레스톤 까베르네 소비뇽",9.5,http://img.wine21.com/WINE_MST/TITLE/0149000/W0149630.jpg?780205,와인
"하워드 팍, 샤도네",13,http://img.wine21.com/WINE_MST/TITLE/0149000/W0149594.jpg?617763,와인
하이 플라이어 센터라인,11,http://img.wine21.com/WINE_MST/TITLE/0155000/W0155934.jpg?211749,와인
하이즈 랜치 메를로,9,http://img.wine21.com/WINE_MST/TITLE/0147000/W0147853.jpg?992980,와인
"하이즈 랜치, 까베르네 쇼비뇽",9,http://img.wine21.com/WINE_MST/TITLE/0147000/W0147852.jpg?532999,와인
"하이즈 랜치, 샤르도네",9,http://img.wine21.com/WINE_MST/TITLE/0147000/W0147875.jpg?426373,와인
"하이직 모노폴, 블루 탑 브뤼",8.25,http://img.wine21.com/WINE_MST/TITLE/0143000/W0143038.jpg?087995,와인
하인드사이트 리저브 까베르네 쇼비뇽,11,http://img.wine21.com/WINE_MST/TITLE/0160000/W0160987.jpg?691756,와인
하트 오브 스톤 소비뇽 블랑,13,http://img.wine21.com/WINE_MST/TITLE/0148000/W0148487.jpg?763478,와인
하트랜드 드렉터스 컷 쉬라즈,9.5,http://img.wine21.com/WINE_MST/TITLE/0143000/W0143256.jpg?627470,와인
하하 말보로 소비뇽 블랑,13.5,http://img.wine21.com/WINE_MST/TITLE/0150000/W0150967.jpg?629096,와인
하하 말보로 피노 누아,13.5,http://img.wine21.com/WINE_MST/TITLE/0150000/W0150966.jpg?709038,와인
한  에스엘에이치 피노누아 ,9.5,http://img.wine21.com/WINE_MST/TITLE/0162000/W0162673.jpg?673346,와인
허니 아이스 아이스와인,10,http://img.wine21.com/WINE_MST/TITLE/0139000/W0139814.jpg?926636,와인
"헤드, 레드 쉬라즈",13.5,http://img.wine21.com/WINE_MST/TITLE/0166000/W0166655.jpg?830768,와인
"헤드, 레드 지-에스-엠",14.5,http://img.wine21.com/WINE_MST/TITLE/0166000/W0166656.jpg?889245,와인
"헤드라인 랑혼크릭, 쉬라즈",14.5,http://img.wine21.com/WINE_MST/TITLE/0166000/W0166957.jpg?314137,와인
"헤드라인 맥라렌 베일, 까베르네 소비뇽",14.5,http://img.wine21.com/WINE_MST/TITLE/0166000/W0166958.jpg?872704,와인
헤븐스 블랙 & 블루,15,http://img.wine21.com/WINE_MST/TITLE/0147000/W0147825.jpg?815222,와인
헤스 멘도시노 시라,9.5,http://img.wine21.com/WINE_MST/TITLE/0145000/W0145860.jpg?204305,와인
헤스 수스콜 샤도네,14.5,http://img.wine21.com/WINE_MST/TITLE/0145000/W0145856.jpg?914037,와인
"헤스, 마운트 비더 뀌베",14.5,http://img.wine21.com/WINE_MST/TITLE/0145000/W0145854.jpg?108915,와인
"호메 세라, 로사도 까바",11.5,http://img.wine21.com/WINE_MST/TITLE/0157000/W0157952.jpg?972811,와인
"호메 세라, 브뤼 까바",11.5,http://img.wine21.com/WINE_MST/TITLE/0155000/W0155808.jpg?143012,와인
"호메 세라, 브뤼 네이처 까바",8,http://img.wine21.com/WINE_MST/TITLE/0155000/W0155810.jpg?352793,와인
"호메 세라, 브뤼 네이처 리제르바 빈티지 까바",11.5,http://img.wine21.com/WINE_MST/TITLE/0155000/W0155811.jpg?727195,와인
"호메 세라, 세미 세코 까바",11.5,http://img.wine21.com/WINE_MST/TITLE/0155000/W0155809.jpg?124912,와인
"호메 세라, 오가닉 브룻 까바",11.5,http://img.wine21.com/WINE_MST/TITLE/0167000/W0167216.png?144156,와인
호프 델 수르 8515,14,http://img.wine21.com/WINE_MST/TITLE/0149000/W0149882.jpg?364301,와인
호프 델 수르 그랑 레제르바,14,http://img.wine21.com/WINE_MST/TITLE/0149000/W0149884.jpg?301383,와인
호프 델 수르 리제르바,14,http://img.wine21.com/WINE_MST/TITLE/0149000/W0149883.jpg?923546,와인
"홀, 나파 밸리 메를로",9.5,http://img.wine21.com/WINE_MST/TITLE/0149000/W0149380.jpg?413844,와인
"후버, 그뤼너 벨트리너 테라쎈  ",7.5,http://img.wine21.com/WINE_MST/TITLE/0161000/W0161074.jpg?498411,와인
"후버, 리슬링 엔젤스베르크",8.5,http://img.wine21.com/WINE_MST/TITLE/0162000/W0162675.jpg?016134,와인
후야 소비뇽 블랑,13,http://img.wine21.com/WINE_MST/TITLE/0145000/W0145575.jpg?901437,와인
훌리오 부숑 까베르네 소비뇽 리제르바 에스페샬,14,http://img.wine21.com/WINE_MST/TITLE/0140000/140363.jpg?468601,와인
훌리오 부숑 까베르네 쇼비뇽 리제르바,14,http://img.wine21.com/WINE_MST/TITLE/0140000/140362.jpg?245702,와인
훌리오 부숑 메를로 리제르바,14,http://img.wine21.com/WINE_MST/TITLE/0140000/W0140365.jpg?626981,와인
"훌리오 부숑, 까르메네르 시라 리제르바",14,http://img.wine21.com/WINE_MST/TITLE/0140000/W0140360.jpg?222589,와인
"훌리오 부숑, 라스 메르세데스 소비뇽 블랑",9,http://img.wine21.com/WINE_MST/TITLE/0148000/W0148822.jpg?018794,와인
"훌리오 부숑, 라스 메르세데스 앙쌍블라헤",14,http://img.wine21.com/WINE_MST/TITLE/0148000/W0148821.jpg?497096,와인
"훌리오 부숑, 리제르바 소비뇽 블랑",9,http://img.wine21.com/WINE_MST/TITLE/0140000/W0140366.jpg?037786,와인
"훌리오 부숑, 말벡 리제르바 에스페샬",13,http://img.wine21.com/WINE_MST/TITLE/0140000/140367.jpg?991090,와인
"훌리오 부숑, 샤도네 리제르바",9,http://img.wine21.com/WINE_MST/TITLE/0140000/140364.jpg?925468,와인
"훌리오 부숑, 샤도네 리제르바 에스페샬",14,http://img.wine21.com/WINE_MST/TITLE/0140000/W0140361.jpg?629156,와인
"휴 해밀턴, '더 스칼리웨그' 샤도네이",13,http://img.wine21.com/WINE_MST/TITLE/0165000/W0165582.png?988358,와인
히어로,14.5,http://img.wine21.com/WINE_MST/TITLE/0160000/W0160762.jpg?881149,와인
힐링어 소비뇽 블랑,12,http://img.wine21.com/WINE_MST/TITLE/0146000/W0146583.jpg?603202,와인
힐링어 스몰힐 로제,12,http://img.wine21.com/WINE_MST/TITLE/0146000/W0146584.jpg?715373,와인
Aberfeldy 12yo,40,https://static.whiskybase.com/storage/whiskies/7/6/497/120954-big.jpg,위스키
Aberfeldy 16yo,40,https://static.whiskybase.com/storage/whiskies/7/1/595/120955-big.jpg,위스키
Aberfeldy 18yo,40,https://static.whiskybase.com/storage/whiskies/5/5/924/215190-big.jpg,위스키
Aberfeldy 21yo,40,https://static.whiskybase.com/storage/whiskies/6/2/320/105059-big.jpg,위스키
Aberlour 10yo,40,https://static.whiskybase.com/storage/whiskies/1/3/4377/266645-big.jpg,위스키
Aberlour 12yo Double Cask Matured,43,https://static.whiskybase.com/storage/whiskies/1/7/679/67144-big.jpg,위스키
Aberlour 12yo Non-Chill-Filtered,48,https://static.whiskybase.com/storage/whiskies/2/5/293/119929-big.jpg,위스키
Aberlour 16yo Double Cask Matured,40,https://static.whiskybase.com/storage/whiskies/4/6/209/109244-big.jpg,위스키
Aberlour 18yo,43,https://static.whiskybase.com/storage/whiskies/1/7/681/237556-big.jpg,위스키
Aberlour A'Bunadh (all batches),61.2,https://static.whiskybase.com/storage/whiskies/1/7/8673/307108-big.jpg,위스키
Aberlour A'Bunadh (Batch 30),59.8,https://static.whiskybase.com/storage/whiskies/1/5/930/66112-big.jpg,위스키
Aberlour A'Bunadh (Batch 32),60.4,https://static.whiskybase.com/storage/whiskies/1/7/880/67266-big.jpg,위스키
Aberlour A'Bunadh (Batch 33),60.9,https://static.whiskybase.com/storage/whiskies/1/9/355/68189-big.jpg,위스키
Aberlour A'Bunadh (Batch 34),59.5,https://static.whiskybase.com/storage/whiskies/2/0/494/68774-big.jpg,위스키
Aberlour A'Bunadh (Batch 35),60.3,https://static.whiskybase.com/storage/whiskies/2/1/168/69185-big.jpg,위스키
Aberlour A'Bunadh (Batch 36),60.1,https://static.whiskybase.com/storage/whiskies/2/4/600/70831-big.jpg,위스키
Aberlour A'Bunadh (Batch 37),59.6,https://static.whiskybase.com/storage/whiskies/2/5/292/71183-big.jpg,위스키
Aberlour A'Bunadh (Batch 38),60.3,https://static.whiskybase.com/storage/whiskies/2/7/767/250979-big.jpg,위스키
Aberlour A'Bunadh (Batch 39),59.8,https://static.whiskybase.com/storage/whiskies/3/1/345/73545-big.jpg,위스키
Aberlour A'Bunadh (Batch 40),60,https://static.whiskybase.com/storage/whiskies/3/3/240/74411-big.jpg,위스키
Aberlour A'Bunadh (Batch 42),60.3,https://static.whiskybase.com/storage/whiskies/3/5/692/75453-big.jpg,위스키
Aberlour A'Bunadh (Batch 44),59.7,https://static.whiskybase.com/storage/whiskies/3/7/896/76519-big.jpg,위스키
Aberlour A'Bunadh (Batch 45),60.2,https://static.whiskybase.com/storage/whiskies/4/0/888/77782-big.jpg,위스키
Aberlour A'Bunadh (Batch 46),60.4,https://static.whiskybase.com/storage/whiskies/4/3/906/79307-big.jpg,위스키
Aberlour A'Bunadh (Batch 47),60.7,https://static.whiskybase.com/storage/whiskies/5/0/596/87314-big.jpg,위스키
Aberlour A'Bunadh (Batch 48),59.7,https://static.whiskybase.com/storage/whiskies/5/4/702/88922-big.jpg,위스키
Aberlour A'Bunadh (Batch 49),60.1,https://static.whiskybase.com/storage/whiskies/5/7/862/91608-big.jpg,위스키
Aberlour A'Bunadh (Batch 50),59.6,https://static.whiskybase.com/storage/whiskies/6/2/228/172087-big.jpg,위스키
Aberlour A'Bunadh (Batch 52),60.5,https://static.whiskybase.com/storage/whiskies/7/1/928/112354-big.jpg,위스키
Aberlour A'Bunadh (Batch 53),59.7,https://static.whiskybase.com/storage/whiskies/7/3/886/116853-big.jpg,위스키
Aberlour A'Bunadh (Batch 54),60.7,https://static.whiskybase.com/storage/whiskies/7/6/839/122239-big.jpg,위스키
Aberlour A'Bunadh (Batch 56),61.2,https://static.whiskybase.com/storage/whiskies/8/4/729/187949-big.jpg,위스키
Aberlour A'Bunadh (Batch 57),60.7,https://static.whiskybase.com/storage/whiskies/8/9/441/141711-big.jpg,위스키
Aberlour A'Bunadh (Batch 58),61.1,https://static.whiskybase.com/storage/whiskies/9/0/678/250857-big.jpg,위스키
Aberlour A'Bunadh (Batch 59),60.9,https://static.whiskybase.com/storage/whiskies/1/0/0852/187950-big.jpg,위스키
Aberlour A'Bunadh (Batch 60),60.3,https://static.whiskybase.com/storage/whiskies/1/0/2558/187951-big.jpg,위스키
Aberlour A'Bunadh (Batch 61),60.8,https://static.whiskybase.com/storage/whiskies/1/0/4045/187948-big.jpg,위스키
Aberlour A'Bunadh (Batch 62),59.9,https://static.whiskybase.com/storage/whiskies/1/1/1695/208123-big.jpg,위스키
Aberlour A'Bunadh (Batch 65),59.5,https://static.whiskybase.com/storage/whiskies/1/4/1398/243927-big.jpg,위스키
Aberlour A'Bunadh (Batch 66),59.2,https://static.whiskybase.com/storage/whiskies/1/5/4053/266488-big.jpg,위스키
Aberlour A'Bunadh (Batch 69),61.2,https://static.whiskybase.com/storage/whiskies/1/7/8673/307108-big.jpg,위스키
Aberlour A'Bunadh Alba (all batches),57.1,https://static.whiskybase.com/storage/whiskies/1/2/3010/250589-big.jpg,위스키
Aberlour A'Bunadh Alba (Batch 1),58.7,https://static.whiskybase.com/storage/whiskies/1/6/7251/285228-big.jpg,위스키
Aberlour Casg Annamh,48,https://static.whiskybase.com/storage/whiskies/1/0/8100/176425-big.jpg,위스키
Amrut 100 Peated,57.1,https://static.whiskybase.com/storage/whiskies/1/9/623/68335-big.jpg,위스키
Amrut Bengal Tiger PX Single Cask (Canada),56.5,https://static.whiskybase.com/storage/whiskies/1/1/6567/194066-big.jpg,위스키
Amrut Bourbon Single Cask,60,https://static.whiskybase.com/storage/whiskies/5/6/439/102450-big.jpg,위스키
Amrut Cask Strength,61.8,https://static.whiskybase.com/storage/whiskies/2/8/343/72400-big.jpg,위스키
Amrut Double Cask,46,https://static.whiskybase.com/storage/whiskies/1/0/3108/160969-big.jpg,위스키
Amrut Fusion,50,https://static.whiskybase.com/storage/whiskies/1/3/369/64725-big.jpg,위스키
Amrut Greedy Angels (8yo and 10yo),50,https://static.whiskybase.com/storage/whiskies/1/0/0523/160961-big.jpg,위스키
Amrut Herald,59.6,https://static.whiskybase.com/storage/whiskies/8/4/709/158804-big.jpg,위스키
Amrut Indian Single Malt,46,https://static.whiskybase.com/storage/whiskies/3/0/583/215964-big.jpg,위스키
Amrut Intermediate Sherry,57.1,https://static.whiskybase.com/storage/whiskies/1/8/340/67548-big.jpg,위스키
Amrut Kadhambam,50,https://static.whiskybase.com/storage/whiskies/3/3/889/74686-big.jpg,위스키
Amrut Madeira Cask Finish (Batch 1),50,https://static.whiskybase.com/storage/whiskies/1/1/8429/205302-big.jpg,위스키
Amrut Naarangi,50,https://static.whiskybase.com/storage/whiskies/6/7/025/105479-big.jpg,위스키
Amrut Peated,62.8,https://static.whiskybase.com/storage/whiskies/1/3/562/64839-big.jpg,위스키
Amrut Peated Cask Strength,62.8,https://static.whiskybase.com/storage/whiskies/5/1/511/81903-big.jpg,위스키
Amrut Portonova,62.1,https://static.whiskybase.com/storage/whiskies/6/3/232/104159-big.jpg,위스키
Amrut Portpipe Peated Single Cask #2712 (2013),59,https://static.whiskybase.com/storage/whiskies/8/7/072/187859-big.jpg,위스키
Amrut Portpipe Peated Single Cask #2712 (2016),59,https://static.whiskybase.com/storage/whiskies/8/7/072/187859-big.jpg,위스키
Amrut Portpipe Peated Single Cask #2713 (2013),59,https://static.whiskybase.com/storage/whiskies/8/7/072/187859-big.jpg,위스키
Amrut Portpipe Peated Single Cask #4668 (2017),59,https://static.whiskybase.com/storage/whiskies/8/7/072/187859-big.jpg,위스키
Amrut Portpipe Peated Single Cask (all casks),59,https://static.whiskybase.com/storage/whiskies/5/0/548/80563-big.jpg,위스키
Amrut PX Sherry Single Cask (all casks),56.5,https://static.whiskybase.com/storage/whiskies/5/1/697/138268-big.jpg,위스키
Amrut PX Sherry Single Cask 2696 (LCBO),56.5,https://static.whiskybase.com/storage/whiskies/7/0/181/109295-big.jpg,위스키
Amrut PX Sherry Single Cask 2701,62.8,https://static.whiskybase.com/storage/whiskies/5/0/549/80560-big.jpg,위스키
Amrut PX Sherry Single Cask 2702,56.5,https://static.whiskybase.com/storage/whiskies/9/1/448/225455-big.jpg,위스키
Amrut PX Sherry Single Cask 3516 (SAQ),56.5,https://static.whiskybase.com/storage/whiskies/5/1/697/138268-big.jpg,위스키
Amrut Spectrum 004 (Batch 2),50,https://static.whiskybase.com/storage/whiskies/9/7/649/160960-big.jpg,위스키
Amrut Two Continents,46,https://static.whiskybase.com/storage/whiskies/9/9/350/160963-big.jpg,위스키
Amrut Virgin Oak Single Cask,62.8,https://static.whiskybase.com/storage/whiskies/7/3/079/114523-big.jpg,위스키
AnCnoc 12yo,40,https://static.whiskybase.com/storage/whiskies/2/3/9/54814-big.jpg,위스키
AnCnoc 16yo,56.3,https://static.whiskybase.com/storage/whiskies/1/3/7697/231255-big.jpg,위스키
AnCnoc 18yo,46,https://static.whiskybase.com/storage/whiskies/6/3/017/233904-big.jpg,위스키
AnCnoc 1975,44.2,https://static.whiskybase.com/storage/whiskies/6/3/856/104292-big.jpg,위스키
AnCnoc 2000,46,https://static.whiskybase.com/storage/whiskies/5/8/441/95957-big.jpg,위스키
AnCnoc 22yo,46,https://static.whiskybase.com/storage/whiskies/3/9/696/130074-big.jpg,위스키
AnCnoc Cutter,46,https://static.whiskybase.com/storage/whiskies/5/7/928/159546-big.jpg,위스키
AnCnoc Flaughter,46,https://static.whiskybase.com/storage/whiskies/5/3/325/87997-big.jpg,위스키
AnCnoc Peter Arkle (all releases),46,https://static.whiskybase.com/storage/whiskies/4/5/734/80055-big.jpg,위스키
AnCnoc Rutter,46,https://static.whiskybase.com/storage/whiskies/5/3/324/87996-big.jpg,위스키
Ardbeg 10yo,46,https://static.whiskybase.com/storage/whiskies/3/0/6/226354-big.jpg,위스키
Ardbeg 17yo,40,https://static.whiskybase.com/storage/whiskies/3/0/8/54895-big.jpg,위스키
Ardbeg 19yo Traigh Bhan,46.2,https://static.whiskybase.com/storage/whiskies/1/7/9446/334222-big.jpg,위스키
Ardbeg 21yo,46,https://static.whiskybase.com/storage/whiskies/8/6/722/136303-big.jpg,위스키
Ardbeg 22yo Twenty Something,46.4,https://static.whiskybase.com/storage/whiskies/1/1/8449/240246-big.jpg,위스키
Ardbeg 23yo Twenty Something,46.3,https://static.whiskybase.com/storage/whiskies/1/0/2567/240248-big.jpg,위스키
Ardbeg Alligator,51.2,https://static.whiskybase.com/storage/whiskies/2/4/802/70941-big.jpg,위스키
Ardbeg An Oa,46.6,https://static.whiskybase.com/storage/whiskies/9/9/885/161333-big.jpg,위스키
Ardbeg Ardbog,52.1,https://static.whiskybase.com/storage/whiskies/2/0/3995/78194-big.jpg,위스키
Ardbeg Auriverdes,49.9,https://static.whiskybase.com/storage/whiskies/5/4/178/85931-big.jpg,위스키
Ardbeg Corryvreckan,57.1,https://static.whiskybase.com/storage/whiskies/1/0/550/174292-big.jpg,위스키
Ardbeg Dark Cove,46.5,https://static.whiskybase.com/storage/whiskies/8/1/438/129305-big.jpg,위스키
Ardbeg Drum,46,https://static.whiskybase.com/storage/whiskies/1/3/0674/223342-big.jpg,위스키
Ardbeg Galileo,49,https://static.whiskybase.com/storage/whiskies/3/4/525/250365-big.jpg,위스키
Ardbeg Grooves,46,https://static.whiskybase.com/storage/whiskies/1/0/8771/187352-big.jpg,위스키
Ardbeg Kelpie,46,https://static.whiskybase.com/storage/whiskies/9/3/919/151427-big.jpg,위스키
Ardbeg Perpetuum,47.4,https://static.whiskybase.com/storage/whiskies/6/8/370/106856-big.jpg,위스키
Ardbeg Supernova 2014,55,https://static.whiskybase.com/storage/whiskies/5/8/148/91114-big.jpg,위스키
Ardbeg Supernova 2015,54.3,https://static.whiskybase.com/storage/whiskies/7/1/966/172469-big.jpg,위스키
Ardbeg Supernova 2019,53.8,https://static.whiskybase.com/storage/whiskies/1/3/1183/266563-big.jpg,위스키
Ardbeg Uigeadail,54.2,https://static.whiskybase.com/storage/whiskies/3/3/1/172085-big.jpg,위스키
Ardmore Traditional Cask,46,https://static.whiskybase.com/storage/whiskies/7/8/0/172084-big.jpg,위스키
Arran Malt 10yo,46,https://static.whiskybase.com/storage/whiskies/1/3/8240/352280-big.jpg,위스키
Arran Malt 12yo Cask Strength (all editions),53.9,https://static.whiskybase.com/storage/whiskies/4/6/859/81472-big.jpg,위스키
Arran Malt 14yo,46,https://static.whiskybase.com/storage/whiskies/5/5/100/86703-big.jpg,위스키
Arran Malt 17yo,46,https://static.whiskybase.com/storage/whiskies/5/3/951/85642-big.jpg,위스키
Arran Malt 18yo,46,https://static.whiskybase.com/storage/whiskies/1/4/3180/241151-big.jpg,위스키
Arran Malt 21st Anniversary Edition,52.6,https://static.whiskybase.com/storage/whiskies/8/9/681/140502-big.jpg,위스키
Arran Malt Amarone Cask Finish,50,https://static.whiskybase.com/storage/whiskies/1/6/3346/276318-big.jpg,위스키
Arran Malt Bourbon Single Cask,46,https://static.whiskybase.com/storage/whiskies/1/6/6592/344706-big.jpg,위스키
Arran Malt Lochranza Reserve,43,https://static.whiskybase.com/storage/whiskies/5/4/700/87549-big.jpg,위스키
Arran Malt Machrie Moor Cask Strength,56.2,https://static.whiskybase.com/storage/whiskies/1/1/9154/198694-big.jpg,위스키
Arran Malt Machrie Moor Peated (all editions),46,https://static.whiskybase.com/storage/whiskies/1/1/9640/218031-big.jpg,위스키
Arran Malt Madeira Wine Cask,50,https://static.whiskybase.com/storage/whiskies/6/4/10/60336-big.jpg,위스키
Arran Malt Napoleon Cognac Finish,57.8,https://static.whiskybase.com/storage/whiskies/6/4/792/101381-big.jpg,위스키
Arran Malt Orkney Bere Barley,56.2,https://static.whiskybase.com/storage/whiskies/6/0/093/95935-big.jpg,위스키
Arran Malt Pomerol Bordeaux Cask Finish,50,https://static.whiskybase.com/storage/whiskies/6/4/11/60337-big.jpg,위스키
Arran Malt Port Cask Finish,50,https://static.whiskybase.com/storage/whiskies/1/6/3348/276322-big.jpg,위스키
Arran Malt Robert Burns Single Malt,43,https://static.whiskybase.com/storage/whiskies/6/3/35/320885-big.jpg,위스키
Arran Malt Sassicaia Wine Cask Finish,55,https://static.whiskybase.com/storage/whiskies/1/8/36/56466-big.jpg,위스키
Arran Malt Sauternes Finish,50,https://static.whiskybase.com/storage/whiskies/1/6/3347/276320-big.jpg,위스키
Arran Malt Sherry Cask Finish,46,https://static.whiskybase.com/storage/whiskies/8/9/557/141356-big.jpg,위스키
Arran Malt Sherry Single Cask,55.8,https://static.whiskybase.com/storage/whiskies/1/3/8742/236365-big.jpg,위스키
Arran Malt The Devil's Punch Bowl (all chapters),52.3,https://static.whiskybase.com/storage/whiskies/3/3/561/74545-big.jpg,위스키
Arran Malt Tokaji Aszu Wine Finish,55,https://static.whiskybase.com/storage/whiskies/3/9/3/54994-big.jpg,위스키
Auchentoshan 10yo,43,https://static.whiskybase.com/storage/whiskies/1/5/362/65790-big.jpg,위스키
Auchentoshan 12yo,40,https://static.whiskybase.com/storage/whiskies/5/4/574/86313-big.jpg,위스키
Auchentoshan 18yo,43,https://static.whiskybase.com/storage/whiskies/1/8/83/56504-big.jpg,위스키
Auchentoshan 21yo,43,https://static.whiskybase.com/storage/whiskies/1/8/82/235278-big.jpg,위스키
Auchentoshan American Oak,40,https://static.whiskybase.com/storage/whiskies/7/0/736/117560-big.jpg,위스키
Auchentoshan Bartender's Malt,50,https://static.whiskybase.com/storage/whiskies/1/2/1492/212850-big.jpg,위스키
Auchentoshan Classic,40,https://static.whiskybase.com/storage/whiskies/3/0/12/57567-big.jpg,위스키
Auchentoshan Three Wood,43,https://static.whiskybase.com/storage/whiskies/1/8/84/188714-big.jpg,위스키
Auchentoshan Valinch,57.2,https://static.whiskybase.com/storage/whiskies/3/8/793/76909-big.jpg,위스키
Auchentoshan Virgin Oak,46,https://static.whiskybase.com/storage/whiskies/5/6/999/92394-big.jpg,위스키
Auchroisk 10yo (F&F),43,https://static.whiskybase.com/storage/whiskies/6/2/7/55260-big.jpg,위스키
Aultmore 12yo,46,https://static.whiskybase.com/storage/whiskies/6/2/225/230474-big.jpg,위스키
Aultmore 18yo,46,https://static.whiskybase.com/storage/whiskies/6/9/903/113552-big.jpg,위스키
Aultmore 21yo,46,https://static.whiskybase.com/storage/whiskies/6/1/605/295852-big.jpg,위스키
Aultmore 25yo,46,https://static.whiskybase.com/storage/whiskies/6/2/222/96682-big.jpg,위스키
Balblair 10yo,40,https://static.whiskybase.com/storage/whiskies/3/3/3/54926-big.jpg,위스키
Balblair 12yo,46,https://static.whiskybase.com/storage/whiskies/1/2/8496/233905-big.jpg,위스키
Balblair 15yo,46,https://static.whiskybase.com/storage/whiskies/1/2/8494/233906-big.jpg,위스키
Balblair 16yo,40,https://static.whiskybase.com/storage/whiskies/3/3/4/54927-big.jpg,위스키
Balblair 18yo,46,https://static.whiskybase.com/storage/whiskies/1/2/8493/303657-big.jpg,위스키
Balblair 1989,46,https://static.whiskybase.com/storage/whiskies/3/1/445/73578-big.jpg,위스키
Balblair 1990 (all releases),46,https://static.whiskybase.com/storage/whiskies/7/5/639/113581-big.jpg,위스키
Balblair 2000,46,https://static.whiskybase.com/storage/whiskies/1/0/6562/205759-big.jpg,위스키
Balcones Texas Single Malt Whisky,53,https://static.whiskybase.com/storage/whiskies/1/8/0680/324989-big.jpg,위스키
Balvenie 12yo Doublewood,40,https://static.whiskybase.com/storage/whiskies/5/9/43/59987-big.jpg,위스키
Balvenie 12yo Single Barrel,47.8,https://static.whiskybase.com/storage/whiskies/8/2/142/127831-big.jpg,위스키
Balvenie 12yo Triple Cask,40,https://static.whiskybase.com/storage/whiskies/4/0/635/77688-big.jpg,위스키
Balvenie 14yo Carribean Cask,43,https://static.whiskybase.com/storage/whiskies/3/5/830/75503-big.jpg,위스키
Balvenie 14yo Peat Week,48.3,https://static.whiskybase.com/storage/whiskies/1/3/0226/308610-big.jpg,위스키
Balvenie 15yo Single Barrel (Cask),47.8,https://static.whiskybase.com/storage/whiskies/8/4/989/171232-big.jpg,위스키
Balvenie 16yo Triple Cask,40,https://static.whiskybase.com/storage/whiskies/4/1/838/78263-big.jpg,위스키
Balvenie 17yo Doublewood,43,https://static.whiskybase.com/storage/whiskies/3/8/464/76748-big.jpg,위스키
Balvenie 21yo Port Wood,40,https://static.whiskybase.com/storage/whiskies/6/6/120/105999-big.jpg,위스키
Balvenie 25yo Single Barrel,47.8,https://static.whiskybase.com/storage/whiskies/1/1/5835/260430-big.jpg,위스키
Balvenie TUN 1401 (all batches),50.6,https://static.whiskybase.com/storage/whiskies/2/2/143/216092-big.jpg,위스키
Balvenie TUN 1509 (all batches),52.2,https://static.whiskybase.com/storage/whiskies/1/8/8822/330330-big.jpg,위스키
Ben Nevis 10yo (all editions),46,https://static.whiskybase.com/storage/whiskies/1/1/5524/191218-big.jpg,위스키
"Ben Nevis 10yo (old label, pre-2017)",62.4,https://static.whiskybase.com/storage/whiskies/1/2/2230/215016-big.jpg,위스키
Ben Nevis 10yo (post-2017),62.4,https://static.whiskybase.com/storage/whiskies/1/2/2230/215016-big.jpg,위스키
Ben Nevis 10yo Cask Strength,62.4,https://static.whiskybase.com/storage/whiskies/1/2/2230/215016-big.jpg,위스키
Ben Nevis 18yo The Maltman,59.8,https://static.whiskybase.com/storage/whiskies/5/5/086/90817-big.jpg,위스키
Ben Nevis Celebrated Traditional (NAS),46,https://static.whiskybase.com/storage/whiskies/1/3/0092/231245-big.jpg,위스키
BenRiach 10yo,46,https://static.whiskybase.com/storage/whiskies/1/6/5511/284426-big.jpg,위스키
BenRiach 10yo Curiositas,46,https://static.whiskybase.com/storage/whiskies/2/2/1/132183-big.jpg,위스키
BenRiach 12yo,46,https://static.whiskybase.com/storage/whiskies/1/6/5512/289390-big.jpg,위스키
BenRiach 12yo Horizons,50,https://static.whiskybase.com/storage/whiskies/1/9/904/68478-big.jpg,위스키
BenRiach 12yo Matured in Sherry Wood,46,https://static.whiskybase.com/storage/whiskies/1/1/8664/213937-big.jpg,위스키
BenRiach 15yo Sauternes Finish,46,https://static.whiskybase.com/storage/whiskies/6/4/607/116956-big.jpg,위스키
BenRiach 15yo Tawny Port Finish,46,https://static.whiskybase.com/storage/whiskies/1/4/4809/199242-big.jpg,위스키
BenRiach 17yo Septendecim Peated,46,https://static.whiskybase.com/storage/whiskies/2/9/747/171315-big.jpg,위스키
BenRiach 17yo Solstice 1st Peated Port Finish,50,https://static.whiskybase.com/storage/whiskies/2/9/410/98869-big.jpg,위스키
BenRiach 17yo Solstice 2nd Peated Port Finish,50,https://static.whiskybase.com/storage/whiskies/2/9/410/98869-big.jpg,위스키
BenRiach 17yo Solstice Peated Port (both editions),50,https://static.whiskybase.com/storage/whiskies/2/9/410/98869-big.jpg,위스키
BenRiach 18yo Albariza Pedro Ximenez Peated,46,https://static.whiskybase.com/storage/whiskies/6/4/605/102158-big.jpg,위스키
BenRiach 18yo Dunder,46,https://static.whiskybase.com/storage/whiskies/6/7/371/107030-big.jpg,위스키
BenRiach 18yo Latada,46,https://static.whiskybase.com/storage/whiskies/7/1/708/112937-big.jpg,위스키
BenRiach 20yo,43,https://static.whiskybase.com/storage/whiskies/2/2/6/84430-big.jpg,위스키
BenRiach 21yo Authenticus Peated,46,https://static.whiskybase.com/storage/whiskies/2/2/2/54796-big.jpg,위스키
BenRiach 21yo Tawny Port Finish,46,https://static.whiskybase.com/storage/whiskies/8/5/034/133259-big.jpg,위스키
BenRiach 25yo,50,https://static.whiskybase.com/storage/whiskies/2/3/0/54804-big.jpg,위스키
BenRiach 25yo Authenticus Peated,46,https://static.whiskybase.com/storage/whiskies/3/2/024/83302-big.jpg,위스키
BenRiach 35yo,42.5,https://static.whiskybase.com/storage/whiskies/6/1/952/98325-big.jpg,위스키
BenRiach Birnie Moss,48,https://static.whiskybase.com/storage/whiskies/3/5/708/75457-big.jpg,위스키
BenRiach Cask Strength,60.6,https://static.whiskybase.com/storage/whiskies/1/1/0481/225243-big.jpg,위스키
BenRiach Heart of Speyside,40,https://static.whiskybase.com/storage/whiskies/9/0/216/143052-big.jpg,위스키
BenRiach Peated Quarter Casks,46,https://static.whiskybase.com/storage/whiskies/8/3/495/130815-big.jpg,위스키
Benrinnes 15yo F&F,43,https://static.whiskybase.com/storage/whiskies/1/4/7562/249744-big.jpg,위스키
Benromach 10yo,43,https://static.whiskybase.com/storage/whiskies/1/5/9713/271079-big.jpg,위스키
Benromach 10yo Cask Strength (100 proof),57,https://static.whiskybase.com/storage/whiskies/5/8/640/250956-big.jpg,위스키
Benromach 15yo,43,https://static.whiskybase.com/storage/whiskies/6/8/235/183352-big.jpg,위스키
Benromach 5yo,40,https://static.whiskybase.com/storage/whiskies/6/0/087/108538-big.jpg,위스키
Benromach Organic,43,https://static.whiskybase.com/storage/whiskies/5/1/855/82288-big.jpg,위스키
Benromach Peat Smoke,46,https://static.whiskybase.com/storage/whiskies/1/8/9724/337393-big.jpg,위스키
Benromach Sassicaia,45,https://static.whiskybase.com/storage/whiskies/1/3/0605/222341-big.jpg,위스키
Benromach Traditional,40,https://static.whiskybase.com/storage/whiskies/4/7/54599-big.jpg,위스키
Big Peat (Douglas Laing),46,https://static.whiskybase.com/storage/whiskies/1/0/790/63207-big.jpg,위스키
Big Peat Christmas Edition (all editions),52.8,https://static.whiskybase.com/storage/whiskies/1/9/2146/340566-big.jpg,위스키
Bladnoch 10yo (F&F),43,https://static.whiskybase.com/storage/whiskies/1/1/2507/313452-big.jpg,위스키
Bladnoch 12yo Sherry Cask (Sheep label),55,https://static.whiskybase.com/storage/whiskies/8/5/602/133948-big.jpg,위스키
Bladnoch 15yo Adela,46.7,https://static.whiskybase.com/storage/whiskies/8/7/997/143302-big.jpg,위스키
Bladnoch 16yo (Signatory),46,https://static.whiskybase.com/storage/whiskies/1/6/9171/288541-big.jpg,위스키
Bladnoch 1993-2009 (G&M),60.6,https://static.whiskybase.com/storage/whiskies/1/3/877/92082-big.jpg,위스키
Bladnoch 19yo (Cow label),46.7,https://static.whiskybase.com/storage/whiskies/1/8/5288/329199-big.jpg,위스키
Bladnoch 9yo Lightly Peated,56.7,https://static.whiskybase.com/storage/whiskies/2/1/860/69588-big.jpg,위스키
Bladnoch Samsara,46.7,https://static.whiskybase.com/storage/whiskies/8/7/996/143319-big.jpg,위스키
Bladnoch Vintage 1992-2007 (Signatory),43,https://static.whiskybase.com/storage/whiskies/3/6/52/227571-big.jpg,위스키
Blair Athol 12yo (F&F),54.5,https://static.whiskybase.com/storage/whiskies/1/8/9603/334277-big.jpg,위스키
Blue Spot 7yo Cask Strength,58.7,https://static.whiskybase.com/storage/whiskies/1/6/9866/290555-big.jpg,위스키
Bowmore 10yo Devil's Cask (all batches),46,https://static.whiskybase.com/storage/whiskies/8/6/300/143850-big.jpg,위스키
Bowmore 10yo Tempest,55.9,https://static.whiskybase.com/storage/whiskies/5/5/332/87551-big.jpg,위스키
Bowmore 12yo,40,https://static.whiskybase.com/storage/whiskies/3/5/533/75404-big.jpg,위스키
Bowmore 12yo Enigma,40,https://static.whiskybase.com/storage/whiskies/4/3/43/58764-big.jpg,위스키
Bowmore 15yo Darkest,43,https://static.whiskybase.com/storage/whiskies/1/9/54558-big.jpg,위스키
Bowmore 15yo Laimrig,54.1,https://static.whiskybase.com/storage/whiskies/5/4/980/92396-big.jpg,위스키
Bowmore 15yo Mariner,43,https://static.whiskybase.com/storage/whiskies/1/8/96579-big.jpg,위스키
Bowmore 17yo,43,https://static.whiskybase.com/storage/whiskies/6/6/0/96580-big.jpg,위스키
Bowmore 17yo White Sands,43,https://static.whiskybase.com/storage/whiskies/6/9/199/85715-big.jpg,위스키
Bowmore 18yo,43,https://static.whiskybase.com/storage/whiskies/1/9/9/54767-big.jpg,위스키
Bowmore 25yo,43,https://static.whiskybase.com/storage/whiskies/4/1/290/117544-big.jpg,위스키
Bowmore Black Rock,40,https://static.whiskybase.com/storage/whiskies/5/3/729/224702-big.jpg,위스키
Bowmore Gold Reef,43,https://static.whiskybase.com/storage/whiskies/5/3/831/85714-big.jpg,위스키
Bowmore Legend,40,https://static.whiskybase.com/storage/whiskies/1/9/7/339772-big.jpg,위스키
Bowmore Mizunara Cask Finish,53.9,https://static.whiskybase.com/storage/whiskies/7/1/219/111814-big.jpg,위스키
Bowmore No.1,40,https://static.whiskybase.com/storage/whiskies/9/2/877/150664-big.jpg,위스키
Bowmore Small Batch,40,https://static.whiskybase.com/storage/whiskies/3/2/649/134782-big.jpg,위스키
Bowmore Springtide,54.9,https://static.whiskybase.com/storage/whiskies/8/6/591/135550-big.jpg,위스키
Bowmore Vault Edition First Release,51.5,https://static.whiskybase.com/storage/whiskies/8/8/163/148886-big.jpg,위스키
Bowmore Vault Edition Second Release,50.1,https://static.whiskybase.com/storage/whiskies/1/3/9063/233499-big.jpg,위스키
Brora 21yo,40,https://static.whiskybase.com/storage/whiskies/5/1/634/84361-big.jpg,위스키
Brora 30yo,56.6,https://static.whiskybase.com/storage/whiskies/4/2/7/55030-big.jpg,위스키
Brora 35yo,49.9,https://static.whiskybase.com/storage/whiskies/4/4/424/80879-big.jpg,위스키
Bruichladdich 21yo Cuvee 382 La Berenice,46,https://static.whiskybase.com/storage/whiskies/3/8/485/76761-big.jpg,위스키
Bruichladdich 21yo Cuvee 407 PX,46,https://static.whiskybase.com/storage/whiskies/3/8/486/76762-big.jpg,위스키
Bruichladdich 21yo Cuvee 640 Eroica,46,https://static.whiskybase.com/storage/whiskies/3/8/487/76763-big.jpg,위스키
Bruichladdich 8yo Laddie Eight,50,https://static.whiskybase.com/storage/whiskies/7/9/839/126308-big.jpg,위스키
Bruichladdich Black Art 1989,49.7,https://static.whiskybase.com/storage/whiskies/1/9/057/67986-big.jpg,위스키
Bruichladdich Black Art 2.x 1989,49.7,https://static.whiskybase.com/storage/whiskies/1/9/057/67986-big.jpg,위스키
Bruichladdich Black Art 3.x 1989,48.7,https://static.whiskybase.com/storage/whiskies/3/1/667/73681-big.jpg,위스키
Bruichladdich Black Art 4.x 1990,49.2,https://static.whiskybase.com/storage/whiskies/4/3/544/79099-big.jpg,위스키
Bruichladdich Black Art 5.x 1992,48.4,https://static.whiskybase.com/storage/whiskies/9/0/219/144843-big.jpg,위스키
Bruichladdich Black Art 6.x 1990,46.9,https://static.whiskybase.com/storage/whiskies/1/1/2493/188491-big.jpg,위스키
Bruichladdich Black Art 7.x 1994,48.4,https://static.whiskybase.com/storage/whiskies/2/0/7453/253901-big.jpg,위스키
Bruichladdich Black Art 8.x 1994,45.1,https://static.whiskybase.com/storage/whiskies/1/6/5574/281885-big.jpg,위스키
Bruichladdich Classic Laddie Scottish Barley,50,https://static.whiskybase.com/storage/whiskies/7/7/828/122260-big.jpg,위스키
Bruichladdich Infinity Third Edition,50,https://static.whiskybase.com/storage/whiskies/1/0/322/250353-big.jpg,위스키
Bruichladdich Islay Barley (all vintages),50,https://static.whiskybase.com/storage/whiskies/7/5/421/131349-big.jpg,위스키
Bruichladdich Laddie Classic (Edition 01),46,https://static.whiskybase.com/storage/whiskies/1/1/053/63371-big.jpg,위스키
Bruichladdich Laddie Eight 8yo,50,https://static.whiskybase.com/storage/whiskies/7/9/839/126308-big.jpg,위스키
Bruichladdich Laddie Sixteen 16yo,46,https://static.whiskybase.com/storage/whiskies/3/4/814/75072-big.jpg,위스키
Bruichladdich Laddie Ten 10yo,50,https://static.whiskybase.com/storage/whiskies/8/6/884/147611-big.jpg,위스키
Bruichladdich Laddie Ten 10yo (Second Edition),50,https://static.whiskybase.com/storage/whiskies/8/6/884/147611-big.jpg,위스키
Bruichladdich Laddie Twenty Two 22yo,46,https://static.whiskybase.com/storage/whiskies/7/3/693/116393-big.jpg,위스키
Bruichladdich Octomore 10,56.3,https://static.whiskybase.com/storage/whiskies/2/0/3587/356514-big.jpg,위스키
Bruichladdich Octomore 10 (Fourth Edition),54.3,https://static.whiskybase.com/storage/whiskies/1/5/7209/283224-big.jpg,위스키
Bruichladdich Octomore 10 (Second Edition),57.3,https://static.whiskybase.com/storage/whiskies/8/6/882/186590-big.jpg,위스키
Bruichladdich Octomore 10 (Third Edition),56.8,https://static.whiskybase.com/storage/whiskies/1/1/4302/211561-big.jpg,위스키
Bruichladdich Octomore 10.1,59.8,https://static.whiskybase.com/storage/whiskies/1/2/6652/234594-big.jpg,위스키
Bruichladdich Octomore 10.2,56.9,https://static.whiskybase.com/storage/whiskies/1/3/9117/307101-big.jpg,위스키
Bruichladdich Octomore 10.3,61.3,https://static.whiskybase.com/storage/whiskies/1/2/6654/235911-big.jpg,위스키
Bruichladdich Octomore 10.4,63.5,https://static.whiskybase.com/storage/whiskies/1/2/6656/248141-big.jpg,위스키
Bruichladdich Octomore 11.1,59.4,https://static.whiskybase.com/storage/whiskies/1/5/7211/284464-big.jpg,위스키
Bruichladdich Octomore 11.2,58.6,https://static.whiskybase.com/storage/whiskies/1/6/5524/284526-big.jpg,위스키
Bruichladdich Octomore 11.3,61.7,https://static.whiskybase.com/storage/whiskies/1/5/7210/284522-big.jpg,위스키
Bruichladdich Octomore 6.1,57,https://static.whiskybase.com/storage/whiskies/4/3/463/79058-big.jpg,위스키
Bruichladdich Octomore 6.2,58.2,https://static.whiskybase.com/storage/whiskies/4/3/464/84004-big.jpg,위스키
Bruichladdich Octomore 6.3,64,https://static.whiskybase.com/storage/whiskies/4/5/178/93993-big.jpg,위스키
Bruichladdich Octomore 7.1,59.5,https://static.whiskybase.com/storage/whiskies/6/7/302/183349-big.jpg,위스키
Bruichladdich Octomore 7.2,58.5,https://static.whiskybase.com/storage/whiskies/6/3/360/104156-big.jpg,위스키
Bruichladdich Octomore 7.3,63,https://static.whiskybase.com/storage/whiskies/7/2/414/113519-big.jpg,위스키
Bruichladdich Octomore 7.4,61.2,https://static.whiskybase.com/storage/whiskies/1/5/7895/122258-big.jpg,위스키
Bruichladdich Octomore 8.1,59.3,https://static.whiskybase.com/storage/whiskies/9/8/646/174617-big.jpg,위스키
Bruichladdich Octomore 8.2,58.4,https://static.whiskybase.com/storage/whiskies/9/9/306/319931-big.jpg,위스키
Bruichladdich Octomore 8.3,61.2,https://static.whiskybase.com/storage/whiskies/9/9/307/162572-big.jpg,위스키
Bruichladdich Octomore 8.4,58.7,https://static.whiskybase.com/storage/whiskies/9/9/308/174754-big.jpg,위스키
Bruichladdich Octomore 9.1,59.1,https://static.whiskybase.com/storage/whiskies/1/1/4300/285271-big.jpg,위스키
Bruichladdich Octomore 9.2,58.2,https://static.whiskybase.com/storage/whiskies/1/1/6519/199331-big.jpg,위스키
Bruichladdich Octomore 9.3,62.9,https://static.whiskybase.com/storage/whiskies/1/1/4301/211610-big.jpg,위스키
Bruichladdich Port Charlotte 10yo Heavily Peated (First Edition),50,https://static.whiskybase.com/storage/whiskies/1/1/2320/201819-big.jpg,위스키
Bruichladdich Port Charlotte 10yo Heavily Peated (Second Edition),50,https://static.whiskybase.com/storage/whiskies/1/2/9702/217228-big.jpg,위스키
Bruichladdich Port Charlotte 2007 CC:01,57.8,https://static.whiskybase.com/storage/whiskies/1/6/6752/283921-big.jpg,위스키
Bruichladdich Port Charlotte 2009 MC:01,56.3,https://static.whiskybase.com/storage/whiskies/1/1/2322/202425-big.jpg,위스키
Bruichladdich Port Charlotte 2010 MRC:01,59.2,https://static.whiskybase.com/storage/whiskies/1/1/2323/202420-big.jpg,위스키
Bruichladdich Port Charlotte 2010 OLC:01 9yo,55.1,https://static.whiskybase.com/storage/whiskies/1/5/8053/265644-big.jpg,위스키
Bruichladdich Port Charlotte An Turas Mor,46,https://static.whiskybase.com/storage/whiskies/1/7/677/67142-big.jpg,위스키
Bruichladdich Port Charlotte Islay Barley Heavily Peated,50,https://static.whiskybase.com/storage/whiskies/1/8/9317/335077-big.jpg,위스키
Bruichladdich Port Charlotte PC10 (Second Edition),50,https://static.whiskybase.com/storage/whiskies/8/6/883/141262-big.jpg,위스키
Bruichladdich Port Charlotte PC10 Tro Na Linntean,59.8,https://static.whiskybase.com/storage/whiskies/3/4/014/74733-big.jpg,위스키
Bruichladdich Port Charlotte PC11 Eorna Na H-Alba,59.5,https://static.whiskybase.com/storage/whiskies/4/3/465/107137-big.jpg,위스키
Bruichladdich Port Charlotte PC12 Oileanach Furachail,58.7,https://static.whiskybase.com/storage/whiskies/6/3/330/113501-big.jpg,위스키
Bruichladdich Port Charlotte Scottish Barley Heavily Peated,50,https://static.whiskybase.com/storage/whiskies/4/3/466/79061-big.jpg,위스키
Bruichladdich Port Charlotte The Peat Project,46,https://static.whiskybase.com/storage/whiskies/3/4/015/74734-big.jpg,위스키
Bruichladdich Rocks,46,https://static.whiskybase.com/storage/whiskies/2/1/982/69692-big.jpg,위스키
Bruichladdich Sherry Classic,46,https://static.whiskybase.com/storage/whiskies/1/2/540/64278-big.jpg,위스키
Bruichladdich The Organic (all editions),50,https://static.whiskybase.com/storage/whiskies/1/3/6501/284595-big.jpg,위스키
"Bruichladdich The Organic (Mid Coul, Coulmore, Mains of Tullibardine Farms)",46,https://static.whiskybase.com/storage/whiskies/5/7/202/89416-big.jpg,위스키
Bruichladdich The Organic 2003,46,https://static.whiskybase.com/storage/whiskies/1/0/272/62913-big.jpg,위스키
Bruichladdich The Organic 2009,50,https://static.whiskybase.com/storage/whiskies/1/0/4492/232482-big.jpg,위스키
Bruichladdich The Organic 2010,50,https://static.whiskybase.com/storage/whiskies/1/3/6501/284595-big.jpg,위스키
Bunnahabhain 11yo Manzanilla Cask Matured 2008,52.3,https://static.whiskybase.com/storage/whiskies/1/6/2631/275312-big.jpg,위스키
Bunnahabhain 12yo,46.3,https://static.whiskybase.com/storage/whiskies/7/7/779/218347-big.jpg,위스키
Bunnahabhain 14yo 2003 Pedro Ximenez Finish,54.3,https://static.whiskybase.com/storage/whiskies/1/4/2430/230679-big.jpg,위스키
Bunnahabhain 18yo,52.6,https://static.whiskybase.com/storage/whiskies/8/9/681/140502-big.jpg,위스키
Bunnahabhain 25yo,46.3,https://static.whiskybase.com/storage/whiskies/1/1/2613/186158-big.jpg,위스키
Bunnahabhain 40yo,41.9,https://static.whiskybase.com/storage/whiskies/1/0/6625/181085-big.jpg,위스키
Bunnahabhain Ce챵banach,46.3,https://static.whiskybase.com/storage/whiskies/6/0/005/145204-big.jpg,위스키
Bunnahabhain Cruach Mhona,50,https://static.whiskybase.com/storage/whiskies/1/8/717/67787-big.jpg,위스키
Bunnahabhain Darach Ur,46.3,https://static.whiskybase.com/storage/whiskies/3/1/997/73810-big.jpg,위스키
Bunnahabhain Eirigh Na Greine,46.3,https://static.whiskybase.com/storage/whiskies/5/6/836/88968-big.jpg,위스키
Bunnahabhain Moine (all bottlings),56.4,https://static.whiskybase.com/storage/whiskies/8/0/667/133156-big.jpg,위스키
Bunnahabhain Stiuireadair,46.3,https://static.whiskybase.com/storage/whiskies/9/6/989/152776-big.jpg,위스키
Bunnahabhain Toiteach,46.3,https://static.whiskybase.com/storage/whiskies/1/0/8172/243504-big.jpg,위스키
Bunnahabhain Toiteach A Dha,46.3,https://static.whiskybase.com/storage/whiskies/1/0/8172/243504-big.jpg,위스키
Bushmills 10yo Single Malt,46,https://static.whiskybase.com/storage/whiskies/1/7/9021/340469-big.jpg,위스키
Bushmills 12yo Single Malt,40,https://static.whiskybase.com/storage/whiskies/1/7/727/84021-big.jpg,위스키
Bushmills 16yo Single Malt,40,https://static.whiskybase.com/storage/whiskies/2/6/260/176616-big.jpg,위스키
Bushmills 21yo Single Malt,40,https://static.whiskybase.com/storage/whiskies/4/5/765/192978-big.jpg,위스키
Bushmills Black Bush,40,https://static.whiskybase.com/storage/whiskies/1/4/959/118339-big.jpg,위스키
Bushmills Sherry Cask Reserve,40,https://static.whiskybase.com/storage/whiskies/7/8/404/124449-big.jpg,위스키
Caol Ila 12yo,43,https://static.whiskybase.com/storage/whiskies/2/3/345715-big.jpg,위스키
Caol Ila 15yo Unpeated 2018,59.1,https://static.whiskybase.com/storage/whiskies/1/1/6915/198647-big.jpg,위스키
Caol Ila 17yo Unpeated 2015,55.9,https://static.whiskybase.com/storage/whiskies/1/7/7581/171980-big.jpg,위스키
Caol Ila 18yo,43,https://static.whiskybase.com/storage/whiskies/4/7/393/345724-big.jpg,위스키
Caol Ila 18yo Unpeated 2017,59.8,https://static.whiskybase.com/storage/whiskies/9/5/719/189542-big.jpg,위스키
Caol Ila 25yo,43,https://static.whiskybase.com/storage/whiskies/1/6/393/233573-big.jpg,위스키
Caol Ila 30yo,55.1,https://static.whiskybase.com/storage/whiskies/5/8/218/231769-big.jpg,위스키
Caol Ila 35yo,58.1,https://static.whiskybase.com/storage/whiskies/1/1/2165/237042-big.jpg,위스키
Caol Ila Distiller's Edition (all editions),43,https://static.whiskybase.com/storage/whiskies/1/6/6801/287549-big.jpg,위스키
Cardhu 12yo,40,https://static.whiskybase.com/storage/whiskies/2/1/1/340555-big.jpg,위스키
Cardhu Amber Rock,40,https://static.whiskybase.com/storage/whiskies/5/4/607/343007-big.jpg,위스키
Clynelish 14yo,46,https://static.whiskybase.com/storage/whiskies/3/8/229/76676-big.jpg,위스키
Compass Box 3yo Deluxe,49.2,https://static.whiskybase.com/storage/whiskies/8/7/241/138170-big.jpg,위스키
Compass Box Double Single,46,https://static.whiskybase.com/storage/whiskies/9/2/638/149883-big.jpg,위스키
Compass Box Double Single (all editions),46,https://static.whiskybase.com/storage/whiskies/9/2/638/149883-big.jpg,위스키
Compass Box Eleuthera,46,https://static.whiskybase.com/storage/whiskies/9/8/876/96188-big.jpg,위스키
Compass Box Enlightenment,46,https://static.whiskybase.com/storage/whiskies/8/1/159/126840-big.jpg,위스키
Compass Box Flaming Heart (all editions),48.9,https://static.whiskybase.com/storage/whiskies/1/8/837/67864-big.jpg,위스키
Compass Box Flaming Heart 2008 2nd Edition,48.9,https://static.whiskybase.com/storage/whiskies/3/5/003/75159-big.jpg,위스키
Compass Box Flaming Heart 2010 3rd Edition - 10th Anniversary,48.9,https://static.whiskybase.com/storage/whiskies/1/8/837/67864-big.jpg,위스키
Compass Box Flaming Heart 2012 4th Edition,48.9,https://static.whiskybase.com/storage/whiskies/3/5/003/75159-big.jpg,위스키
Compass Box Flaming Heart 2015 5th Edition - 15th Anniversary,48.9,https://static.whiskybase.com/storage/whiskies/7/2/332/171870-big.jpg,위스키
Compass Box Flaming Heart 2018 6th Edition,48.9,https://static.whiskybase.com/storage/whiskies/1/1/6432/197272-big.jpg,위스키
Compass Box Lady Luck,46,https://static.whiskybase.com/storage/whiskies/1/1/411/63614-big.jpg,위스키
Compass Box Last Vatted Malt,53.7,https://static.whiskybase.com/storage/whiskies/2/7/762/72192-big.jpg,위스키
Compass Box Monster 2004,46,https://static.whiskybase.com/storage/whiskies/1/2/9838/370422-big.jpg,위스키
Compass Box No Name,48.9,https://static.whiskybase.com/storage/whiskies/9/9/601/178596-big.jpg,위스키
Compass Box No Name (all editions),48.9,https://static.whiskybase.com/storage/whiskies/9/9/601/178596-big.jpg,위스키
Compass Box No Name No. 2,48.9,https://static.whiskybase.com/storage/whiskies/1/3/7939/224054-big.jpg,위스키
Compass Box Oak Cross,43,https://static.whiskybase.com/storage/whiskies/3/0/852/73322-big.jpg,위스키
Compass Box Peat Monster (all editions),46,https://static.whiskybase.com/storage/whiskies/8/7/596/156083-big.jpg,위스키
Compass Box Peat Monster 2005,46,https://static.whiskybase.com/storage/whiskies/4/5/258/79893-big.jpg,위스키
Compass Box Peat Monster 2006,46,https://static.whiskybase.com/storage/whiskies/8/7/596/156083-big.jpg,위스키
Compass Box Peat Monster 2008 Reserve Edition,48.9,https://static.whiskybase.com/storage/whiskies/8/3/96/61747-big.jpg,위스키
Compass Box Peat Monster 2010,48.9,https://static.whiskybase.com/storage/whiskies/8/3/96/61747-big.jpg,위스키
Compass Box Peat Monster 2012,46,https://static.whiskybase.com/storage/whiskies/3/6/125/96179-big.jpg,위스키
Compass Box Peat Monster 2014 - 10th Anniversary,54.7,https://static.whiskybase.com/storage/whiskies/5/3/970/109084-big.jpg,위스키
Compass Box Peat Monster 2015,57.3,https://static.whiskybase.com/storage/whiskies/6/7/445/107405-big.jpg,위스키
Compass Box Peat Monster 2015 Cask Strength,57.3,https://static.whiskybase.com/storage/whiskies/6/7/445/107405-big.jpg,위스키
Compass Box Phenomenology,46,https://static.whiskybase.com/storage/whiskies/9/9/600/164730-big.jpg,위스키
Compass Box Rivals,46,https://static.whiskybase.com/storage/whiskies/9/7/831/194931-big.jpg,위스키
Compass Box Spice Tree,46,https://static.whiskybase.com/storage/whiskies/1/0/754/231174-big.jpg,위스키
Compass Box Spice Tree Extravaganza,46,https://static.whiskybase.com/storage/whiskies/8/7/242/138176-big.jpg,위스키
Compass Box The Lost Blend,46,https://static.whiskybase.com/storage/whiskies/5/8/261/103235-big.jpg,위스키
Compass Box The Story of the Spaniard,43,https://static.whiskybase.com/storage/whiskies/1/1/6617/370424-big.jpg,위스키
Compass Box This is Not a Luxury Whisky,53.1,https://static.whiskybase.com/storage/whiskies/7/2/331/113623-big.jpg,위스키
Connemara Peated Single Malt,40,https://static.whiskybase.com/storage/whiskies/6/9/203/64781-big.jpg,위스키
Connemara Turf Mor,46,https://static.whiskybase.com/storage/whiskies/8/9/677/142426-big.jpg,위스키
Copperworks American Single Malt,50,https://static.whiskybase.com/storage/whiskies/2/0/2841/354773-big.jpg,위스키
Cragganmore 12yo,40,https://static.whiskybase.com/storage/whiskies/1/6/2/337019-big.jpg,위스키
Cragganmore 12yo (Special Release 2019),58.4,https://static.whiskybase.com/storage/whiskies/1/4/0081/244207-big.jpg,위스키
Cragganmore 25yo,51.4,https://static.whiskybase.com/storage/whiskies/5/8/149/96122-big.jpg,위스키
Cragganmore NAS (Special Release 2016),55.7,https://static.whiskybase.com/storage/whiskies/8/7/191/311043-big.jpg,위스키
Craigellachie 13yo,46,https://static.whiskybase.com/storage/whiskies/5/7/960/331918-big.jpg,위스키
Craigellachie 14yo,52,https://static.whiskybase.com/storage/whiskies/1/7/1958/301293-big.jpg,위스키
Craigellachie 17yo,46,https://static.whiskybase.com/storage/whiskies/5/8/004/91785-big.jpg,위스키
Craigellachie 23yo,46,https://static.whiskybase.com/storage/whiskies/5/8/005/91782-big.jpg,위스키
Dalmore 12yo,40,https://static.whiskybase.com/storage/whiskies/3/6/685/171874-big.jpg,위스키
Dalmore 15yo,40,https://static.whiskybase.com/storage/whiskies/3/6/789/225183-big.jpg,위스키
Dalmore 18yo,43,https://static.whiskybase.com/storage/whiskies/3/7/519/76343-big.jpg,위스키
Dalmore Cigar Malt,44,https://static.whiskybase.com/storage/whiskies/3/0/607/89195-big.jpg,위스키
Dalmore Cigar Malt Reserve,44,https://static.whiskybase.com/storage/whiskies/3/0/607/89195-big.jpg,위스키
Dalmore Gran Reserva,40,https://static.whiskybase.com/storage/whiskies/7/2/38/223088-big.jpg,위스키
Dalmore King Alexander III,40,https://static.whiskybase.com/storage/whiskies/3/6/788/75956-big.jpg,위스키
Dalmore Port Wood Reserve,46.5,https://static.whiskybase.com/storage/whiskies/1/1/1966/319491-big.jpg,위스키
Dalmore Valour,40,https://static.whiskybase.com/storage/whiskies/4/1/466/78060-big.jpg,위스키
Dalwhinnie 15yo,43,https://static.whiskybase.com/storage/whiskies/3/0/1/326694-big.jpg,위스키
Dalwhinnie Distillers Edition,43,https://static.whiskybase.com/storage/whiskies/1/6/6802/286284-big.jpg,위스키
Deanston 10yo PX Finish,57.5,https://static.whiskybase.com/storage/whiskies/9/0/469/141073-big.jpg,위스키
Deanston 12yo,46.3,https://static.whiskybase.com/storage/whiskies/8/3/919/131683-big.jpg,위스키
Deanston 18yo (Bourbon Finish),46.3,https://static.whiskybase.com/storage/whiskies/6/8/563/109838-big.jpg,위스키
Deanston 2008 Bordeaux Red Wine Cask Matured,58.7,https://static.whiskybase.com/storage/whiskies/1/0/4622/185137-big.jpg,위스키
Deanston Virgin Oak,46.3,https://static.whiskybase.com/storage/whiskies/9/3/475/146777-big.jpg,위스키
Deveron 10yo,40,https://static.whiskybase.com/storage/whiskies/1/1/086/63395-big.jpg,위스키
Deveron 12yo,40,https://static.whiskybase.com/storage/whiskies/7/0/919/118523-big.jpg,위스키
Deveron 18yo,40,https://static.whiskybase.com/storage/whiskies/7/0/918/120550-big.jpg,위스키
Dun Bheagan Islay (all vintage editions),43,https://static.whiskybase.com/storage/whiskies/6/3/441/124865-big.jpg,위스키
Dun Bheagan Islay 1999,46,https://static.whiskybase.com/storage/whiskies/1/6/116/66227-big.jpg,위스키
Dun Bheagan Islay 2009,43,https://static.whiskybase.com/storage/whiskies/1/2/457/64239-big.jpg,위스키
Edradour 10yo,40,https://static.whiskybase.com/storage/whiskies/3/4/0/252927-big.jpg,위스키
Edradour Ballechin 10yo,46,https://static.whiskybase.com/storage/whiskies/5/8/671/91979-big.jpg,위스키
"Elements of Islay ""Peat""",59.3,https://static.whiskybase.com/storage/whiskies/7/8/371/285710-big.jpg,위스키
Fettercairn Fior,42,https://static.whiskybase.com/storage/whiskies/1/7/061/185798-big.jpg,위스키
FEW Single Malt,46.5,https://static.whiskybase.com/storage/whiskies/6/0/301/299328-big.jpg,위스키
Finlaggan Old Reserve,40,https://static.whiskybase.com/storage/whiskies/1/8/4045/319056-big.jpg,위스키
Game of Thrones House Baratheon Royal Lochnagar 12 ans,40,https://static.whiskybase.com/storage/whiskies/1/1/8412/212431-big.jpg,위스키
Game of Thrones House Greyjoy Talisker Select Reserve,45.8,https://static.whiskybase.com/storage/whiskies/1/2/4497/212242-big.jpg,위스키
Game of Thrones House Lannister Lagavulin 9yo,46,https://static.whiskybase.com/storage/whiskies/1/2/4498/212241-big.jpg,위스키
Game of Thrones House Stark Dalwhinnie Winter's Frost,43,https://static.whiskybase.com/storage/whiskies/1/2/4502/212243-big.jpg,위스키
Game of Thrones House Targaryen Cardhu Gold Reserve,40,https://static.whiskybase.com/storage/whiskies/1/2/4503/212191-big.jpg,위스키
Game of Thrones House Tully Singleton Glendullan Select,40,https://static.whiskybase.com/storage/whiskies/1/2/4505/212244-big.jpg,위스키
Game of Thrones House Tyrell Clynelish Reserve,51.2,https://static.whiskybase.com/storage/whiskies/1/2/4501/212245-big.jpg,위스키
Game of Thrones The Night's Watch Oban Bay Reserve,43,https://static.whiskybase.com/storage/whiskies/1/2/4500/212246-big.jpg,위스키
Glen Breton 10yo Rare,40,https://static.whiskybase.com/storage/whiskies/2/0/392/68710-big.jpg,위스키
Glen Breton 14yo,43,https://static.whiskybase.com/storage/whiskies/3/8/916/107501-big.jpg,위스키
Glen Breton 15yo Battle of the Glen,43,https://static.whiskybase.com/storage/whiskies/3/3/329/74450-big.jpg,위스키
Glen Breton 21yo,43,https://static.whiskybase.com/storage/whiskies/8/1/830/346550-big.jpg,위스키
Glen Breton Ice 10yo,40,https://static.whiskybase.com/storage/whiskies/2/0/392/68710-big.jpg,위스키
Glen Breton Ice 12yo,43,https://static.whiskybase.com/storage/whiskies/9/3/876/148016-big.jpg,위스키
Glen Breton Ice 17yo,57.2,https://static.whiskybase.com/storage/whiskies/2/0/393/68711-big.jpg,위스키
Glen Deveron 10yo (Macduff),40,https://static.whiskybase.com/storage/whiskies/1/1/086/63395-big.jpg,위스키
Glen Elgin 12yo,43,https://static.whiskybase.com/storage/whiskies/3/2/7/54917-big.jpg,위스키
Glen Garioch 12yo,48,https://static.whiskybase.com/storage/whiskies/1/8/385/201804-big.jpg,위스키
Glen Garioch 15yo Renaissance Chapter 1,51.9,https://static.whiskybase.com/storage/whiskies/5/5/988/105038-big.jpg,위스키
Glen Garioch 15yo Sherry Cask Matured,53.7,https://static.whiskybase.com/storage/whiskies/7/2/508/171716-big.jpg,위스키
Glen Garioch 15yo Wine Cask Matured,53.7,https://static.whiskybase.com/storage/whiskies/7/2/508/171716-big.jpg,위스키
Glen Garioch 16yo Renaissance Chapter 2,51.4,https://static.whiskybase.com/storage/whiskies/8/6/820/212078-big.jpg,위스키
Glen Garioch 17yo Renaissance Chapter 3,50.8,https://static.whiskybase.com/storage/whiskies/1/0/5091/211024-big.jpg,위스키
Glen Garioch 1991,54.7,https://static.whiskybase.com/storage/whiskies/1/9/461/68250-big.jpg,위스키
Glen Garioch 1994,53.9,https://static.whiskybase.com/storage/whiskies/2/2/200/69842-big.jpg,위스키
Glen Garioch 1995,55.3,https://static.whiskybase.com/storage/whiskies/3/5/131/75212-big.jpg,위스키
Glen Garioch 1997,56.7,https://static.whiskybase.com/storage/whiskies/3/7/057/123728-big.jpg,위스키
Glen Garioch 1998 Wine Cask Matured,48,https://static.whiskybase.com/storage/whiskies/5/5/611/89412-big.jpg,위스키
Glen Garioch 1999 Sherry Cask Matured,56.3,https://static.whiskybase.com/storage/whiskies/4/5/341/86422-big.jpg,위스키
Glen Garioch Founder's Reserve,48,https://static.whiskybase.com/storage/whiskies/1/0/148/189519-big.jpg,위스키
Glen Garioch Virgin Oak,48,https://static.whiskybase.com/storage/whiskies/1/2/9970/255434-big.jpg,위스키
Glen Grant 10yo,40,https://static.whiskybase.com/storage/whiskies/2/3/51/56985-big.jpg,위스키
Glen Grant 10yo (G&M),57,https://static.whiskybase.com/storage/whiskies/4/0/491/77625-big.jpg,위스키
Glen Grant 12yo,43,https://static.whiskybase.com/storage/whiskies/8/1/948/216011-big.jpg,위스키
Glen Grant 16yo,43,https://static.whiskybase.com/storage/whiskies/1/7/493/67027-big.jpg,위스키
Glen Grant 18yo,43,https://static.whiskybase.com/storage/whiskies/8/3/398/138914-big.jpg,위스키
Glen Grant 25yo,40,https://static.whiskybase.com/storage/whiskies/3/1/67/57721-big.jpg,위스키
Glen Grant Five Decades,46,https://static.whiskybase.com/storage/whiskies/4/1/754/78210-big.jpg,위스키
Glen Grant The Major's Reserve,40,https://static.whiskybase.com/storage/whiskies/8/5/258/182912-big.jpg,위스키
Glen Moray 10yo Chardonnay Cask,40,https://static.whiskybase.com/storage/whiskies/1/0/5743/170758-big.jpg,위스키
Glen Moray 12yo,40,https://static.whiskybase.com/storage/whiskies/7/7/0/55423-big.jpg,위스키
Glen Moray 12yo Chenin Blanc,40,https://static.whiskybase.com/storage/whiskies/1/3/319/84115-big.jpg,위스키
Glen Moray 16yo,40,https://static.whiskybase.com/storage/whiskies/2/4/82/57089-big.jpg,위스키
Glen Moray 16yo Chenin Blanc,51,https://static.whiskybase.com/storage/whiskies/1/1/4616/191513-big.jpg,위스키
Glen Moray Classic,40,https://static.whiskybase.com/storage/whiskies/5/5/65/59686-big.jpg,위스키
Glen Moray Classic Peated,40,https://static.whiskybase.com/storage/whiskies/6/8/965/109613-big.jpg,위스키
Glen Moray Classic Port Cask finish,40,https://static.whiskybase.com/storage/whiskies/9/9/686/159483-big.jpg,위스키
Glen Moray Classic Sherry Cask finish,40,https://static.whiskybase.com/storage/whiskies/1/0/5428/169775-big.jpg,위스키
Glen Scotia 12yo,54.7,https://static.whiskybase.com/storage/whiskies/1/9/0979/341465-big.jpg,위스키
Glen Scotia 14yo,52.8,https://static.whiskybase.com/storage/whiskies/1/5/4189/261292-big.jpg,위스키
Glen Scotia 15yo,46,https://static.whiskybase.com/storage/whiskies/6/2/940/108841-big.jpg,위스키
Glen Scotia 18yo,46,https://static.whiskybase.com/storage/whiskies/9/9/817/190822-big.jpg,위스키
Glen Scotia 21yo,46,https://static.whiskybase.com/storage/whiskies/3/8/664/139150-big.jpg,위스키
Glen Scotia 25yo,48.8,https://static.whiskybase.com/storage/whiskies/9/7/183/302714-big.jpg,위스키
Glen Scotia Double Cask,46,https://static.whiskybase.com/storage/whiskies/6/2/939/108840-big.jpg,위스키
Glen Scotia Victoriana,51.5,https://static.whiskybase.com/storage/whiskies/6/2/938/108839-big.jpg,위스키
Glen Spey 12yo (F&F),43,https://static.whiskybase.com/storage/whiskies/2/9/25/189945-big.jpg,위스키
Glenburgie 10yo (Gordon & MacPhail),40,https://static.whiskybase.com/storage/whiskies/3/2/090/93317-big.jpg,위스키
Glencadam 10yo,46,https://static.whiskybase.com/storage/whiskies/4/4/823/300462-big.jpg,위스키
Glencadam 12yo Port Wood Finish,46,https://static.whiskybase.com/storage/whiskies/1/8/251/67484-big.jpg,위스키
Glencadam 14yo Oloroso Sherry Cask Finish,46,https://static.whiskybase.com/storage/whiskies/1/8/252/67485-big.jpg,위스키
Glencadam 15yo,46,https://static.whiskybase.com/storage/whiskies/1/0/477/63033-big.jpg,위스키
Glencadam 21yo,46,https://static.whiskybase.com/storage/whiskies/1/8/253/67486-big.jpg,위스키
Glencadam 25yo,46,https://static.whiskybase.com/storage/whiskies/8/0/075/125661-big.jpg,위스키
Glencadam 30yo,54.4,https://static.whiskybase.com/storage/whiskies/8/1/62/61607-big.jpg,위스키
Glencadam Origin 1825 (NAS),40,https://static.whiskybase.com/storage/whiskies/7/7/704/313757-big.jpg,위스키
Glendalough 13yo Single Malt,46,https://static.whiskybase.com/storage/whiskies/1/0/3715/167209-big.jpg,위스키
Glendalough 7yo Single Malt,46,https://static.whiskybase.com/storage/whiskies/7/0/062/108917-big.jpg,위스키
GlenDronach 12yo Original,43,https://static.whiskybase.com/storage/whiskies/9/0/96/353279-big.jpg,위스키
GlenDronach 12yo Sauternes Cask Finish,46,https://static.whiskybase.com/storage/whiskies/6/1/670/98867-big.jpg,위스키
GlenDronach 14yo Sauternes Cask Finish,46,https://static.whiskybase.com/storage/whiskies/1/7/050/66769-big.jpg,위스키
GlenDronach 14yo Virgin Oak,46,https://static.whiskybase.com/storage/whiskies/1/7/051/66771-big.jpg,위스키
GlenDronach 15yo Revival,46,https://static.whiskybase.com/storage/whiskies/1/2/5130/202098-big.jpg,위스키
GlenDronach 15yo Tawny Port Finish,46,https://static.whiskybase.com/storage/whiskies/2/2/066/88998-big.jpg,위스키
GlenDronach 18yo Allardice,46,https://static.whiskybase.com/storage/whiskies/7/5/65/369890-big.jpg,위스키
GlenDronach 18yo Marsala Finish,46,https://static.whiskybase.com/storage/whiskies/6/4/604/102054-big.jpg,위스키
GlenDronach 18yo Tawny Port Finish,46,https://static.whiskybase.com/storage/whiskies/5/6/847/90854-big.jpg,위스키
GlenDronach 19yo Madeira Finish,46,https://static.whiskybase.com/storage/whiskies/7/4/151/116959-big.jpg,위스키
GlenDronach 21yo Parliament,48,https://static.whiskybase.com/storage/whiskies/5/3/238/84688-big.jpg,위스키
GlenDronach 8yo The Hielan,46,https://static.whiskybase.com/storage/whiskies/6/7/401/107033-big.jpg,위스키
GlenDronach Cask Strength (all batches),57.9,https://static.whiskybase.com/storage/whiskies/1/0/7684/205142-big.jpg,위스키
GlenDronach Cask Strength (batch 1),54.8,https://static.whiskybase.com/storage/whiskies/3/6/056/362951-big.jpg,위스키
GlenDronach Cask Strength (batch 2),55.2,https://static.whiskybase.com/storage/whiskies/4/1/760/78214-big.jpg,위스키
GlenDronach Cask Strength (batch 3),54.9,https://static.whiskybase.com/storage/whiskies/4/6/110/80160-big.jpg,위스키
GlenDronach Cask Strength (batch 4),54.7,https://static.whiskybase.com/storage/whiskies/6/7/372/362954-big.jpg,위스키
GlenDronach Cask Strength (batch 5),55.3,https://static.whiskybase.com/storage/whiskies/7/4/262/116957-big.jpg,위스키
GlenDronach Cask Strength (batch 6),56.1,https://static.whiskybase.com/storage/whiskies/8/9/391/141074-big.jpg,위스키
GlenDronach Cask Strength (batch 7),57.9,https://static.whiskybase.com/storage/whiskies/1/0/7684/205142-big.jpg,위스키
GlenDronach Peated,46,https://static.whiskybase.com/storage/whiskies/7/2/215/116958-big.jpg,위스키
GlenDronach Peated Port Wood,46,https://static.whiskybase.com/storage/whiskies/1/0/3091/166083-big.jpg,위스키
GlenDronach vintage 19yo Single Cask (all vintages),55.4,https://static.whiskybase.com/storage/whiskies/7/2/285/112992-big.jpg,위스키
GlenDronach vintage 20yo Single Cask (all vintages),53.8,https://static.whiskybase.com/storage/whiskies/1/3/6225/231996-big.jpg,위스키
Glenfarclas 105,60,https://static.whiskybase.com/storage/whiskies/3/2/091/80868-big.jpg,위스키
Glenfarclas 10yo,40,https://static.whiskybase.com/storage/whiskies/4/2/69/58691-big.jpg,위스키
Glenfarclas 12yo,43,https://static.whiskybase.com/storage/whiskies/1/4/879/252024-big.jpg,위스키
Glenfarclas 15yo,46,https://static.whiskybase.com/storage/whiskies/1/3/7/176975-big.jpg,위스키
Glenfarclas 17yo,43,https://static.whiskybase.com/storage/whiskies/4/0/14/150784-big.jpg,위스키
"Glenfarclas 1968-2000 54.2% (OB, Old Stock Reserve, Ceramic)",54.2,https://static.whiskybase.com/storage/whiskies/1/1/295/120751-big.jpg,위스키
Glenfarclas 21yo,43,https://static.whiskybase.com/storage/whiskies/1/3/9/54700-big.jpg,위스키
Glenfarclas 25yo,43,https://static.whiskybase.com/storage/whiskies/1/4/0/245742-big.jpg,위스키
Glenfiddich 12yo,40,https://static.whiskybase.com/storage/whiskies/6/0/32/60042-big.jpg,위스키
Glenfiddich 12yo Caoran Reserve,40,https://static.whiskybase.com/storage/whiskies/6/4/96163-big.jpg,위스키
Glenfiddich 14yo Bourbon Barrel Reserve,43,https://static.whiskybase.com/storage/whiskies/1/8/1675/292322-big.jpg,위스키
Glenfiddich 14yo Rich Oak,40,https://static.whiskybase.com/storage/whiskies/1/6/045/97945-big.jpg,위스키
Glenfiddich 15yo Distillery Edition,51,https://static.whiskybase.com/storage/whiskies/6/9/194/224671-big.jpg,위스키
Glenfiddich 15yo Solera,40,https://static.whiskybase.com/storage/whiskies/1/3/6740/236898-big.jpg,위스키
Glenfiddich 18yo,40,https://static.whiskybase.com/storage/whiskies/7/5/104/189572-big.jpg,위스키
Glenfiddich 1963 Original Malt,40,https://static.whiskybase.com/storage/whiskies/7/2/490/191630-big.jpg,위스키
Glenfiddich 19yo Age of Discovery (Bourbon Cask),40,https://static.whiskybase.com/storage/whiskies/2/2/231/69858-big.jpg,위스키
Glenfiddich 19yo Age of Discovery (Madeira Cask),40,https://static.whiskybase.com/storage/whiskies/2/2/231/69858-big.jpg,위스키
Glenfiddich 21yo Gran Reserva,40,https://static.whiskybase.com/storage/whiskies/1/9/7276/349077-big.jpg,위스키
Glenfiddich 26yo Excellence,43,https://static.whiskybase.com/storage/whiskies/5/6/518/89126-big.jpg,위스키
Glenfiddich 30yo,43,https://static.whiskybase.com/storage/whiskies/1/8/934/67920-big.jpg,위스키
Glenfiddich Cask of Dreams,48.8,https://static.whiskybase.com/storage/whiskies/4/0/440/77599-big.jpg,위스키
Glenfiddich Fire & Cane Experimental Series No. 4,43,https://static.whiskybase.com/storage/whiskies/1/1/1092/224557-big.jpg,위스키
Glenfiddich IPA Cask Finish Experimental Series No. 1,43,https://static.whiskybase.com/storage/whiskies/8/6/462/224552-big.jpg,위스키
Glenfiddich Malt Master's Edition,43,https://static.whiskybase.com/storage/whiskies/2/6/010/71494-big.jpg,위스키
Glenfiddich Project XX Experimental Series No. 2,47,https://static.whiskybase.com/storage/whiskies/8/6/461/137155-big.jpg,위스키
Glenfiddich Reserve Cask,40,https://static.whiskybase.com/storage/whiskies/1/0/3172/165462-big.jpg,위스키
Glenfiddich Select Cask,40,https://static.whiskybase.com/storage/whiskies/1/0/0185/160143-big.jpg,위스키
Glenfiddich Snow Phoenix,47.6,https://static.whiskybase.com/storage/whiskies/1/9/148/68059-big.jpg,위스키
Glenfiddich Vintage Cask,40,https://static.whiskybase.com/storage/whiskies/5/1/954/223781-big.jpg,위스키
Glenfiddich Winter Storm 21yo Experimental Series No. 3,43,https://static.whiskybase.com/storage/whiskies/1/1/3307/191517-big.jpg,위스키
Glenglassaugh 26yo,46,https://static.whiskybase.com/storage/whiskies/1/7/620/67122-big.jpg,위스키
Glenglassaugh Evolution,57.2,https://static.whiskybase.com/storage/whiskies/3/6/851/75997-big.jpg,위스키
Glenglassaugh Octaves Classic,44,https://static.whiskybase.com/storage/whiskies/1/1/9220/218212-big.jpg,위스키
Glenglassaugh Octaves Peated,44,https://static.whiskybase.com/storage/whiskies/8/3/659/131003-big.jpg,위스키
Glenglassaugh Revival,46,https://static.whiskybase.com/storage/whiskies/3/1/393/73562-big.jpg,위스키
Glenglassaugh Torfa,50,https://static.whiskybase.com/storage/whiskies/5/3/320/85115-big.jpg,위스키
Glengoyne 10yo,40,https://static.whiskybase.com/storage/whiskies/4/1/660/78173-big.jpg,위스키
Glengoyne 12yo,43,https://static.whiskybase.com/storage/whiskies/3/8/609/108836-big.jpg,위스키
Glengoyne 12yo Cask Strength,57.2,https://static.whiskybase.com/storage/whiskies/1/4/786/65433-big.jpg,위스키
Glengoyne 15yo,43,https://static.whiskybase.com/storage/whiskies/3/8/608/86573-big.jpg,위스키
Glengoyne 17yo,43,https://static.whiskybase.com/storage/whiskies/1/7/3/86406-big.jpg,위스키
Glengoyne 18yo,43,https://static.whiskybase.com/storage/whiskies/3/8/137/108921-big.jpg,위스키
Glengoyne 21yo,43,https://static.whiskybase.com/storage/whiskies/4/1/501/78074-big.jpg,위스키
Glengoyne 25yo,48,https://static.whiskybase.com/storage/whiskies/5/3/814/103234-big.jpg,위스키
Glengoyne 40yo,45.9,https://static.whiskybase.com/storage/whiskies/1/7/747/67173-big.jpg,위스키
Glengoyne Cask Strength (all batches),59.8,https://static.whiskybase.com/storage/whiskies/1/0/9919/185267-big.jpg,위스키
Glengoyne Cask Strength (batch 1),58.7,https://static.whiskybase.com/storage/whiskies/3/9/583/77202-big.jpg,위스키
Glengoyne Cask Strength (batch 2),58.9,https://static.whiskybase.com/storage/whiskies/5/0/913/148191-big.jpg,위스키
Glengoyne Cask Strength (batch 3),58.2,https://static.whiskybase.com/storage/whiskies/5/7/636/92795-big.jpg,위스키
Glengoyne Cask Strength (batch 4),58.8,https://static.whiskybase.com/storage/whiskies/8/0/433/127217-big.jpg,위스키
Glengoyne Cask Strength (batch 5),58.2,https://static.whiskybase.com/storage/whiskies/5/7/636/92795-big.jpg,위스키
Glengoyne Cask Strength (batch 7),58.9,https://static.whiskybase.com/storage/whiskies/1/2/9724/269894-big.jpg,위스키
Glengoyne Teapot Dram (all batches),59.6,https://static.whiskybase.com/storage/whiskies/9/0/312/142667-big.jpg,위스키
Glenkinchie 12yo,43,https://static.whiskybase.com/storage/whiskies/3/6/771/90033-big.jpg,위스키
Glenkinchie Distiller's Edition (all editions),43,https://static.whiskybase.com/storage/whiskies/1/6/6803/286282-big.jpg,위스키
Glenlivet 12yo,48,https://static.whiskybase.com/storage/whiskies/1/7/5817/289258-big.jpg,위스키
Glenlivet 15yo French Oak,40,https://static.whiskybase.com/storage/whiskies/5/1/877/299907-big.jpg,위스키
Glenlivet 18yo,40,https://static.whiskybase.com/storage/whiskies/1/4/5758/269498-big.jpg,위스키
Glenlivet 21yo Archive (all batches),43,https://static.whiskybase.com/storage/whiskies/1/4/7491/249636-big.jpg,위스키
Glenlivet Alpha,50,https://static.whiskybase.com/storage/whiskies/4/1/197/77941-big.jpg,위스키
Glenlivet Captain's Reserve,40,https://static.whiskybase.com/storage/whiskies/1/1/2125/189449-big.jpg,위스키
Glenlivet Cipher,48,https://static.whiskybase.com/storage/whiskies/8/3/312/132261-big.jpg,위스키
Glenlivet Founder's Reserve,40,https://static.whiskybase.com/storage/whiskies/6/4/208/105037-big.jpg,위스키
Glenlivet Nadurra 16yo,54.2,https://static.whiskybase.com/storage/whiskies/1/3/607/64857-big.jpg,위스키
Glenlivet Nadurra Cask Strength (NAS),53,https://static.whiskybase.com/storage/whiskies/2/8/376/72415-big.jpg,위스키
Glenlivet Nadurra First Fill (White Oak),59.1,https://static.whiskybase.com/storage/whiskies/1/0/5525/266069-big.jpg,위스키
Glenlivet Nadurra Oloroso,60.7,https://static.whiskybase.com/storage/whiskies/5/7/396/106344-big.jpg,위스키
Glenlivet Nadurra Peated Cask Finish,61.5,https://static.whiskybase.com/storage/whiskies/7/2/590/117810-big.jpg,위스키
Glenlivet XXV 25yo,43,https://static.whiskybase.com/storage/whiskies/4/2/07/58630-big.jpg,위스키
Glenlossie 10yo (F&F),43,https://static.whiskybase.com/storage/whiskies/1/8/3977/322830-big.jpg,위스키
Glenmorangie 10yo,40,https://static.whiskybase.com/storage/whiskies/6/6/3/166648-big.jpg,위스키
Glenmorangie 18yo,43,https://static.whiskybase.com/storage/whiskies/3/2/29/57777-big.jpg,위스키
Glenmorangie A Midwinter Night's Dram,43,https://static.whiskybase.com/storage/whiskies/7/2/542/112994-big.jpg,위스키
Glenmorangie Astar,52.5,https://static.whiskybase.com/storage/whiskies/9/9/596/165015-big.jpg,위스키
Glenmorangie Bacalta,46,https://static.whiskybase.com/storage/whiskies/9/2/186/143926-big.jpg,위스키
Glenmorangie Companta,46,https://static.whiskybase.com/storage/whiskies/5/0/613/80653-big.jpg,위스키
Glenmorangie Dornoch,43,https://static.whiskybase.com/storage/whiskies/5/9/410/107602-big.jpg,위스키
Glenmorangie Duthac,43,https://static.whiskybase.com/storage/whiskies/1/0/8942/177681-big.jpg,위스키
Glenmorangie Ealanta,46,https://static.whiskybase.com/storage/whiskies/3/9/193/77073-big.jpg,위스키
Glenmorangie Lasanta,43,https://static.whiskybase.com/storage/whiskies/5/6/807/146634-big.jpg,위스키
Glenmorangie Milsean,46,https://static.whiskybase.com/storage/whiskies/7/6/521/119112-big.jpg,위스키
Glenmorangie Nectar d'Or,46,https://static.whiskybase.com/storage/whiskies/6/2/045/106498-big.jpg,위스키
Glenmorangie Quinta Ruban,46,https://static.whiskybase.com/storage/whiskies/1/3/0718/366402-big.jpg,위스키
Glenmorangie Signet,46,https://static.whiskybase.com/storage/whiskies/4/0/67/188364-big.jpg,위스키
Glenmorangie Spios Private Edition No 9,46,https://static.whiskybase.com/storage/whiskies/1/0/6988/174245-big.jpg,위스키
Glenmorangie The Taghta,46,https://static.whiskybase.com/storage/whiskies/5/7/900/90827-big.jpg,위스키
Glenmorangie The Tarlogan,43,https://static.whiskybase.com/storage/whiskies/8/0/832/132775-big.jpg,위스키
Glenmorangie The Tayne,43,https://static.whiskybase.com/storage/whiskies/7/6/523/122564-big.jpg,위스키
Glenmorangie Tusail,46,https://static.whiskybase.com/storage/whiskies/5/8/144/100673-big.jpg,위스키
Glenrothes 10yo,40,https://static.whiskybase.com/storage/whiskies/1/1/8321/317825-big.jpg,위스키
Glenrothes 12yo,40,https://static.whiskybase.com/storage/whiskies/1/1/8320/209267-big.jpg,위스키
Glenrothes 18yo,43,https://static.whiskybase.com/storage/whiskies/1/1/8033/269764-big.jpg,위스키
Glenrothes 25yo,43,https://static.whiskybase.com/storage/whiskies/1/1/7937/200180-big.jpg,위스키
Glenrothes Alba Reserve,40,https://static.whiskybase.com/storage/whiskies/1/1/471/189602-big.jpg,위스키
Glenrothes Bourbon Cask Reserve,40,https://static.whiskybase.com/storage/whiskies/8/2/197/129370-big.jpg,위스키
Glenrothes Elders' Reserve,43,https://static.whiskybase.com/storage/whiskies/4/4/016/86190-big.jpg,위스키
Glenrothes Manse Reserve,43,https://static.whiskybase.com/storage/whiskies/4/4/017/169652-big.jpg,위스키
Glenrothes Minister's Reserve,43,https://static.whiskybase.com/storage/whiskies/4/4/015/86204-big.jpg,위스키
Glenrothes Peated Cask Reserve,40,https://static.whiskybase.com/storage/whiskies/8/1/868/149863-big.jpg,위스키
Glenrothes Robur Reserve,40,https://static.whiskybase.com/storage/whiskies/6/4/60/118338-big.jpg,위스키
Glenrothes Select Reserve,43,https://static.whiskybase.com/storage/whiskies/1/7/785/189599-big.jpg,위스키
Glenrothes Sherry Cask Reserve,40,https://static.whiskybase.com/storage/whiskies/5/5/208/100242-big.jpg,위스키
Glenrothes Vintage 1995 (all bottlings),43,https://static.whiskybase.com/storage/whiskies/3/9/054/77011-big.jpg,위스키
Glenrothes Vintage 1998 (2014),43,https://static.whiskybase.com/storage/whiskies/2/7/990/72290-big.jpg,위스키
Glenrothes Vintage 2001 (all bottlings),60.6,https://static.whiskybase.com/storage/whiskies/2/7/344/95411-big.jpg,위스키
Glenrothes Vintage Reserve (NAS),40,https://static.whiskybase.com/storage/whiskies/9/1/271/163965-big.jpg,위스키
Glenrothes Whisky Maker's Cut,48.8,https://static.whiskybase.com/storage/whiskies/1/1/7703/197207-big.jpg,위스키
Glentauchers 1991 18yo (Gordon & MacPhail),43,https://static.whiskybase.com/storage/whiskies/4/5/053/80474-big.jpg,위스키
Glenturret 10yo,50,https://static.whiskybase.com/storage/whiskies/1/6/5619/315020-big.jpg,위스키
Gouden Carolus Single Malt,46,https://static.whiskybase.com/storage/whiskies/1/1/6963/195678-big.jpg,위스키
Green Spot,40,https://static.whiskybase.com/storage/whiskies/3/1/215/311280-big.jpg,위스키
Green Spot Chateau Leoville Barton,46,https://static.whiskybase.com/storage/whiskies/6/8/938/108612-big.jpg,위스키
Green Spot Chateau Montelena,46,https://static.whiskybase.com/storage/whiskies/1/0/1694/255493-big.jpg,위스키
Hakushu 10yo,46,https://static.whiskybase.com/storage/whiskies/1/2/5943/212089-big.jpg,위스키
Hakushu 12yo,43,https://static.whiskybase.com/storage/whiskies/3/7/557/278181-big.jpg,위스키
Hakushu 18yo,43,https://static.whiskybase.com/storage/whiskies/6/0/135/278437-big.jpg,위스키
Hakushu Distiller's Reserve,43,https://static.whiskybase.com/storage/whiskies/5/2/853/227825-big.jpg,위스키
Hakushu NAS,43,https://static.whiskybase.com/storage/whiskies/5/4/951/252111-big.jpg,위스키
Hakushu Sherry Cask,48,https://static.whiskybase.com/storage/whiskies/5/1/424/82406-big.jpg,위스키
Hakushu Single Malt Heavily Peated,48,https://static.whiskybase.com/storage/whiskies/1/8/829/67858-big.jpg,위스키
Hazelburn 12yo (Springbank),46,https://static.whiskybase.com/storage/whiskies/1/0/381/88999-big.jpg,위스키
Hazelburn 8yo (Springbank),46,https://static.whiskybase.com/storage/whiskies/5/2/8/55148-big.jpg,위스키
Hibiki 12yo,43,https://static.whiskybase.com/storage/whiskies/4/3/066/78876-big.jpg,위스키
Hibiki 17yo,43,https://static.whiskybase.com/storage/whiskies/2/6/772/281683-big.jpg,위스키
Hibiki 21yo,43,https://static.whiskybase.com/storage/whiskies/6/8/490/239730-big.jpg,위스키
Hibiki Harmony,43,https://static.whiskybase.com/storage/whiskies/6/6/259/188469-big.jpg,위스키
Hibiki Harmony Master's Select,43,https://static.whiskybase.com/storage/whiskies/7/4/547/188470-big.jpg,위스키
High Coast (Box) Dalvve,46,https://static.whiskybase.com/storage/whiskies/1/9/1447/345164-big.jpg,위스키
High Coast (Box) Dalvve Sherry Influence,48,https://static.whiskybase.com/storage/whiskies/1/2/1016/206476-big.jpg,위스키
High Coast (Box) Early Days (batches 01/02),51.2,https://static.whiskybase.com/storage/whiskies/7/7/428/126273-big.jpg,위스키
High Coast (Box) Hav,48,https://static.whiskybase.com/storage/whiskies/1/3/3062/315997-big.jpg,위스키
High Coast (Box) PX - Pedro Ximenez Finish,56.7,https://static.whiskybase.com/storage/whiskies/9/2/162/160924-big.jpg,위스키
High Coast (Box) Quercus I Robur,50.8,https://static.whiskybase.com/storage/whiskies/1/0/3351/252884-big.jpg,위스키
High Coast (Box) Quercus III Petraea,50.8,https://static.whiskybase.com/storage/whiskies/1/2/3286/317733-big.jpg,위스키
High Coast (Box) Quercus IV Mongolica,50.8,https://static.whiskybase.com/storage/whiskies/1/3/9714/318489-big.jpg,위스키
High Coast (Box) The 2nd Step Collection 02,51.2,https://static.whiskybase.com/storage/whiskies/8/6/689/137904-big.jpg,위스키
High Coast (Box) The 2nd Step Collection 03,51.3,https://static.whiskybase.com/storage/whiskies/9/4/775/228644-big.jpg,위스키
High Coast (Box) The Festival 2014,53.5,https://static.whiskybase.com/storage/whiskies/1/4/6454/252879-big.jpg,위스키
High Coast (Box) The Festival 2016,53.9,https://static.whiskybase.com/storage/whiskies/8/7/833/138995-big.jpg,위스키
High Coast (Box) The Messenger,48.4,https://static.whiskybase.com/storage/whiskies/7/5/217/117511-big.jpg,위스키
Highland Park 10yo (all reviews),40,https://static.whiskybase.com/storage/whiskies/9/6/408/150433-big.jpg,위스키
Highland Park 10yo Viking Scars,40,https://static.whiskybase.com/storage/whiskies/9/6/408/150433-big.jpg,위스키
Highland Park 12yo (all reviews),40,https://static.whiskybase.com/storage/whiskies/9/6/755/193977-big.jpg,위스키
Highland Park 12yo (reviews 2014-2017),63.1,https://static.whiskybase.com/storage/whiskies/1/2/0097/201197-big.jpg,위스키
Highland Park 12yo (reviews pre-2014),40,https://static.whiskybase.com/storage/whiskies/5/7/744/90367-big.jpg,위스키
Highland Park 12yo Saint Magnus,55,https://static.whiskybase.com/storage/whiskies/1/7/759/67178-big.jpg,위스키
Highland Park 12yo Viking Honour (post-2017),40,https://static.whiskybase.com/storage/whiskies/1/5/0115/254230-big.jpg,위스키
Highland Park 15yo,44,https://static.whiskybase.com/storage/whiskies/1/9/2350/337992-big.jpg,위스키
Highland Park 15yo Fire,45.2,https://static.whiskybase.com/storage/whiskies/8/8/712/140475-big.jpg,위스키
Highland Park 15yo Freya,51.2,https://static.whiskybase.com/storage/whiskies/5/1/890/84282-big.jpg,위스키
Highland Park 15yo Loki,48.7,https://static.whiskybase.com/storage/whiskies/5/3/666/91033-big.jpg,위스키
Highland Park 16yo Odin,55.8,https://static.whiskybase.com/storage/whiskies/6/3/388/105271-big.jpg,위스키
Highland Park 16yo Thor,55.8,https://static.whiskybase.com/storage/whiskies/6/3/388/105271-big.jpg,위스키
Highland Park 17yo Ice,53.9,https://static.whiskybase.com/storage/whiskies/7/8/565/193731-big.jpg,위스키
Highland Park 17yo The Dark,52.9,https://static.whiskybase.com/storage/whiskies/1/0/0189/166712-big.jpg,위스키
Highland Park 17yo The Light,52.9,https://static.whiskybase.com/storage/whiskies/1/0/0188/184689-big.jpg,위스키
Highland Park 18yo,43,https://static.whiskybase.com/storage/whiskies/9/9/591/217479-big.jpg,위스키
Highland Park 21yo,47.5,https://static.whiskybase.com/storage/whiskies/6/9/186/187869-big.jpg,위스키
Highland Park 30yo,48.1,https://static.whiskybase.com/storage/whiskies/3/1/7/217305-big.jpg,위스키
Highland Park Dark Origins,46.8,https://static.whiskybase.com/storage/whiskies/5/6/087/315898-big.jpg,위스키
Highland Park Einar,40,https://static.whiskybase.com/storage/whiskies/4/1/069/77878-big.jpg,위스키
Highland Park Full Volume,47.2,https://static.whiskybase.com/storage/whiskies/1/0/1678/162731-big.jpg,위스키
Highland Park Harald,40,https://static.whiskybase.com/storage/whiskies/4/1/070/77879-big.jpg,위스키
Highland Park Magnus (2017),40,https://static.whiskybase.com/storage/whiskies/1/0/0139/203828-big.jpg,위스키
Highland Park Sigurd,43,https://static.whiskybase.com/storage/whiskies/4/5/068/96771-big.jpg,위스키
Highland Park Svein,40,https://static.whiskybase.com/storage/whiskies/4/1/071/248509-big.jpg,위스키
Highland Park Valknut,46.8,https://static.whiskybase.com/storage/whiskies/1/1/5869/192330-big.jpg,위스키
Highland Park Valkyrie,45.9,https://static.whiskybase.com/storage/whiskies/9/4/486/150432-big.jpg,위스키
Ichiro's Malt Chichibu On The Way,51.5,https://static.whiskybase.com/storage/whiskies/1/3/9578/264403-big.jpg,위스키
Ichiro's Malt Chichibu The First,61.8,https://static.whiskybase.com/storage/whiskies/3/0/036/72976-big.jpg,위스키
Ichiro's Malt Chichibu The Floor Malted,58.5,https://static.whiskybase.com/storage/whiskies/9/1/932/180664-big.jpg,위스키
Ichiro's Malt Chichibu The Peated,53.5,https://static.whiskybase.com/storage/whiskies/2/0/6450/366095-big.jpg,위스키
Ichiro's Malt Double Distilleries,46,https://static.whiskybase.com/storage/whiskies/1/9/268/91809-big.jpg,위스키
Ichiro's Malt Mizunara Wood Reserve (MWR),46,https://static.whiskybase.com/storage/whiskies/4/6/860/80334-big.jpg,위스키
Ichiro's Malt The Joker,57.7,https://static.whiskybase.com/storage/whiskies/5/3/928/85548-big.jpg,위스키
Ileach Peated Islay,40,https://static.whiskybase.com/storage/whiskies/4/6/486/174664-big.jpg,위스키
Ileach Peated Islay Cask Strength,58,https://static.whiskybase.com/storage/whiskies/5/2/054/92796-big.jpg,위스키
Inchgower 14yo (F&F),43,https://static.whiskybase.com/storage/whiskies/1/8/3009/322831-big.jpg,위스키
Jura 10yo Origin,43,https://static.whiskybase.com/storage/whiskies/7/5/899/119398-big.jpg,위스키
Jura 12yo Elixir,46,https://static.whiskybase.com/storage/whiskies/3/1/401/73566-big.jpg,위스키
Jura 16yo,40,https://static.whiskybase.com/storage/whiskies/4/4/240/79479-big.jpg,위스키
Jura 16yo Diurach's Own,40,https://static.whiskybase.com/storage/whiskies/4/4/240/79479-big.jpg,위스키
Jura 18yo,44,https://static.whiskybase.com/storage/whiskies/1/1/1950/185881-big.jpg,위스키
Jura 21yo,44,https://static.whiskybase.com/storage/whiskies/3/6/382/223702-big.jpg,위스키
Jura 21yo 200th Anniversary,44,https://static.whiskybase.com/storage/whiskies/1/9/155/68065-big.jpg,위스키
Jura Brooklyn,42,https://static.whiskybase.com/storage/whiskies/1/3/6163/370916-big.jpg,위스키
Jura Prophecy,46,https://static.whiskybase.com/storage/whiskies/5/3/246/223109-big.jpg,위스키
Jura Seven Wood,42,https://static.whiskybase.com/storage/whiskies/1/1/1784/187890-big.jpg,위스키
Jura Superstition,43,https://static.whiskybase.com/storage/whiskies/4/4/883/79799-big.jpg,위스키
Jura Turas Mara,42,https://static.whiskybase.com/storage/whiskies/4/1/072/77881-big.jpg,위스키
Kanosuke New Born 2018 8mo,58,https://static.whiskybase.com/storage/whiskies/1/7/1407/293428-big.jpg,위스키
Karuizawa 1990 Sherry Butt,60,https://static.whiskybase.com/storage/whiskies/1/3/883/64987-big.jpg,위스키
Karuizawa Asama Vintages 1999-2000,46,https://static.whiskybase.com/storage/whiskies/8/6/372/108395-big.jpg,위스키
Kavalan Brandy Oak,54,https://static.whiskybase.com/storage/whiskies/8/4/414/135121-big.jpg,위스키
Kavalan Concertmaster Port Cask,40,https://static.whiskybase.com/storage/whiskies/1/6/810/66638-big.jpg,위스키
Kavalan Distillery Reserve Peaty Cask,53.2,https://static.whiskybase.com/storage/whiskies/9/6/954/155527-big.jpg,위스키
Kavalan Distillery Reserve Rum Cask,59.4,https://static.whiskybase.com/storage/whiskies/9/6/955/155528-big.jpg,위스키
Kavalan ex-Bourbon Oak,46,https://static.whiskybase.com/storage/whiskies/3/9/836/77315-big.jpg,위스키
Kavalan King Car Conductor,46,https://static.whiskybase.com/storage/whiskies/4/3/847/254739-big.jpg,위스키
Kavalan Podium,46,https://static.whiskybase.com/storage/whiskies/3/9/835/77314-big.jpg,위스키
Kavalan Sherry Oak,46,https://static.whiskybase.com/storage/whiskies/3/9/837/105348-big.jpg,위스키
Kavalan Single Malt Whisky,40,https://static.whiskybase.com/storage/whiskies/1/8/006/109396-big.jpg,위스키
Kavalan Solist Amontillado Cask,56.3,https://static.whiskybase.com/storage/whiskies/8/6/211/136970-big.jpg,위스키
Kavalan Solist Ex-Bourbon,54.8,https://static.whiskybase.com/storage/whiskies/6/4/403/100847-big.jpg,위스키
Kavalan Solist Fino Sherry Cask,58.1,https://static.whiskybase.com/storage/whiskies/3/4/523/74940-big.jpg,위스키
Kavalan Solist Manzanilla Cask,55.6,https://static.whiskybase.com/storage/whiskies/9/1/413/145317-big.jpg,위스키
Kavalan Solist Moscatel Cask,57.1,https://static.whiskybase.com/storage/whiskies/8/7/229/137051-big.jpg,위스키
Kavalan Solist Oloroso Sherry Cask,59.4,https://static.whiskybase.com/storage/whiskies/1/2/5388/212506-big.jpg,위스키
Kavalan Solist Peaty Cask,52.4,https://static.whiskybase.com/storage/whiskies/8/2/306/133530-big.jpg,위스키
Kavalan Solist Port Cask,58.6,https://static.whiskybase.com/storage/whiskies/8/4/831/144314-big.jpg,위스키
Kavalan Solist PX Cask,55.6,https://static.whiskybase.com/storage/whiskies/8/7/138/137023-big.jpg,위스키
Kavalan Solist Rum Cask,56.3,https://static.whiskybase.com/storage/whiskies/1/4/4768/243922-big.jpg,위스키
Kavalan Solist Sherry Cask,58.6,https://static.whiskybase.com/storage/whiskies/4/1/530/78092-big.jpg,위스키
Kavalan Solist Vinho Barrique,59.2,https://static.whiskybase.com/storage/whiskies/4/2/585/78679-big.jpg,위스키
Kilbeggan Irish Reserve Malt Whiskey,40,https://static.whiskybase.com/storage/whiskies/5/1/970/74914-big.jpg,위스키
Kilchoman 100% Islay (all editions),50,https://static.whiskybase.com/storage/whiskies/1/9/1490/337398-big.jpg,위스키
Kilchoman 2007 Vintage,46,https://static.whiskybase.com/storage/whiskies/5/0/496/80494-big.jpg,위스키
Kilchoman 2008 Vintage,46,https://static.whiskybase.com/storage/whiskies/7/1/846/211775-big.jpg,위스키
Kilchoman 2009 Vintage,46,https://static.whiskybase.com/storage/whiskies/1/0/0607/187402-big.jpg,위스키
Kilchoman Bourbon Single Cask,58.2,https://static.whiskybase.com/storage/whiskies/6/8/313/108935-big.jpg,위스키
Kilchoman Coull Point,46,https://static.whiskybase.com/storage/whiskies/4/5/101/79860-big.jpg,위스키
Kilchoman Loch Gorm,46,https://static.whiskybase.com/storage/whiskies/1/7/9549/315567-big.jpg,위스키
Kilchoman Machir Bay (all vintages),46,https://static.whiskybase.com/storage/whiskies/8/6/456/135579-big.jpg,위스키
Kilchoman Madeira Cask Matured,50,https://static.whiskybase.com/storage/whiskies/1/9/3355/361003-big.jpg,위스키
Kilchoman Original Cask Strength,56.9,https://static.whiskybase.com/storage/whiskies/8/7/160/136670-big.jpg,위스키
Kilchoman Port Cask Matured,50,https://static.whiskybase.com/storage/whiskies/1/1/6625/194046-big.jpg,위스키
Kilchoman PX Sherry Finish,47.3,https://static.whiskybase.com/storage/whiskies/1/7/9346/320622-big.jpg,위스키
Kilchoman Sanaig,46,https://static.whiskybase.com/storage/whiskies/1/4/9032/308372-big.jpg,위스키
Kilchoman Sauternes Cask Matured,50,https://static.whiskybase.com/storage/whiskies/1/1/8299/233392-big.jpg,위스키
Kilchoman Sherry Single Cask,46,https://static.whiskybase.com/storage/whiskies/3/1/694/73703-big.jpg,위스키
Kilchoman Spring 2011 Release,46,https://static.whiskybase.com/storage/whiskies/2/1/647/69462-big.jpg,위스키
Kilchoman Winter 2010 Release,46,https://static.whiskybase.com/storage/whiskies/1/9/231/68117-big.jpg,위스키
Kilkerran 12yo,46,https://static.whiskybase.com/storage/whiskies/8/5/213/135252-big.jpg,위스키
Kilkerran 8yo Cask Strength,56.9,https://static.whiskybase.com/storage/whiskies/1/7/6854/310933-big.jpg,위스키
Kilkerran Work in Progress,54.1,https://static.whiskybase.com/storage/whiskies/6/7/379/339848-big.jpg,위스키
Kilkerran Work in Progress Bourbon Wood,54.1,https://static.whiskybase.com/storage/whiskies/6/7/379/339848-big.jpg,위스키
Kilkerran Work in Progress Sherry Wood,46,https://static.whiskybase.com/storage/whiskies/6/7/378/109157-big.jpg,위스키
Kininvie 17yo (all batches),42.6,https://static.whiskybase.com/storage/whiskies/7/8/367/121156-big.jpg,위스키
Kininvie 23yo (all batches),42.6,https://static.whiskybase.com/storage/whiskies/5/6/361/89212-big.jpg,위스키
Kirin 18yo (Fuji Sanroku),43,https://static.whiskybase.com/storage/whiskies/8/1/297/126849-big.jpg,위스키
Knappogue Castle 12yo,40,https://static.whiskybase.com/storage/whiskies/8/3/405/138957-big.jpg,위스키
Knappogue Castle 14yo Twin Wood,46,https://static.whiskybase.com/storage/whiskies/8/6/982/136065-big.jpg,위스키
Knappogue Castle 16yo Twin Wood,40,https://static.whiskybase.com/storage/whiskies/5/9/333/102053-big.jpg,위스키
Knappogue Castle Vintage,46,https://static.whiskybase.com/storage/whiskies/7/4/697/116941-big.jpg,위스키
Knockando 12yo (All Vintages),43,https://static.whiskybase.com/storage/whiskies/1/0/2384/170696-big.jpg,위스키
Lagavulin 11yo Offerman Edition,46,https://static.whiskybase.com/storage/whiskies/1/4/1061/236813-big.jpg,위스키
Lagavulin 12yo Cask Strength,57.8,https://static.whiskybase.com/storage/whiskies/1/1/6918/234048-big.jpg,위스키
Lagavulin 16yo,43,https://static.whiskybase.com/storage/whiskies/5/1/469/171407-big.jpg,위스키
Lagavulin 8yo,48,https://static.whiskybase.com/storage/whiskies/7/8/627/352625-big.jpg,위스키
Lagavulin Distiller's Edition (All Vintages),43,https://static.whiskybase.com/storage/whiskies/4/4/914/339002-big.jpg,위스키
Laphroaig 10yo,40,https://static.whiskybase.com/storage/whiskies/4/2/885/120793-big.jpg,위스키
Laphroaig 10yo Cask Strength (all batches),58,https://static.whiskybase.com/storage/whiskies/1/1/1750/186823-big.jpg,위스키
Laphroaig 15yo (200th Anniversary),43,https://static.whiskybase.com/storage/whiskies/6/5/104/107031-big.jpg,위스키
Laphroaig 18yo,48,https://static.whiskybase.com/storage/whiskies/4/2/886/84001-big.jpg,위스키
Laphroaig 21yo,48.4,https://static.whiskybase.com/storage/whiskies/7/0/596/110096-big.jpg,위스키
Laphroaig 25yo,52,https://static.whiskybase.com/storage/whiskies/1/1/8318/301597-big.jpg,위스키
Laphroaig An Cuan Mor,48,https://static.whiskybase.com/storage/whiskies/4/4/586/80968-big.jpg,위스키
Laphroaig Cairdeas 2013 Port Wood,51.3,https://static.whiskybase.com/storage/whiskies/4/2/294/78506-big.jpg,위스키
Laphroaig Cairdeas 2014 Amontillado,51.4,https://static.whiskybase.com/storage/whiskies/5/5/225/87153-big.jpg,위스키
Laphroaig Cairdeas 2015,51.5,https://static.whiskybase.com/storage/whiskies/6/8/586/276305-big.jpg,위스키
Laphroaig Cairdeas 2016 Madeira,51.6,https://static.whiskybase.com/storage/whiskies/8/0/084/130418-big.jpg,위스키
Laphroaig Cairdeas 2017,57.2,https://static.whiskybase.com/storage/whiskies/9/6/855/151592-big.jpg,위스키
Laphroaig Cairdeas 2018 Fino,51.8,https://static.whiskybase.com/storage/whiskies/1/1/3099/188463-big.jpg,위스키
Laphroaig Cairdeas 2019 Triple Wood Cask Strength,59.5,https://static.whiskybase.com/storage/whiskies/1/3/1564/222751-big.jpg,위스키
Laphroaig Cairdeas 2020 Port & Wine Casks,52,https://static.whiskybase.com/storage/whiskies/1/7/6213/268246-big.jpg,위스키
Laphroaig Lore,48,https://static.whiskybase.com/storage/whiskies/9/3/018/148569-big.jpg,위스키
Laphroaig PX Triple Matured,48,https://static.whiskybase.com/storage/whiskies/4/2/547/82230-big.jpg,위스키
Laphroaig QA Cask,40,https://static.whiskybase.com/storage/whiskies/4/1/398/80969-big.jpg,위스키
Laphroaig Quarter Cask,48,https://static.whiskybase.com/storage/whiskies/4/2/887/240151-big.jpg,위스키
Laphroaig Select,40,https://static.whiskybase.com/storage/whiskies/5/4/930/87550-big.jpg,위스키
Laphroaig Triple Wood,48,https://static.whiskybase.com/storage/whiskies/5/6/046/87918-big.jpg,위스키
Ledaig 10yo,46.3,https://static.whiskybase.com/storage/whiskies/1/8/211/67453-big.jpg,위스키
Ledaig 13yo Amontillado Cask Finish,59.2,https://static.whiskybase.com/storage/whiskies/1/0/4898/168994-big.jpg,위스키
Ledaig 18yo,46.3,https://static.whiskybase.com/storage/whiskies/1/4/6901/334219-big.jpg,위스키
Ledaig 1996,46.3,https://static.whiskybase.com/storage/whiskies/7/9/371/122195-big.jpg,위스키
Ledaig 19yo 1998 Pedro Ximenez Finish,55.7,https://static.whiskybase.com/storage/whiskies/1/1/9685/199453-big.jpg,위스키
Ledaig 19yo Marsala Finish,51,https://static.whiskybase.com/storage/whiskies/9/2/502/146639-big.jpg,위스키
Ledaig 42yo,46.7,https://static.whiskybase.com/storage/whiskies/6/5/422/110416-big.jpg,위스키
Linkwood 12yo (F&F),40,https://static.whiskybase.com/storage/whiskies/3/4/732/335216-big.jpg,위스키
Lismore 21yo,43,https://static.whiskybase.com/storage/whiskies/8/9/688/169437-big.jpg,위스키
Loch Lomond NAS,40,https://static.whiskybase.com/storage/whiskies/1/8/012/170559-big.jpg,위스키
Lohin McKinnon Choclolate Malt,43,https://static.whiskybase.com/storage/whiskies/9/3/664/239828-big.jpg,위스키
Lohin McKinnon Peated,43,https://static.whiskybase.com/storage/whiskies/1/4/1241/236861-big.jpg,위스키
Lohin McKinnon Single Malt,43,https://static.whiskybase.com/storage/whiskies/9/3/664/239828-big.jpg,위스키
Lohin McKinnon Wine Barrel Finished (Black Sage),43,https://static.whiskybase.com/storage/whiskies/9/3/664/239828-big.jpg,위스키
Longmorn 15yo,45,https://static.whiskybase.com/storage/whiskies/5/1/1/55123-big.jpg,위스키
Longmorn 16yo,48,https://static.whiskybase.com/storage/whiskies/6/1/7/227449-big.jpg,위스키
Longmorn Distiller's Choice,40,https://static.whiskybase.com/storage/whiskies/7/6/144/128652-big.jpg,위스키
Longrow 10yo,53.7,https://static.whiskybase.com/storage/whiskies/1/6/6903/287322-big.jpg,위스키
Longrow 10yo Tokaji Finish,55.6,https://static.whiskybase.com/storage/whiskies/5/2/9/55150-big.jpg,위스키
Longrow 18yo,46,https://static.whiskybase.com/storage/whiskies/1/6/5507/281893-big.jpg,위스키
Longrow 7yo Gaja Barolo Finish,55.8,https://static.whiskybase.com/storage/whiskies/1/9/10/56531-big.jpg,위스키
Longrow CV,46,https://static.whiskybase.com/storage/whiskies/2/3/55/56990-big.jpg,위스키
Longrow Peated,46,https://static.whiskybase.com/storage/whiskies/3/5/057/181044-big.jpg,위스키
Longrow Red 11yo Australian Shiraz,53.1,https://static.whiskybase.com/storage/whiskies/1/2/5394/215129-big.jpg,위스키
Longrow Red 11yo Cabernet Sauvignon,55.9,https://static.whiskybase.com/storage/whiskies/1/0/5649/176951-big.jpg,위스키
Longrow Red 11yo Port Cask,51.8,https://static.whiskybase.com/storage/whiskies/5/7/595/91112-big.jpg,위스키
Longrow Red 12yo Pinot Noir Finish,52.9,https://static.whiskybase.com/storage/whiskies/7/1/395/116426-big.jpg,위스키
Longrow Red 14yo Burgundy Wood,57.8,https://static.whiskybase.com/storage/whiskies/1/1/3732/216043-big.jpg,위스키
Macallan 10yo Fine Oak,40,https://static.whiskybase.com/storage/whiskies/2/9/458/222383-big.jpg,위스키
"Macallan 10yo Full Proof 57% 1980 (OB, Giovinetti & Figli)",57,https://static.whiskybase.com/storage/whiskies/8/6/27/98145-big.jpg,위스키
Macallan 10yo Sherry Oak,40,https://static.whiskybase.com/storage/whiskies/6/6/7/55302-big.jpg,위스키
Macallan 10yo Sherry Oak Cask Strength,58.6,https://static.whiskybase.com/storage/whiskies/2/0/90/338371-big.jpg,위스키
Macallan 12yo Double Cask,40,https://static.whiskybase.com/storage/whiskies/1/0/6238/136484-big.jpg,위스키
Macallan 12yo Fine Oak,40,https://static.whiskybase.com/storage/whiskies/1/2/841/244819-big.jpg,위스키
Macallan 12yo Sherry Oak,40,https://static.whiskybase.com/storage/whiskies/1/1/5/231474-big.jpg,위스키
Macallan 15yo Fine Oak,43,https://static.whiskybase.com/storage/whiskies/1/9/135/68051-big.jpg,위스키
Macallan 17yo Fine Oak,43,https://static.whiskybase.com/storage/whiskies/3/7/786/130142-big.jpg,위스키
Macallan 18yo Fine Oak,43,https://static.whiskybase.com/storage/whiskies/1/5/267/86075-big.jpg,위스키
Macallan 18yo Sherry Oak,43,https://static.whiskybase.com/storage/whiskies/1/5/8760/279059-big.jpg,위스키
Macallan 21yo Fine Oak,43,https://static.whiskybase.com/storage/whiskies/2/6/812/71843-big.jpg,위스키
Macallan 25yo Fine Oak,43,https://static.whiskybase.com/storage/whiskies/4/5/8/55066-big.jpg,위스키
Macallan 25yo Sherry Oak,43,https://static.whiskybase.com/storage/whiskies/2/1/775/69523-big.jpg,위스키
Macallan 30yo Fine Oak,43,https://static.whiskybase.com/storage/whiskies/5/3/762/87567-big.jpg,위스키
Macallan Amber,40,https://static.whiskybase.com/storage/whiskies/4/1/335/77987-big.jpg,위스키
Macallan Cask Strength,60.1,https://static.whiskybase.com/storage/whiskies/3/9/477/77160-big.jpg,위스키
Macallan Classic Cut (all editions),51,https://static.whiskybase.com/storage/whiskies/1/8/7442/329955-big.jpg,위스키
Macallan Edition No. 1,48,https://static.whiskybase.com/storage/whiskies/7/8/029/122378-big.jpg,위스키
Macallan Edition No. 2,48.2,https://static.whiskybase.com/storage/whiskies/8/5/906/137156-big.jpg,위스키
Macallan Edition No. 3,48.3,https://static.whiskybase.com/storage/whiskies/1/0/1751/166229-big.jpg,위스키
Macallan Edition No. 4,48.4,https://static.whiskybase.com/storage/whiskies/1/1/2672/190164-big.jpg,위스키
Macallan Edition No. 5,48.5,https://static.whiskybase.com/storage/whiskies/1/3/8533/236970-big.jpg,위스키
Macallan Edition No. 6,48.6,https://static.whiskybase.com/storage/whiskies/1/5/9712/282312-big.jpg,위스키
Macallan Gold,40,https://static.whiskybase.com/storage/whiskies/3/5/618/75425-big.jpg,위스키
Macallan Gold Double Cask,40,https://static.whiskybase.com/storage/whiskies/1/1/2134/191386-big.jpg,위스키
Macallan Rare Cask (all batches),43,https://static.whiskybase.com/storage/whiskies/1/1/7795/197060-big.jpg,위스키
Macallan Reflexion,43,https://static.whiskybase.com/storage/whiskies/6/2/608/98917-big.jpg,위스키
Macallan Ruby,43,https://static.whiskybase.com/storage/whiskies/4/1/337/77989-big.jpg,위스키
Macallan Select Oak,40,https://static.whiskybase.com/storage/whiskies/1/0/384/321665-big.jpg,위스키
Macallan Sienna,43,https://static.whiskybase.com/storage/whiskies/4/1/336/77988-big.jpg,위스키
Macallan Whisky Maker's Edition,42.8,https://static.whiskybase.com/storage/whiskies/7/1/459/122193-big.jpg,위스키
Mackinlay's Shackleton Blended Malt,40,https://static.whiskybase.com/storage/whiskies/9/5/814/224921-big.jpg,위스키
Mackinlay's Shackleton Rare Old Highland Malt (both limited editions),47.3,https://static.whiskybase.com/storage/whiskies/2/3/339/132740-big.jpg,위스키
Mackinlay's Shackleton Rare Old Highland Malt Discovery edition,47.3,https://static.whiskybase.com/storage/whiskies/2/3/339/132740-big.jpg,위스키
Mackinlay's Shackleton Rare Old Highland Malt Journey edition,47.3,https://static.whiskybase.com/storage/whiskies/4/2/359/98681-big.jpg,위스키
Mackmyra Blomstertid,46.1,https://static.whiskybase.com/storage/whiskies/8/0/428/123446-big.jpg,위스키
Mackmyra Iskristall,46.1,https://static.whiskybase.com/storage/whiskies/5/9/511/97042-big.jpg,위스키
Mackmyra Mack,40,https://static.whiskybase.com/storage/whiskies/7/2/465/112420-big.jpg,위스키
Mackmyra Midnattssol,46.1,https://static.whiskybase.com/storage/whiskies/5/4/478/86560-big.jpg,위스키
Mackmyra Midvinter,46.1,https://static.whiskybase.com/storage/whiskies/4/5/702/80374-big.jpg,위스키
Mackmyra Moment Gl철d,51.2,https://static.whiskybase.com/storage/whiskies/3/8/377/76719-big.jpg,위스키
Mackmyra Moment Jakt,48.1,https://static.whiskybase.com/storage/whiskies/8/6/571/140876-big.jpg,위스키
Mackmyra Moment Jord,55.1,https://static.whiskybase.com/storage/whiskies/2/4/961/71024-big.jpg,위스키
Mackmyra Moment Korsbar,47,https://static.whiskybase.com/storage/whiskies/1/0/0009/165088-big.jpg,위스키
Mackmyra Moment K채lla,53.4,https://static.whiskybase.com/storage/whiskies/3/8/376/76718-big.jpg,위스키
Mackmyra Moment Malstr철m (Maelstrom),46.4,https://static.whiskybase.com/storage/whiskies/5/5/780/97044-big.jpg,위스키
Mackmyra Moment Rimfrost,53.2,https://static.whiskybase.com/storage/whiskies/2/7/874/72228-big.jpg,위스키
Mackmyra Moment Solsken,52.6,https://static.whiskybase.com/storage/whiskies/3/3/033/74301-big.jpg,위스키
Mackmyra Moment Urberg,55.6,https://static.whiskybase.com/storage/whiskies/2/4/959/81271-big.jpg,위스키
Mackmyra Preludium 03,52.2,https://static.whiskybase.com/storage/whiskies/1/5/097/260791-big.jpg,위스키
Mackmyra Reserve Single Cask (various casks),60.6,https://static.whiskybase.com/storage/whiskies/2/0/3956/356718-big.jpg,위스키
Mackmyra Skordetid,46.1,https://static.whiskybase.com/storage/whiskies/1/0/1336/165070-big.jpg,위스키
Mackmyra Special 01,51.6,https://static.whiskybase.com/storage/whiskies/1/5/107/65623-big.jpg,위스키
Mackmyra Special 02,50.6,https://static.whiskybase.com/storage/whiskies/1/5/109/65625-big.jpg,위스키
Mackmyra Special 03,48.2,https://static.whiskybase.com/storage/whiskies/1/5/106/65622-big.jpg,위스키
Mackmyra Special 04,53,https://static.whiskybase.com/storage/whiskies/1/6/275/66346-big.jpg,위스키
Mackmyra Special 05,47.2,https://static.whiskybase.com/storage/whiskies/1/9/802/68440-big.jpg,위스키
Mackmyra Special 07,45.8,https://static.whiskybase.com/storage/whiskies/2/7/873/72227-big.jpg,위스키
Mackmyra Special 08,46,https://static.whiskybase.com/storage/whiskies/3/2/521/74080-big.jpg,위스키
Mackmyra Special 09,46.1,https://static.whiskybase.com/storage/whiskies/3/7/023/76058-big.jpg,위스키
Mackmyra Special 10,46.1,https://static.whiskybase.com/storage/whiskies/4/1/904/78300-big.jpg,위스키
Mackmyra Svensk Ek,46.1,https://static.whiskybase.com/storage/whiskies/6/7/266/104641-big.jpg,위스키
Mackmyra Svensk R철k,46.1,https://static.whiskybase.com/storage/whiskies/4/3/913/171087-big.jpg,위스키
Mackmyra Ten Years 10yo,46.1,https://static.whiskybase.com/storage/whiskies/9/4/420/215108-big.jpg,위스키
Mackmyra The First Edition (Den F철rsta Utg책van),46.1,https://static.whiskybase.com/storage/whiskies/1/5/062/65593-big.jpg,위스키
Mackmyra The Swedish Whisky (Brukswhisky),41.4,https://static.whiskybase.com/storage/whiskies/3/9/643/174016-big.jpg,위스키
Mackmyra Vinterdrom,46.1,https://static.whiskybase.com/storage/whiskies/8/6/572/140880-big.jpg,위스키
Mannochmore 12yo (F&F),61.2,https://static.whiskybase.com/storage/whiskies/4/3/109/209195-big.jpg,위스키
Mars Iwai Tradition,40,https://static.whiskybase.com/storage/whiskies/1/1/6866/194652-big.jpg,위스키
Mars Kogamatake The Revival 2011,58,https://static.whiskybase.com/storage/whiskies/5/6/991/104164-big.jpg,위스키
Mars Maltage Cosmo,43,https://static.whiskybase.com/storage/whiskies/1/0/6402/110683-big.jpg,위스키
Matsui Mizunara Cask,48,https://static.whiskybase.com/storage/whiskies/1/2/9578/219031-big.jpg,위스키
Matsui Sakura Cask,48,https://static.whiskybase.com/storage/whiskies/1/2/6256/219032-big.jpg,위스키
Matsui The Peated,48,https://static.whiskybase.com/storage/whiskies/1/2/9579/220908-big.jpg,위스키
McClelland's Highland Single Malt,40,https://static.whiskybase.com/storage/whiskies/3/2/158/119616-big.jpg,위스키
McClelland's Islay Single Malt,40,https://static.whiskybase.com/storage/whiskies/1/4/034/174099-big.jpg,위스키
McClelland's Lowland Single Malt,40,https://static.whiskybase.com/storage/whiskies/7/8/327/121999-big.jpg,위스키
McClelland's Speyside Single Malt,40,https://static.whiskybase.com/storage/whiskies/1/4/036/121041-big.jpg,위스키
Midleton Barry Crockett Legacy,46,https://static.whiskybase.com/storage/whiskies/2/3/680/100939-big.jpg,위스키
Midleton Dair Ghaelach,57.9,https://static.whiskybase.com/storage/whiskies/6/7/846/139940-big.jpg,위스키
Midleton Very Rare (all vintages),40,https://static.whiskybase.com/storage/whiskies/1/7/7468/305579-big.jpg,위스키
Midleton Very Rare 2015,40,https://static.whiskybase.com/storage/whiskies/7/3/163/110555-big.jpg,위스키
Midleton Very Rare 2016,40,https://static.whiskybase.com/storage/whiskies/8/6/563/359207-big.jpg,위스키
Midleton Very Rare 2017,40,https://static.whiskybase.com/storage/whiskies/1/0/2074/192261-big.jpg,위스키
Midleton Very Rare 2021,40,https://static.whiskybase.com/storage/whiskies/1/7/7468/305579-big.jpg,위스키
Millstone 12yo Sherry Cask,46,https://static.whiskybase.com/storage/whiskies/1/3/2031/227746-big.jpg,위스키
Millstone 8yo French Oak,40,https://static.whiskybase.com/storage/whiskies/4/3/620/99105-big.jpg,위스키
Milstone Peated,46,https://static.whiskybase.com/storage/whiskies/2/0/1348/352443-big.jpg,위스키
Miltonduff 10yo (F&F),43,https://static.whiskybase.com/storage/whiskies/1/1/2752/199008-big.jpg,위스키
Monkey Shoulder,40,https://static.whiskybase.com/storage/whiskies/1/5/211/65688-big.jpg,위스키
Mortlach 12yo,43.4,https://static.whiskybase.com/storage/whiskies/1/1/7288/274049-big.jpg,위스키
Mortlach 15yo (Gordon & MacPhail),43,https://static.whiskybase.com/storage/whiskies/1/1/4960/191141-big.jpg,위스키
Mortlach 16yo,43.4,https://static.whiskybase.com/storage/whiskies/1/1/7290/274048-big.jpg,위스키
Mortlach 16yo (F&F),43.4,https://static.whiskybase.com/storage/whiskies/1/1/7290/274048-big.jpg,위스키
Mortlach 18yo,43.4,https://static.whiskybase.com/storage/whiskies/5/9/773/345043-big.jpg,위스키
Mortlach Rare Old,43.4,https://static.whiskybase.com/storage/whiskies/5/7/980/101056-big.jpg,위스키
Mortlach Special Strength,49,https://static.whiskybase.com/storage/whiskies/6/4/749/102493-big.jpg,위스키
Nantou (Omar) Yushan Blended Malt,46,https://static.whiskybase.com/storage/whiskies/2/0/3806/316797-big.jpg,위스키
Nantou (Omar) Yushan Bourbon Cask,46,https://static.whiskybase.com/storage/whiskies/2/0/3806/316797-big.jpg,위스키
Nantou (Omar) Yushan Sherry Cask,46,https://static.whiskybase.com/storage/whiskies/1/2/1690/238176-big.jpg,위스키
Nikka All Malt,40,https://static.whiskybase.com/storage/whiskies/2/3/549/70527-big.jpg,위스키
Nikka Coffey Malt,45,https://static.whiskybase.com/storage/whiskies/5/0/541/282828-big.jpg,위스키
Nikka From the Barrel,51.4,https://static.whiskybase.com/storage/whiskies/2/0/342/186639-big.jpg,위스키
Nikka Gold & Gold,43,https://static.whiskybase.com/storage/whiskies/8/0/917/124446-big.jpg,위스키
Nikka Miyagikyo 10yo,45,https://static.whiskybase.com/storage/whiskies/9/2/52/62270-big.jpg,위스키
Nikka Miyagikyo 12yo,45,https://static.whiskybase.com/storage/whiskies/9/2/54/292723-big.jpg,위스키
Nikka Miyagikyo 15yo,45,https://static.whiskybase.com/storage/whiskies/9/2/53/90540-big.jpg,위스키
Nikka Miyagikyo NAS,43,https://static.whiskybase.com/storage/whiskies/8/5/04/61816-big.jpg,위스키
Nikka Pure Malt Black,43,https://static.whiskybase.com/storage/whiskies/5/5/973/173973-big.jpg,위스키
Nikka Pure Malt Red,43,https://static.whiskybase.com/storage/whiskies/5/5/971/87798-big.jpg,위스키
Nikka Pure Malt White,43,https://static.whiskybase.com/storage/whiskies/5/5/983/87822-big.jpg,위스키
Nikka Single Cask Coffey Malt 12yo,43,https://static.whiskybase.com/storage/whiskies/5/7/604/228144-big.jpg,위스키
Nikka Taketsuru 12yo,40,https://static.whiskybase.com/storage/whiskies/3/8/412/76730-big.jpg,위스키
Nikka Taketsuru 17yo,43,https://static.whiskybase.com/storage/whiskies/1/0/7714/276334-big.jpg,위스키
Nikka Taketsuru 21yo,43,https://static.whiskybase.com/storage/whiskies/1/5/7798/186641-big.jpg,위스키
Nikka Taketsuru NAS,43,https://static.whiskybase.com/storage/whiskies/1/6/2294/320277-big.jpg,위스키
Nikka Yoichi 10yo,45,https://static.whiskybase.com/storage/whiskies/5/4/43/59583-big.jpg,위스키
Nikka Yoichi 12yo,45,https://static.whiskybase.com/storage/whiskies/6/6/363/103088-big.jpg,위스키
Nikka Yoichi 15yo,45,https://static.whiskybase.com/storage/whiskies/5/4/49/320278-big.jpg,위스키
Nikka Yoichi NAS,43,https://static.whiskybase.com/storage/whiskies/8/8/49/62010-big.jpg,위스키
Oban 14yo,43,https://static.whiskybase.com/storage/whiskies/3/9/114398-big.jpg,위스키
Oban 18yo,43,https://static.whiskybase.com/storage/whiskies/1/8/7727/328029-big.jpg,위스키
Oban 21yo,58.5,https://static.whiskybase.com/storage/whiskies/4/4/224/82895-big.jpg,위스키
Oban Distillers Edition (all vintages),43,https://static.whiskybase.com/storage/whiskies/2/0/2922/354906-big.jpg,위스키
Oban Little Bay,43,https://static.whiskybase.com/storage/whiskies/6/2/558/327683-big.jpg,위스키
Ohishi Brandy Cask,41.7,https://static.whiskybase.com/storage/whiskies/default/big.png?v4,위스키
Ohishi Sherry Cask,40.8,https://static.whiskybase.com/storage/whiskies/1/0/9146/178123-big.jpg,위스키
Ohishi Sherry Single Cask,40.8,https://static.whiskybase.com/storage/whiskies/1/0/9146/178123-big.jpg,위스키
Okanagan Spirits Laird of Fintry (all editions),56,https://static.whiskybase.com/storage/whiskies/1/9/4041/342292-big.jpg,위스키
Old Ballantruan Peated (Toumintoul),50,https://static.whiskybase.com/storage/whiskies/6/9/67/60764-big.jpg,위스키
Old Pulteney 12yo,40,https://static.whiskybase.com/storage/whiskies/3/5/356/251191-big.jpg,위스키
Old Pulteney 15yo,46,https://static.whiskybase.com/storage/whiskies/1/1/6460/215131-big.jpg,위스키
Old Pulteney 17yo,46,https://static.whiskybase.com/storage/whiskies/3/5/357/251190-big.jpg,위스키
Old Pulteney 18yo,46,https://static.whiskybase.com/storage/whiskies/1/1/6461/215132-big.jpg,위스키
Old Pulteney 21yo,46,https://static.whiskybase.com/storage/whiskies/1/9/037/67972-big.jpg,위스키
Old Pulteney 25yo,46,https://static.whiskybase.com/storage/whiskies/1/0/1829/167337-big.jpg,위스키
Old Pulteney Huddart,46,https://static.whiskybase.com/storage/whiskies/1/1/6462/194126-big.jpg,위스키
Old Pulteney Navigator,46,https://static.whiskybase.com/storage/whiskies/4/5/181/79875-big.jpg,위스키
Paul John Bold,46,https://static.whiskybase.com/storage/whiskies/7/5/663/123708-big.jpg,위스키
Paul John Brilliance,46,https://static.whiskybase.com/storage/whiskies/4/3/432/115918-big.jpg,위스키
Paul John Classic Select Cask,55.2,https://static.whiskybase.com/storage/whiskies/5/3/583/115870-big.jpg,위스키
Paul John Edited,46,https://static.whiskybase.com/storage/whiskies/4/3/433/115869-big.jpg,위스키
Paul John Peated Select Cask,55.5,https://static.whiskybase.com/storage/whiskies/5/1/847/83356-big.jpg,위스키
Paul John Single Cask,59.5,https://static.whiskybase.com/storage/whiskies/1/6/3723/301693-big.jpg,위스키
Penderyn Aur Cymru,46,https://static.whiskybase.com/storage/whiskies/1/6/566/66538-big.jpg,위스키
Penderyn Celt,41,https://static.whiskybase.com/storage/whiskies/7/1/458/174834-big.jpg,위스키
Penderyn Legend,41,https://static.whiskybase.com/storage/whiskies/5/8/634/174829-big.jpg,위스키
Penderyn Madeira,46,https://static.whiskybase.com/storage/whiskies/1/4/0924/253845-big.jpg,위스키
Penderyn Myth,41,https://static.whiskybase.com/storage/whiskies/6/4/546/174832-big.jpg,위스키
Penderyn Peated,46,https://static.whiskybase.com/storage/whiskies/1/5/508/233407-big.jpg,위스키
Penderyn Portwood,46,https://static.whiskybase.com/storage/whiskies/9/3/426/174839-big.jpg,위스키
Penderyn Sherrywood,46,https://static.whiskybase.com/storage/whiskies/1/4/0920/253849-big.jpg,위스키
Pig's Nose 5yo Blended Malt,40,https://static.whiskybase.com/storage/whiskies/5/0/898/88507-big.jpg,위스키
Port Ellen (all OB releases),57.7,https://static.whiskybase.com/storage/whiskies/1/0/610/63099-big.jpg,위스키
Port Ellen 10th release 31yo,54.6,https://static.whiskybase.com/storage/whiskies/1/8/427/67613-big.jpg,위스키
Port Ellen 11th release 32yo,53.9,https://static.whiskybase.com/storage/whiskies/2/5/844/71421-big.jpg,위스키
Port Ellen 12th release 32yo,52.5,https://static.whiskybase.com/storage/whiskies/3/5/024/270262-big.jpg,위스키
Port Ellen 14th release 35yo,56.5,https://static.whiskybase.com/storage/whiskies/5/8/201/93893-big.jpg,위스키
Port Ellen 15th release 32yo,53.9,https://static.whiskybase.com/storage/whiskies/7/3/363/115678-big.jpg,위스키
Port Ellen 16th release 37yo,55.2,https://static.whiskybase.com/storage/whiskies/8/3/451/144442-big.jpg,위스키
Port Ellen 17th release 37yo,51,https://static.whiskybase.com/storage/whiskies/9/5/725/168914-big.jpg,위스키
Port Ellen 2nd release 24yo 54.3%,59.35,https://static.whiskybase.com/storage/whiskies/2/5/2/54828-big.jpg,위스키
Port Ellen 2nd release 24yo 59.35%,59.35,https://static.whiskybase.com/storage/whiskies/2/5/2/54828-big.jpg,위스키
Port Ellen 3rd release 24yo,57.3,https://static.whiskybase.com/storage/whiskies/2/5/4/54830-big.jpg,위스키
Port Ellen 4th release 25yo,56.2,https://static.whiskybase.com/storage/whiskies/6/7/6/55315-big.jpg,위스키
Port Ellen 6th release 27yo,54.2,https://static.whiskybase.com/storage/whiskies/4/0/9/55011-big.jpg,위스키
Port Ellen 7th release 28yo,54.7,https://static.whiskybase.com/storage/whiskies/1/7/018/66745-big.jpg,위스키
Port Ellen 8th release 29yo,55.3,https://static.whiskybase.com/storage/whiskies/3/9/94/58453-big.jpg,위스키
Port Ellen 9th release 30yo,57.7,https://static.whiskybase.com/storage/whiskies/1/0/610/63099-big.jpg,위스키
Port Ellen Douglas Laing McGibbon's Provenance John Milroy 23yo (all editions),50,https://static.whiskybase.com/storage/whiskies/2/1/73/56809-big.jpg,위스키
Port Ellen Douglas Laing McGibbon's Provenance John Milroy 23yo 1978-2001,50,https://static.whiskybase.com/storage/whiskies/2/1/73/56809-big.jpg,위스키
Port Ellen Douglas Laing McGibbon's Provenance John Milroy 23yo 1982-2005,50,https://static.whiskybase.com/storage/whiskies/2/2/67/56910-big.jpg,위스키
Red Spot 15yo,46,https://static.whiskybase.com/storage/whiskies/1/2/1467/231397-big.jpg,위스키
Redbreast 12yo,40,https://static.whiskybase.com/storage/whiskies/2/8/100/72330-big.jpg,위스키
Redbreast 12yo Cask Strength,57.2,https://static.whiskybase.com/storage/whiskies/8/1/879/183004-big.jpg,위스키
Redbreast 15yo,46,https://static.whiskybase.com/storage/whiskies/7/8/095/138784-big.jpg,위스키
Redbreast 21yo,46,https://static.whiskybase.com/storage/whiskies/4/5/186/141770-big.jpg,위스키
Redbreast All Sherry Single Cask 1999,58.5,https://static.whiskybase.com/storage/whiskies/9/0/040/189527-big.jpg,위스키
Redbreast Lustau Edition,46,https://static.whiskybase.com/storage/whiskies/8/6/343/193976-big.jpg,위스키
Redbreast Mano a L찼mh,46,https://static.whiskybase.com/storage/whiskies/6/4/049/100664-big.jpg,위스키
Royal Brackla 12yo,40,https://static.whiskybase.com/storage/whiskies/7/0/887/118527-big.jpg,위스키
Royal Brackla 16yo,40,https://static.whiskybase.com/storage/whiskies/7/0/886/112908-big.jpg,위스키
Royal Brackla 21yo,40,https://static.whiskybase.com/storage/whiskies/7/0/885/112910-big.jpg,위스키
Royal Lochnagar 12yo,40,https://static.whiskybase.com/storage/whiskies/6/5/10/343735-big.jpg,위스키
Santis Alpstein (all editions),48,https://static.whiskybase.com/storage/whiskies/1/0/9219/179432-big.jpg,위스키
Santis Cask Strength Peated,52,https://static.whiskybase.com/storage/whiskies/1/2/1958/203916-big.jpg,위스키
Santis Edition Dreifaltigkeit,52,https://static.whiskybase.com/storage/whiskies/1/6/586/66549-big.jpg,위스키
Santis Edition Dreifaltigkeit / Cask Strength Peated,52,https://static.whiskybase.com/storage/whiskies/1/6/586/66549-big.jpg,위스키
Santis Edition Sigel,40,https://static.whiskybase.com/storage/whiskies/1/6/4343/84069-big.jpg,위스키
Santis Edition S채ntis,40,https://static.whiskybase.com/storage/whiskies/1/6/4343/84069-big.jpg,위스키
Scallywag,48,https://static.whiskybase.com/storage/whiskies/2/0/6488/362652-big.jpg,위스키
Scallywag 13yo,46,https://static.whiskybase.com/storage/whiskies/9/5/803/160547-big.jpg,위스키
Scallywag Cask Strength (all batches),46,https://static.whiskybase.com/storage/whiskies/4/6/314/117796-big.jpg,위스키
Scapa 16yo,40,https://static.whiskybase.com/storage/whiskies/5/3/56/59519-big.jpg,위스키
Scapa Skiren,40,https://static.whiskybase.com/storage/whiskies/7/0/740/119288-big.jpg,위스키
Sheep Dip 1999 Amoroso Blended Malt,41.8,https://static.whiskybase.com/storage/whiskies/3/9/933/77361-big.jpg,위스키
Sheep Dip Blended Malt,40,https://static.whiskybase.com/storage/whiskies/2/8/740/72544-big.jpg,위스키
Sheep Dip Old Hebridean 1990 Blended Malt,40,https://static.whiskybase.com/storage/whiskies/1/8/404/67596-big.jpg,위스키
Shelter Point Artisanal Single Malt Whisky,46,https://static.whiskybase.com/storage/whiskies/1/0/9150/277678-big.jpg,위스키
Shelter Point Classic Single Cask (KWM) Single Malt Whisky,59,https://static.whiskybase.com/storage/whiskies/default/big.png?v4,위스키
Shelter Point French Oak Double Barreled,50,https://static.whiskybase.com/storage/whiskies/1/4/3689/241355-big.jpg,위스키
Singleton of Dufftown 12yo,40,https://static.whiskybase.com/storage/whiskies/1/5/5750/273864-big.jpg,위스키
Singleton of Dufftown 15yo,40,https://static.whiskybase.com/storage/whiskies/1/6/5382/281088-big.jpg,위스키
Singleton of Dufftown 18yo,40,https://static.whiskybase.com/storage/whiskies/2/2/851/70217-big.jpg,위스키
Singleton of Dufftown Spey Cascade,40,https://static.whiskybase.com/storage/whiskies/5/8/420/95926-big.jpg,위스키
Singleton of Dufftown Tailfire,40,https://static.whiskybase.com/storage/whiskies/5/4/596/365272-big.jpg,위스키
Singleton of Dufftown Unite,40,https://static.whiskybase.com/storage/whiskies/4/2/190/365264-big.jpg,위스키
Singleton of Glen Ord 12yo,40,https://static.whiskybase.com/storage/whiskies/6/9/56/363895-big.jpg,위스키
Singleton of Glen Ord 15yo,40,https://static.whiskybase.com/storage/whiskies/2/7/970/364046-big.jpg,위스키
Singleton of Glen Ord 18yo,55,https://static.whiskybase.com/storage/whiskies/1/3/7304/244729-big.jpg,위스키
Singleton of Glen Ord Signature,40,https://static.whiskybase.com/storage/whiskies/5/6/895/89044-big.jpg,위스키
Singleton of Glendullan 12yo,40,https://static.whiskybase.com/storage/whiskies/3/9/325/89379-big.jpg,위스키
Singleton of Glendullan 15yo,40,https://static.whiskybase.com/storage/whiskies/1/3/9684/367452-big.jpg,위스키
Singleton of Glendullan 18yo,40,https://static.whiskybase.com/storage/whiskies/2/0/8696/367455-big.jpg,위스키
"Smogen 8yo (4,8-10/2011)",57.8,https://static.whiskybase.com/storage/whiskies/1/3/1667/221240-big.jpg,위스키
Smogen Prim철r,68.2,https://static.whiskybase.com/storage/whiskies/1/4/4455/243243-big.jpg,위스키
Smogen Sherry Project 1:1,51.8,https://static.whiskybase.com/storage/whiskies/6/2/112/110943-big.jpg,위스키
Smogen Sherry Project 1:2,55.7,https://static.whiskybase.com/storage/whiskies/6/6/129/103192-big.jpg,위스키
Smogen Sherry Project 1:3,53.7,https://static.whiskybase.com/storage/whiskies/7/2/191/260845-big.jpg,위스키
Smogen Sherry Project 1:4,57.2,https://static.whiskybase.com/storage/whiskies/7/2/190/112164-big.jpg,위스키
Smogen Single Cask (all editions),61,https://static.whiskybase.com/storage/whiskies/1/6/1132/271535-big.jpg,위스키
Smogen Single Cask 4yo 20/2011,60.9,https://static.whiskybase.com/storage/whiskies/6/2/113/96343-big.jpg,위스키
Smogen Single Cask 4yo 7/2011,57.3,https://static.whiskybase.com/storage/whiskies/6/9/569/110002-big.jpg,위스키
Speyburn 10yo,40,https://static.whiskybase.com/storage/whiskies/2/7/214/104043-big.jpg,위스키
Speyside 10yo,48,https://static.whiskybase.com/storage/whiskies/1/6/9405/294910-big.jpg,위스키
Speyside 12yo,46,https://static.whiskybase.com/storage/whiskies/1/8/0797/319427-big.jpg,위스키
Spirit of Hven Sankt Claus,53.2,https://static.whiskybase.com/storage/whiskies/6/2/115/98493-big.jpg,위스키
Spirit of Hven Seven Stars No. 1 Dubhe,45,https://static.whiskybase.com/storage/whiskies/4/0/442/77601-big.jpg,위스키
Spirit of Hven Seven Stars No. 2 Merak,45,https://static.whiskybase.com/storage/whiskies/5/2/007/123267-big.jpg,위스키
Spirit of Hven Seven Stars No. 3 Phecda,45,https://static.whiskybase.com/storage/whiskies/6/5/297/102379-big.jpg,위스키
Spirit of Hven Seven Stars No. 5 Alioth,45,https://static.whiskybase.com/storage/whiskies/9/3/615/150473-big.jpg,위스키
Spirit of Hven Tycho's Star,41.8,https://static.whiskybase.com/storage/whiskies/7/4/143/199220-big.jpg,위스키
Spirit of Hven Urania,45,https://static.whiskybase.com/storage/whiskies/3/0/053/72986-big.jpg,위스키
Springbank 10yo,55.6,https://static.whiskybase.com/storage/whiskies/1/6/8125/313459-big.jpg,위스키
Springbank 11yo Local Barley,53.1,https://static.whiskybase.com/storage/whiskies/9/2/450/146556-big.jpg,위스키
Springbank 12yo Cask Strength,55.9,https://static.whiskybase.com/storage/whiskies/1/9/2086/338984-big.jpg,위스키
Springbank 12yo Green,46,https://static.whiskybase.com/storage/whiskies/6/1/179/97090-big.jpg,위스키
Springbank 13yo Green,46,https://static.whiskybase.com/storage/whiskies/7/3/744/115603-big.jpg,위스키
Springbank 15yo,46,https://static.whiskybase.com/storage/whiskies/9/2/837/240146-big.jpg,위스키
Springbank 16yo Local Barley,54.3,https://static.whiskybase.com/storage/whiskies/7/7/661/121454-big.jpg,위스키
Springbank 18yo,46,https://static.whiskybase.com/storage/whiskies/1/7/0778/291559-big.jpg,위스키
Springbank 21yo,46,https://static.whiskybase.com/storage/whiskies/1/6/5480/281848-big.jpg,위스키
Springbank CV,46,https://static.whiskybase.com/storage/whiskies/1/3/347/64707-big.jpg,위스키
St George's Chapter 6 (unpeated),46,https://static.whiskybase.com/storage/whiskies/8/8/593/119848-big.jpg,위스키
St George's Chapter 9 (peated),,https://static.whiskybase.com/storage/whiskies/default/big.png?v4,위스키
Stalk & Barrel Single Malt (All Casks),60.2,https://static.whiskybase.com/storage/whiskies/1/8/5031/321321-big.jpg,위스키
Storas 21yo Rare Cask Reserves Blended,46,https://static.whiskybase.com/storage/whiskies/8/8/319/141502-big.jpg,위스키
Strathisla 12yo,40,https://static.whiskybase.com/storage/whiskies/4/0/679/231411-big.jpg,위스키
Strathmill 12yo,43,https://static.whiskybase.com/storage/whiskies/3/7/0/54969-big.jpg,위스키
Strathmill 25yo,52.4,https://static.whiskybase.com/storage/whiskies/5/8/211/113634-big.jpg,위스키
Stronachie 10yo,43,https://static.whiskybase.com/storage/whiskies/5/6/426/308850-big.jpg,위스키
Stronachie 12yo,43,https://static.whiskybase.com/storage/whiskies/1/0/792/63210-big.jpg,위스키
Stronachie 18yo,46,https://static.whiskybase.com/storage/whiskies/5/6/579/88467-big.jpg,위스키
Sullivans Cove American Oak,47.5,https://static.whiskybase.com/storage/whiskies/6/2/276/96845-big.jpg,위스키
Sullivans Cove Bourbon Cask Strength,60,https://static.whiskybase.com/storage/whiskies/1/2/9725/218852-big.jpg,위스키
Sullivans Cove Double Cask,45,https://static.whiskybase.com/storage/whiskies/1/7/8280/325606-big.jpg,위스키
Sullivans Cove French Oak,47.5,https://static.whiskybase.com/storage/whiskies/5/3/776/85485-big.jpg,위스키
Sullivans Cove Port Cask Strength,60,https://static.whiskybase.com/storage/whiskies/1/7/926/67299-big.jpg,위스키
Swiss Highland Classic Single Malt,46,https://static.whiskybase.com/storage/whiskies/1/1/0766/181837-big.jpg,위스키
Talisker 10yo,45.8,https://static.whiskybase.com/storage/whiskies/1/4/1826/249791-big.jpg,위스키
Talisker 15yo (Special Release 2019),57.3,https://static.whiskybase.com/storage/whiskies/1/4/0078/244201-big.jpg,위스키
Talisker 18yo,45.8,https://static.whiskybase.com/storage/whiskies/5/7/772/357318-big.jpg,위스키
Talisker 25yo,45.8,https://static.whiskybase.com/storage/whiskies/9/4/135/150335-big.jpg,위스키
Talisker 30yo,45.8,https://static.whiskybase.com/storage/whiskies/9/4/143/149695-big.jpg,위스키
Talisker 35yo,54.6,https://static.whiskybase.com/storage/whiskies/3/5/066/362930-big.jpg,위스키
Talisker 57 North,57,https://static.whiskybase.com/storage/whiskies/3/9/672/361763-big.jpg,위스키
Talisker 8yo (Special Releases),59.7,https://static.whiskybase.com/storage/whiskies/1/8/6598/358276-big.jpg,위스키
Talisker Dark Storm,45.8,https://static.whiskybase.com/storage/whiskies/8/0/418/360920-big.jpg,위스키
Talisker Distiller's Edition (all editions),45.8,https://static.whiskybase.com/storage/whiskies/2/5/278/97676-big.jpg,위스키
Talisker Port Ruighe,45.8,https://static.whiskybase.com/storage/whiskies/4/0/583/358426-big.jpg,위스키
Talisker Skye,45.8,https://static.whiskybase.com/storage/whiskies/6/4/105/362932-big.jpg,위스키
Talisker Storm,45.8,https://static.whiskybase.com/storage/whiskies/4/0/072/358983-big.jpg,위스키
Tamdhu 10yo,43,https://static.whiskybase.com/storage/whiskies/4/5/207/324058-big.jpg,위스키
Tamdhu 30yo (MacPhail Collection 2009),43,https://static.whiskybase.com/storage/whiskies/3/6/9/54968-big.jpg,위스키
Tamdhu Batch Strength (all batches),57.8,https://static.whiskybase.com/storage/whiskies/1/2/4125/216753-big.jpg,위스키
Tamnavulin 12yo,40,https://static.whiskybase.com/storage/whiskies/2/0/4/54775-big.jpg,위스키
Teaninich 10yo (F&F),43,https://static.whiskybase.com/storage/whiskies/2/0/2/54772-big.jpg,위스키
Teeling Silver Reserve 21yo Sauternes Finish,46,https://static.whiskybase.com/storage/whiskies/4/2/852/108847-big.jpg,위스키
Teeling Single Malt,46,https://static.whiskybase.com/storage/whiskies/5/9/285/92888-big.jpg,위스키
Teeling Small Batch (Rum Cask Finish),46,https://static.whiskybase.com/storage/whiskies/1/6/2768/275336-big.jpg,위스키
Teerenpeli 10yo,58.5,https://static.whiskybase.com/storage/whiskies/1/8/3289/317676-big.jpg,위스키
Teerenpeli 8yo,43,https://static.whiskybase.com/storage/whiskies/5/6/131/88001-big.jpg,위스키
Teerenpeli Distiller's Choice AURA,43,https://static.whiskybase.com/storage/whiskies/7/9/405/135808-big.jpg,위스키
Teerenpeli Distiller's Choice KARHI,43,https://static.whiskybase.com/storage/whiskies/7/4/944/144221-big.jpg,위스키
Teerenpeli Distiller's Choice KASKI,43,https://static.whiskybase.com/storage/whiskies/4/0/074/87998-big.jpg,위스키
Teerenpeli Distiller's Choice RASI,43,https://static.whiskybase.com/storage/whiskies/7/5/723/136193-big.jpg,위스키
Teerenpeli Suomi 100 Juhlaviski,43,https://static.whiskybase.com/storage/whiskies/8/9/682/151323-big.jpg,위스키
The Irishman Single Malt (NAS),51.8,https://static.whiskybase.com/storage/whiskies/9/5/551/149445-big.jpg,위스키
The Quiet Man 8yo Single Malt,46,https://static.whiskybase.com/storage/whiskies/9/2/181/152937-big.jpg,위스키
Timorous Beastie,46.8,https://static.whiskybase.com/storage/whiskies/5/8/110/117795-big.jpg,위스키
Timorous Beastie 10yo,46.8,https://static.whiskybase.com/storage/whiskies/1/0/5951/175791-big.jpg,위스키
Timorous Beastie 12yo Cask Strength,54.4,https://static.whiskybase.com/storage/whiskies/1/2/4037/209456-big.jpg,위스키
Timorous Beastie 18yo,46.8,https://static.whiskybase.com/storage/whiskies/9/6/604/153397-big.jpg,위스키
Timorous Beastie 21yo Sherry Edition,46.8,https://static.whiskybase.com/storage/whiskies/8/8/718/139033-big.jpg,위스키
Timorous Beastie 40yo Cask Strength,54.7,https://static.whiskybase.com/storage/whiskies/8/5/916/134705-big.jpg,위스키
Tobermory 10yo,46.3,https://static.whiskybase.com/storage/whiskies/1/6/332/217161-big.jpg,위스키
Tobermory 12yo Bourbon-matured,46.3,https://static.whiskybase.com/storage/whiskies/1/2/9707/358355-big.jpg,위스키
Tobermory 15yo,46.3,https://static.whiskybase.com/storage/whiskies/2/9/48/187746-big.jpg,위스키
Tomatin 12yo,43,https://static.whiskybase.com/storage/whiskies/7/7/380/357469-big.jpg,위스키
Tomatin 14yo Portwood,46,https://static.whiskybase.com/storage/whiskies/8/2/978/133427-big.jpg,위스키
Tomatin 15yo,46,https://static.whiskybase.com/storage/whiskies/8/7/865/303057-big.jpg,위스키
Tomatin 18yo,46,https://static.whiskybase.com/storage/whiskies/8/0/670/188682-big.jpg,위스키
Tomatin 40yo,42.9,https://static.whiskybase.com/storage/whiskies/3/7/76/58239-big.jpg,위스키
Tomatin Cask Strength,57.5,https://static.whiskybase.com/storage/whiskies/9/9/146/229248-big.jpg,위스키
Tomatin Cu Bocan,46,https://static.whiskybase.com/storage/whiskies/4/4/318/88759-big.jpg,위스키
Tomatin Cu Bocan 1989 Limited Edition,53.2,https://static.whiskybase.com/storage/whiskies/5/4/332/86803-big.jpg,위스키
Tomatin Cu Bocan 2005 Limited Edition,50,https://static.whiskybase.com/storage/whiskies/8/5/221/135333-big.jpg,위스키
Tomatin Cu Bocan Sherry Edition,46,https://static.whiskybase.com/storage/whiskies/5/8/293/91451-big.jpg,위스키
Tomatin Cu Bocan Virgin Oak Edition,46,https://static.whiskybase.com/storage/whiskies/6/4/851/102428-big.jpg,위스키
Tomatin Decades,46,https://static.whiskybase.com/storage/whiskies/1/4/1298/302705-big.jpg,위스키
Tomatin Legacy,43,https://static.whiskybase.com/storage/whiskies/4/1/415/78023-big.jpg,위스키
Tomatin Oloroso Sherry 1995,46,https://static.whiskybase.com/storage/whiskies/8/5/988/135807-big.jpg,위스키
Tomintoul 10yo,40,https://static.whiskybase.com/storage/whiskies/1/1/0118/180438-big.jpg,위스키
Tomintoul 12yo Oloroso Sherry,40,https://static.whiskybase.com/storage/whiskies/2/1/56/81902-big.jpg,위스키
Tomintoul 16yo,40,https://static.whiskybase.com/storage/whiskies/7/2/2/55363-big.jpg,위스키
Tomintoul 25yo,43,https://static.whiskybase.com/storage/whiskies/6/7/114/237122-big.jpg,위스키
Tomintoul Peaty Tang,40,https://static.whiskybase.com/storage/whiskies/2/1/55/201107-big.jpg,위스키
Tormore 12yo,40,https://static.whiskybase.com/storage/whiskies/3/6/5/197125-big.jpg,위스키
Tormore 14yo,43,https://static.whiskybase.com/storage/whiskies/4/6/006/87125-big.jpg,위스키
Tullamore Dew 10yo Single Malt,40,https://static.whiskybase.com/storage/whiskies/5/5/197/122230-big.jpg,위스키
Tullamore Dew 14yo Single Malt,41.3,https://static.whiskybase.com/storage/whiskies/7/8/743/201942-big.jpg,위스키
Tullibardine 1993 Port,46,https://static.whiskybase.com/storage/whiskies/1/1/548/63711-big.jpg,위스키
Tullibardine 1993 Sauternes,46,https://static.whiskybase.com/storage/whiskies/1/1/296/63540-big.jpg,위스키
Tullibardine 20yo,43,https://static.whiskybase.com/storage/whiskies/4/0/746/77742-big.jpg,위스키
Tullibardine 225 Sauternes Finish,43,https://static.whiskybase.com/storage/whiskies/4/0/743/129156-big.jpg,위스키
Tullibardine 228 Burgundy Finish,43,https://static.whiskybase.com/storage/whiskies/4/0/744/77738-big.jpg,위스키
Tullibardine 25yo,43,https://static.whiskybase.com/storage/whiskies/4/0/741/190067-big.jpg,위스키
Tullibardine 500 Sherry Finish,43,https://static.whiskybase.com/storage/whiskies/4/0/745/190068-big.jpg,위스키
Tullibardine Aged Oak Edition,40,https://static.whiskybase.com/storage/whiskies/1/3/022/64530-big.jpg,위스키
Tullibardine Sovereign,43,https://static.whiskybase.com/storage/whiskies/4/0/742/77734-big.jpg,위스키
Tullibardine Vintage 1993,46,https://static.whiskybase.com/storage/whiskies/1/1/0497/181656-big.jpg,위스키
Two Brewers Cask Strength (all releases),56,https://static.whiskybase.com/storage/whiskies/2/0/1490/358810-big.jpg,위스키
Two Brewers Classic (all releases),56,https://static.whiskybase.com/storage/whiskies/2/0/1490/358810-big.jpg,위스키
Two Brewers Innovative (all releases),43,https://static.whiskybase.com/storage/whiskies/1/2/9632/307454-big.jpg,위스키
Two Brewers Peated (all releases),46,https://static.whiskybase.com/storage/whiskies/2/0/5149/359096-big.jpg,위스키
Two Brewers Release 01 Classic,46,https://static.whiskybase.com/storage/whiskies/8/5/084/367234-big.jpg,위스키
Two Brewers Release 02 Special Finishes,46,https://static.whiskybase.com/storage/whiskies/8/5/085/135991-big.jpg,위스키
Two Brewers Release 03 Peated,46,https://static.whiskybase.com/storage/whiskies/2/0/5149/359096-big.jpg,위스키
Two Brewers Release 04 Special Finishes,43,https://static.whiskybase.com/storage/whiskies/default/big.png?v4,위스키
Two Brewers Release 05 Innovative,43,https://static.whiskybase.com/storage/whiskies/default/big.png?v4,위스키
Two Brewers Release 06 Classic,43,https://static.whiskybase.com/storage/whiskies/default/big.png?v4,위스키
Two Brewers Release 07 Peated,46,https://static.whiskybase.com/storage/whiskies/2/0/5149/359096-big.jpg,위스키
Two Brewers Release 08 Innovative,43,https://static.whiskybase.com/storage/whiskies/default/big.png?v4,위스키
Two Brewers Release 09 Special Finishes,46,https://static.whiskybase.com/storage/whiskies/1/1/2241/187357-big.jpg,위스키
Two Brewers Release 10 Cask Strength,58,https://static.whiskybase.com/storage/whiskies/1/2/9634/351337-big.jpg,위스키
Two Brewers Release 12 Peated,43,https://static.whiskybase.com/storage/whiskies/default/big.png?v4,위스키
Two Brewers Release 13 Classic,43,https://static.whiskybase.com/storage/whiskies/default/big.png?v4,위스키
Two Brewers Release 14 Innovative,46,https://static.whiskybase.com/storage/whiskies/1/3/3755/230777-big.jpg,위스키
Two Brewers Release 15 Special Finishes,43,https://static.whiskybase.com/storage/whiskies/1/3/3756/359936-big.jpg,위스키
Two Brewers Release 16 Classic,43,https://static.whiskybase.com/storage/whiskies/default/big.png?v4,위스키
Two Brewers Release 17 Innovative,46,https://static.whiskybase.com/storage/whiskies/1/4/6834/351335-big.jpg,위스키
Two Brewers Release 19 Peated,46,https://static.whiskybase.com/storage/whiskies/1/5/7772/264652-big.jpg,위스키
Two Brewers Release 20 Innovative,40,https://static.whiskybase.com/storage/whiskies/1/5/7773/264653-big.jpg,위스키
Two Brewers Release 21 Classic,46,https://static.whiskybase.com/storage/whiskies/1/6/4699/363027-big.jpg,위스키
Two Brewers Release 22 Innovative,51,https://static.whiskybase.com/storage/whiskies/1/6/5506/358806-big.jpg,위스키
Two Brewers Release 23 Special Finishes,46,https://static.whiskybase.com/storage/whiskies/default/big.png?v4,위스키
Two Brewers Special Finishes (all releases),46,https://static.whiskybase.com/storage/whiskies/2/0/7146/364223-big.jpg,위스키
Tyrconnell 10yo Madeira Cask Finish,46,https://static.whiskybase.com/storage/whiskies/1/3/7913/234357-big.jpg,위스키
Tyrconnell 10yo Port Cask Finish,46,https://static.whiskybase.com/storage/whiskies/1/3/389/64744-big.jpg,위스키
Tyrconnell 10yo Sherry Cask Finish,46,https://static.whiskybase.com/storage/whiskies/1/3/390/64745-big.jpg,위스키
Tyrconnell Single Malt Irish Whiskey,40,https://static.whiskybase.com/storage/whiskies/1/3/386/81710-big.jpg,위스키
Wemyss Malts Kiln Embers,46,https://static.whiskybase.com/storage/whiskies/7/2/258/114914-big.jpg,위스키
Wemyss Malts Peat Chimney,46,https://static.whiskybase.com/storage/whiskies/1/7/0495/296691-big.jpg,위스키
Wemyss Malts Smooth Gentleman,40,https://static.whiskybase.com/storage/whiskies/2/0/470/142761-big.jpg,위스키
Wemyss Malts The Hive,46,https://static.whiskybase.com/storage/whiskies/1/7/0497/296661-big.jpg,위스키
Wemyss Malts The Rockpool,57.2,https://static.whiskybase.com/storage/whiskies/6/5/923/103602-big.jpg,위스키
Wemyss Malts The Spice King,46,https://static.whiskybase.com/storage/whiskies/1/7/0496/303115-big.jpg,위스키
Wemyss Malts Velvet Fig,46,https://static.whiskybase.com/storage/whiskies/1/8/5136/325129-big.jpg,위스키
Westland American Single Malt (American Oak),46,https://static.whiskybase.com/storage/whiskies/5/8/944/92261-big.jpg,위스키
Westland Garryana,50,https://static.whiskybase.com/storage/whiskies/1/6/4356/300145-big.jpg,위스키
Westland Peat Week,54.4,https://static.whiskybase.com/storage/whiskies/1/0/7681/174398-big.jpg,위스키
Westland Peated,46,https://static.whiskybase.com/storage/whiskies/6/4/567/136471-big.jpg,위스키
Westland Sherry Wood,46,https://static.whiskybase.com/storage/whiskies/8/7/593/136799-big.jpg,위스키
Westland Single Cask,54.3,https://static.whiskybase.com/storage/whiskies/default/big.png?v4,위스키
Westland Winter 2016,50,https://static.whiskybase.com/storage/whiskies/9/1/690/171859-big.jpg,위스키
White Oak Akashi 14yo,58,https://static.whiskybase.com/storage/whiskies/3/2/586/74114-big.jpg,위스키
White Oak Akashi 5yo,55,https://static.whiskybase.com/storage/whiskies/9/6/992/169120-big.jpg,위스키
White Oak Akashi Single Malt (NAS),46,https://static.whiskybase.com/storage/whiskies/4/6/190/225869-big.jpg,위스키
Wolfburn (NAS),46,https://static.whiskybase.com/storage/whiskies/1/6/9670/296882-big.jpg,위스키
Writers Tears Red Head Single Malt,46,https://static.whiskybase.com/storage/whiskies/8/6/059/145503-big.jpg,위스키
Yamazaki 12yo,43,https://static.whiskybase.com/storage/whiskies/6/0/16/278212-big.jpg,위스키
Yamazaki 18yo,43,https://static.whiskybase.com/storage/whiskies/1/6/4176/278499-big.jpg,위스키
Yamazaki Bourbon Barrel,48,https://static.whiskybase.com/storage/whiskies/5/1/422/97099-big.jpg,위스키
Yamazaki Distiller's Reserve,43,https://static.whiskybase.com/storage/whiskies/5/2/854/227830-big.jpg,위스키
Yamazaki Limited Edition 2015,43,https://static.whiskybase.com/storage/whiskies/6/7/826/108517-big.jpg,위스키
Yamazaki Limited Edition 2016,43,https://static.whiskybase.com/storage/whiskies/8/2/847/329713-big.jpg,위스키
Yamazaki Mizunara,48,https://static.whiskybase.com/storage/whiskies/4/6/424/84486-big.jpg,위스키
Yamazaki NAS,43,https://static.whiskybase.com/storage/whiskies/5/7/938/259086-big.jpg,위스키
Yamazaki Puncheon,48,https://static.whiskybase.com/storage/whiskies/5/0/581/91203-big.jpg,위스키
Yamazaki Sherry Cask (all vintages),60,https://static.whiskybase.com/storage/whiskies/6/2/61/60213-big.jpg,위스키
33JU,18,https://dbscthumb-phinf.pstatic.net/4776_000_3/20220323113401498_3Z1DSI3QR.jpg/fe87_529_i1.jpg?type=m4500_4500_fst_n&wm=Y,전통주
52C,17.5,https://dbscthumb-phinf.pstatic.net/4776_000_3/20220323113401542_N0CT2O5I7.png/fe87_530_i1.png?type=m4500_4500_fst_n&wm=Y,전통주
DMZ240km,25,https://dbscthumb-phinf.pstatic.net/4776_000_1/20170522185749633_LS0FGNNUM.JPG/fe87_185_i1.JPG?type=m4500_4500_fst_n&wm=Y,전통주
The찾을수록시리즈,16,https://dbscthumb-phinf.pstatic.net/4776_000_1/20181012204458736_WWP2CUJT1.jpg/fe87_241_i1.jpg?type=m4500_4500_fst_n&wm=Y,전통주
가을빛레드와인,14,https://dbscthumb-phinf.pstatic.net/4776_000_2/20190726160734633_X5FD1AN3U.jpg/fe87_379_i1.jpg?type=m4500_4500_fst_n&wm=Y,전통주
감그린레귤러,12,https://dbscthumb-phinf.pstatic.net/4776_000_1/20181013020715463_KGFK8VS9E.jpg/fe87_281_i1.jpg?type=m4500_4500_fst_n&wm=Y,전통주
감그린스페셜,12,https://dbscthumb-phinf.pstatic.net/4776_000_2/20181017120058261_9LP7HYZZH.jpg/fe87_282_i1.jpg?type=m4500_4500_fst_n&wm=Y,전통주
감그린아이스와인,10,https://dbscthumb-phinf.pstatic.net/4776_000_1/20181013022632085_JS0FG3HC4.jpg/fe87_283_i1.jpg?type=m4500_4500_fst_n&wm=Y,전통주
감보드카,32,https://dbscthumb-phinf.pstatic.net/4776_000_2/20190726174041133_1Q26K5J0V.jpg/fe87_410_i1.jpg?type=m4500_4500_fst_n&wm=Y,전통주
감아락25,25,https://dbscthumb-phinf.pstatic.net/4776_000_1/20170522171007302_ZLYF3FJW5.jpg/fe87_168_i1.jpg?type=m4500_4500_fst_n&wm=Y,전통주
감악산머루주,12,https://dbscthumb-phinf.pstatic.net/4776_000_2/20200824185213299_9BJJMDYTE.jpg/fe87_475_i1.jpg?type=m4500_4500_fst_n&wm=Y,전통주
감이슬,23,https://dbscthumb-phinf.pstatic.net/4776_000_2/20190726174400158_LY0V6QH61.jpg/fe87_411_i1.jpg?type=m4500_4500_fst_n&wm=Y,전통주
감자술13,13,https://dbscthumb-phinf.pstatic.net/4776_000_2/20190726173312428_9KUFPAV7J.jpg/fe87_407_i1.jpg?type=m4500_4500_fst_n&wm=Y,전통주
감홍로백자,40,https://dbscthumb-phinf.pstatic.net/4776_000_1/20170524102414291_6V5A8YD3M.jpg/fe87_114_i1.jpg?type=m4500_4500_fst_n&wm=Y,전통주
감홍로청자,40,https://dbscthumb-phinf.pstatic.net/4776_000_1/20170522121138140_XXNFBQ9ZP.jpg/fe87_115_i1.jpg?type=m4500_4500_fst_n&wm=Y,전통주
강소주,50,https://dbscthumb-phinf.pstatic.net/4776_000_1/20181013015945974_9DL5P0SXM.jpg/fe87_280_i1.jpg?type=m4500_4500_fst_n&wm=Y,전통주
강쇠,13,https://dbscthumb-phinf.pstatic.net/4776_000_1/20170522191719813_L3VMMVLR6.JPG/fe87_188_i1.JPG?type=m4500_4500_fst_n&wm=Y,전통주
겨울소주25,25,https://dbscthumb-phinf.pstatic.net/4776_000_2/20200824191033138_I0O31P43W.jpg/fe87_482_i1.jpg?type=m4500_4500_fst_n&wm=Y,전통주
계룡백일주12년,40,https://dbscthumb-phinf.pstatic.net/4776_000_1/20170522122404563_4R1HGHIOW.jpg/fe87_119_i1.jpg?type=m4500_4500_fst_n&wm=Y,전통주
계룡백일주16,16,https://dbscthumb-phinf.pstatic.net/4776_000_1/20170522121231543_Y7KE995X3.jpg/fe87_116_i1.jpg?type=m4500_4500_fst_n&wm=Y,전통주
계룡백일주30,30,https://dbscthumb-phinf.pstatic.net/4776_000_1/20170522121608958_G8056J9O0.jpg/fe87_117_i1.jpg?type=m4500_4500_fst_n&wm=Y,전통주
계룡백일주40,40,https://dbscthumb-phinf.pstatic.net/4776_000_1/20170522122010713_JJMI5M26Y.jpg/fe87_118_i1.jpg?type=m4500_4500_fst_n&wm=Y,전통주
계룡산산삼주금수강산21,21,https://dbscthumb-phinf.pstatic.net/4776_000_1/20181013012751849_ERJWLTDF0.jpg/fe87_276_i1.jpg?type=m4500_4500_fst_n&wm=Y,전통주
계룡산산삼주금수강산40,40,https://dbscthumb-phinf.pstatic.net/4776_000_1/20181013011842282_94AB1QQSO.jpg/fe87_275_i1.jpg?type=m4500_4500_fst_n&wm=Y,전통주
고구마아락,40,https://dbscthumb-phinf.pstatic.net/4776_000_1/20170522172843893_4SF2KBD45.jpg/fe87_171_i1.jpg?type=m4500_4500_fst_n&wm=Y,전통주
고도리레드와인스위트,12,https://dbscthumb-phinf.pstatic.net/4776_000_1/20181012232607390_PR1T3J94Y.jpg/fe87_257_i1.jpg?type=m4500_4500_fst_n&wm=Y,전통주
고도리복숭아와인,6.5,https://dbscthumb-phinf.pstatic.net/4776_000_3/20230323160321312_PT2ZLF9OY.jpg/fe87_258_i1.jpg?type=m4500_4500_fst_n&wm=Y,전통주
고도리화이트와인드라이,10.5,https://dbscthumb-phinf.pstatic.net/4776_000_1/20181012231753430_BXL6O7JRO.jpg/fe87_256_i1.jpg?type=m4500_4500_fst_n&wm=Y,전통주
고도리화이트와인스위트,10.5,https://dbscthumb-phinf.pstatic.net/4776_000_1/20181012230912307_6HTQENADJ.jpg/fe87_255_i1.jpg?type=m4500_4500_fst_n&wm=Y,전통주
고소리술,40,https://dbscthumb-phinf.pstatic.net/4776_000_1/20181012222003982_BRW7WNUMG.jpg/fe87_250_i1.jpg?type=m4500_4500_fst_n&wm=Y,전통주
고운달백자,52,https://dbscthumb-phinf.pstatic.net/4776_000_1/20181012234452688_TCQKAUHRR.jpg/fe87_260_i1.jpg?type=m4500_4500_fst_n&wm=Y,전통주
고운달오크,52,https://dbscthumb-phinf.pstatic.net/4776_000_1/20181012233858393_OS3EASQ8L.jpg/fe87_259_i1.jpg?type=m4500_4500_fst_n&wm=Y,전통주
고창선운산땡큐복분자주,13,https://dbscthumb-phinf.pstatic.net/4776_000_1/20181013002617552_ZEZTE1FR0.jpg/fe87_267_i1.jpg?type=m4500_4500_fst_n&wm=Y,전통주
고창선운산땡큐블루베리주,13,https://dbscthumb-phinf.pstatic.net/4776_000_1/20181013004450642_1QTC63ZH8.jpg/fe87_270_i1.jpg?type=m4500_4500_fst_n&wm=Y,전통주
고창선운산복분자주특1호,15,https://dbscthumb-phinf.pstatic.net/4776_000_1/20181013003339078_RJJFXK3KF.jpg/fe87_268_i1.jpg?type=m4500_4500_fst_n&wm=Y,전통주
공주애오디와인,15,https://dbscthumb-phinf.pstatic.net/4776_000_1/20181013030946221_6W66ZE0JB.jpg/fe87_288_i1.jpg?type=m4500_4500_fst_n&wm=Y,전통주
구기홍주14,14,https://dbscthumb-phinf.pstatic.net/4776_000_2/20200824190818965_N0WFTK1VM.jpg/fe87_481_i1.jpg?type=m4500_4500_fst_n&wm=Y,전통주
그랑꼬또M56,12,https://dbscthumb-phinf.pstatic.net/4776_000_1/20170522125019915_X9OP9CNG9.jpg/fe87_125_i1.jpg?type=m4500_4500_fst_n&wm=Y,전통주
그랑꼬또M5610,10,https://dbscthumb-phinf.pstatic.net/4776_000_2/20200824171958126_D4UL2DGO9.jpg/fe87_440_i1.jpg?type=m4500_4500_fst_n&wm=Y,전통주
그랑꼬또레드와인,12,https://dbscthumb-phinf.pstatic.net/4776_000_2/20200824171811871_DI0RHX5YW.jpg/fe87_439_i1.jpg?type=m4500_4500_fst_n&wm=Y,전통주
그랑꼬또로제와인,12,https://dbscthumb-phinf.pstatic.net/4776_000_1/20170522124437029_XHAF0B41O.jpg/fe87_124_i1.jpg?type=m4500_4500_fst_n&wm=Y,전통주
그랑꼬또청수,12,https://dbscthumb-phinf.pstatic.net/4776_000_3/20230323160232503_NO9N5EAO8.jpg/fe87_123_i1.jpg?type=m4500_4500_fst_n&wm=Y,전통주
그랑꼬또화이트와인,12,https://dbscthumb-phinf.pstatic.net/4776_000_2/20200824172218447_0SJ2GM3TS.jpg/fe87_441_i1.jpg?type=m4500_4500_fst_n&wm=Y,전통주
그랑티그르CE2002,12,https://dbscthumb-phinf.pstatic.net/4776_000_2/20190726150728113_RR7DBHY6K.jpg/fe87_357_i1.jpg?type=m4500_4500_fst_n&wm=Y,전통주
그랑티그르M1988,12,https://dbscthumb-phinf.pstatic.net/4776_000_2/20190726151102261_RZ9LYKT2P.jpg/fe87_358_i1.jpg?type=m4500_4500_fst_n&wm=Y,전통주
그랑티그르S1974,12,https://dbscthumb-phinf.pstatic.net/4776_000_1/20170522205812223_JZUBPFCR5.JPG/fe87_204_i1.JPG?type=m4500_4500_fst_n&wm=Y,전통주
금산인삼주,12.5,https://dbscthumb-phinf.pstatic.net/4776_000_1/20170522130949610_73YISFLV5.jpg/fe87_128_i1.jpg?type=m4500_4500_fst_n&wm=Y,전통주
금산인삼주수삼단본23,23,https://dbscthumb-phinf.pstatic.net/4776_000_1/20170522130310035_D2R0J5ZC6.jpg/fe87_127_i1.jpg?type=m4500_4500_fst_n&wm=Y,전통주
금산인삼주수삼단본43,43,https://dbscthumb-phinf.pstatic.net/4776_000_1/20170522125634555_90571L3VX.jpg/fe87_126_i1.jpg?type=m4500_4500_fst_n&wm=Y,전통주
금이산농원복숭아와인,12,https://dbscthumb-phinf.pstatic.net/4776_000_2/20190726161359173_9HUOKI9N5.jpg/fe87_381_i1.jpg?type=m4500_4500_fst_n&wm=Y,전통주
금이산농원사과와인,12,https://dbscthumb-phinf.pstatic.net/4776_000_2/20190726161906222_QQZWJ0A98.jpg/fe87_383_i1.jpg?type=m4500_4500_fst_n&wm=Y,전통주
금이산농원오가피와인,12,https://dbscthumb-phinf.pstatic.net/4776_000_2/20190726161628188_7HQRKFCS1.jpg/fe87_382_i1.jpg?type=m4500_4500_fst_n&wm=Y,전통주
기다림맑은술,15,https://dbscthumb-phinf.pstatic.net/4776_000_2/20190726170758628_26LKBRKT3.jpg/fe87_399_i1.jpg?type=m4500_4500_fst_n&wm=Y,전통주
김천과하주16,16,https://dbscthumb-phinf.pstatic.net/4776_000_1/20170522133733336_OOJ6AWYX4.jpg/fe87_132_i1.jpg?type=m4500_4500_fst_n&wm=Y,전통주
김천과하주23,23,https://dbscthumb-phinf.pstatic.net/4776_000_1/20170522133208131_BVC138A22.jpg/fe87_131_i1.jpg?type=m4500_4500_fst_n&wm=Y,전통주
김포별주,13,https://dbscthumb-phinf.pstatic.net/4776_000_1/20181013050409841_KWAXKEIH5.jpg/fe87_304_i1.jpg?type=m4500_4500_fst_n&wm=Y,전통주
김포약주,11,https://dbscthumb-phinf.pstatic.net/4776_000_1/20181013045722091_SD48VR1QY.jpg/fe87_303_i1.jpg?type=m4500_4500_fst_n&wm=Y,전통주
김포예주,13,https://dbscthumb-phinf.pstatic.net/4776_000_1/20181013044420009_D8C32375N.jpg/fe87_301_i1.jpg?type=m4500_4500_fst_n&wm=Y,전통주
김포특주,15,https://dbscthumb-phinf.pstatic.net/4776_000_1/20181013062101632_MU0YTMOKW.jpg/fe87_315_i1.jpg?type=m4500_4500_fst_n&wm=Y,전통주
남산애레드와인,14,https://dbscthumb-phinf.pstatic.net/4776_000_2/20190726160504384_NN5Q6PCJP.jpg/fe87_378_i1.jpg?type=m4500_4500_fst_n&wm=Y,전통주
남산애포트와인,18.5,https://dbscthumb-phinf.pstatic.net/4776_000_2/20190726161108080_D0C8OEVJU.jpg/fe87_380_i1.jpg?type=m4500_4500_fst_n&wm=Y,전통주
내장산복분자주,16,https://dbscthumb-phinf.pstatic.net/4776_000_1/20170113200213751_1O6QLOKTA.jpg/fe87_043_i1.jpg?type=m4500_4500_fst_n&wm=Y,전통주
녹천소곡화주,41,https://dbscthumb-phinf.pstatic.net/4776_000_1/20170522140116392_0S379KTXX.JPG/fe87_136_i1.JPG?type=m4500_4500_fst_n&wm=Y,전통주
녹천한산소곡주살균,16,https://dbscthumb-phinf.pstatic.net/4776_000_1/20170522135536418_9ENAN0J70.jpg/fe87_135_i1.jpg?type=m4500_4500_fst_n&wm=Y,전통주
녹천한산소곡주생,16,https://dbscthumb-phinf.pstatic.net/4776_000_1/20170522134919916_VHYNC80WS.jpg/fe87_134_i1.jpg?type=m4500_4500_fst_n&wm=Y,전통주
녹파주,15,https://dbscthumb-phinf.pstatic.net/4776_000_1/20181013054605691_IEV740J47.jpg/fe87_310_i1.jpg?type=m4500_4500_fst_n&wm=Y,전통주
능이주,13,https://dbscthumb-phinf.pstatic.net/4776_000_1/20181013013748016_7G95HK0CF.jpg/fe87_277_i1.jpg?type=m4500_4500_fst_n&wm=Y,전통주
니모메,11,https://dbscthumb-phinf.pstatic.net/4776_000_3/20230323160250127_8XD7PXQWP.jpg/fe87_253_i1.jpg?type=m4500_4500_fst_n&wm=Y,전통주
다래와인3004,8,https://dbscthumb-phinf.pstatic.net/4776_000_1/20170522224552645_ZI3DDO3HU.JPG/fe87_220_i1.JPG?type=m4500_4500_fst_n&wm=Y,전통주
다래와인7004D,12,https://dbscthumb-phinf.pstatic.net/4776_000_1/20170522230016288_G2NQWE8FK.JPG/fe87_222_i1.JPG?type=m4500_4500_fst_n&wm=Y,전통주
다래와인7004S,8,https://dbscthumb-phinf.pstatic.net/4776_000_1/20170522225420420_QHBESK3ZG.JPG/fe87_221_i1.JPG?type=m4500_4500_fst_n&wm=Y,전통주
담솔,40,https://dbscthumb-phinf.pstatic.net/4776_000_1/20170113195324979_3Z8A8HJA7.jpg/fe87_025_i1.jpg?type=m4500_4500_fst_n&wm=Y,전통주
담양죽력고,25,https://dbscthumb-phinf.pstatic.net/4776_000_2/20200824175814016_GDG82MFV4.jpg/fe87_455_i1.jpg?type=m4500_4500_fst_n&wm=Y,전통주
당당하리,15,https://dbscthumb-phinf.pstatic.net/4776_000_3/20220323113642086_4OKGWLOF6.png/fe87_532_i1.png?type=m4500_4500_fst_n&wm=Y,전통주
대관령복분자주,16,https://dbscthumb-phinf.pstatic.net/4776_000_1/20170522220808149_9N40BOPL3.JPG/fe87_214_i1.JPG?type=m4500_4500_fst_n&wm=Y,전통주
대윤가야곡왕주,13,https://dbscthumb-phinf.pstatic.net/4776_000_1/20170522144946609_COXYSSMJ2.jpg/fe87_144_i1.jpg?type=m4500_4500_fst_n&wm=Y,전통주
대통대잎술,15,https://dbscthumb-phinf.pstatic.net/4776_000_1/20170113200235224_4XP2IQS4M.jpg/fe87_044_i1.jpg?type=m4500_4500_fst_n&wm=Y,전통주
도로시머루주,12,https://dbscthumb-phinf.pstatic.net/4776_000_2/20200824185522414_4FHY0A4HO.jpg/fe87_476_i1.jpg?type=m4500_4500_fst_n&wm=Y,전통주
독산53,53,https://dbscthumb-phinf.pstatic.net/4776_000_2/20200824191819032_XO1QHX9EJ.jpg/fe87_485_i1.jpg?type=m4500_4500_fst_n&wm=Y,전통주
동강더덕주,20,https://dbscthumb-phinf.pstatic.net/4776_000_1/20170522200154735_59POOCI1V.jpg/fe87_196_i1.jpg?type=m4500_4500_fst_n&wm=Y,전통주
동몽,17,https://dbscthumb-phinf.pstatic.net/4776_000_1/20170116183755171_V64VQROUB.jpg/fe87_100_i1.jpg?type=m4500_4500_fst_n&wm=Y,전통주
동학1957,13,https://dbscthumb-phinf.pstatic.net/4776_000_3/20200824210240472_IM2XKDIOS.png/fe87_523_i1.png?type=m4500_4500_fst_n&wm=Y,전통주
두레앙22,22,https://dbscthumb-phinf.pstatic.net/4776_000_2/20200824174543797_78RL2ZSST.jpg/fe87_449_i1.jpg?type=m4500_4500_fst_n&wm=Y,전통주
두레앙브랜디,35,https://dbscthumb-phinf.pstatic.net/4776_000_1/20170522155416710_BYZREPLNT.JPG/fe87_157_i1.JPG?type=m4500_4500_fst_n&wm=Y,전통주
두레앙와인,12,https://dbscthumb-phinf.pstatic.net/4776_000_1/20170522154259145_FGEKAU6VD.JPG/fe87_155_i1.JPG?type=m4500_4500_fst_n&wm=Y,전통주
두레앙증류주,35,https://dbscthumb-phinf.pstatic.net/4776_000_1/20170522154942113_8RVCMJWU9.JPG/fe87_156_i1.JPG?type=m4500_4500_fst_n&wm=Y,전통주
두리향,43,https://dbscthumb-phinf.pstatic.net/4776_000_2/20190726143813529_CG8MLIWPN.jpg/fe87_345_i1.jpg?type=m4500_4500_fst_n&wm=Y,전통주
라이스퐁당13,13,https://dbscthumb-phinf.pstatic.net/4776_000_2/20200824201854230_A6LCNWYO1.jpg/fe87_507_i1.jpg?type=m4500_4500_fst_n&wm=Y,전통주
라이스퐁당17,17,https://dbscthumb-phinf.pstatic.net/4776_000_2/20200824202400121_U59V7XN47.jpg/fe87_508_i1.jpg?type=m4500_4500_fst_n&wm=Y,전통주
레돔내추럴스파클링로제와인,7.5,https://dbscthumb-phinf.pstatic.net/4776_000_2/20190726172533265_UUZLJ3IGE.jpg/fe87_405_i1.jpg?type=m4500_4500_fst_n&wm=Y,전통주
레돔시드르,6,https://dbscthumb-phinf.pstatic.net/4776_000_2/20190726172843804_0D03IMN8J.jpg/fe87_406_i1.jpg?type=m4500_4500_fst_n&wm=Y,전통주
려25,25,https://dbscthumb-phinf.pstatic.net/4776_000_1/20170424210742561_R5GU3WCNR.jpg/fe87_106_i1.jpg?type=m4500_4500_fst_n&wm=Y,전통주
려고구마증류소주25,25,https://dbscthumb-phinf.pstatic.net/4776_000_1/20170424210819339_5DULMVU9K.jpg/fe87_107_i1.jpg?type=m4500_4500_fst_n&wm=Y,전통주
려고구마증류소주40,40,https://dbscthumb-phinf.pstatic.net/4776_000_1/20170424210855331_2ZJF5SEO7.jpg/fe87_108_i1.jpg?type=m4500_4500_fst_n&wm=Y,전통주
로얄안동소주18년,45,https://dbscthumb-phinf.pstatic.net/4776_000_1/20170522211307558_H9TIYB74M.jpg/fe87_206_i1.jpg?type=m4500_4500_fst_n&wm=Y,전통주
르깔롱,16,https://dbscthumb-phinf.pstatic.net/4776_000_2/20200824175535796_H0JOTUVQC.jpg/fe87_454_i1.jpg?type=m4500_4500_fst_n&wm=Y,전통주
마셔블랑,12,https://dbscthumb-phinf.pstatic.net/4776_000_2/20190726162745855_W8FTSXZ1K.jpg/fe87_386_i1.jpg?type=m4500_4500_fst_n&wm=Y,전통주
마주소곡주,16,https://dbscthumb-phinf.pstatic.net/4776_000_3/20200824203120507_06S3D21AR.jpg/fe87_509_i1.jpg?type=m4500_4500_fst_n&wm=Y,전통주
마주소곡화주,41,https://dbscthumb-phinf.pstatic.net/4776_000_3/20200824203313560_GMVQB6P81.jpg/fe87_510_i1.jpg?type=m4500_4500_fst_n&wm=Y,전통주
막시모40,40,https://dbscthumb-phinf.pstatic.net/4776_000_2/20190726144003806_8T5BG7L98.jpg/fe87_346_i1.jpg?type=m4500_4500_fst_n&wm=Y,전통주
맑은내일Winery단감명작,7,https://dbscthumb-phinf.pstatic.net/4776_000_3/20220323114554702_VMLR890DG.png/fe87_536_i1.png?type=m4500_4500_fst_n&wm=Y,전통주
맑은내일우포,12,https://dbscthumb-phinf.pstatic.net/4776_000_2/20200824192801910_61RYGINQY.jpg/fe87_488_i1.jpg?type=m4500_4500_fst_n&wm=Y,전통주
맑은문희주,13,https://dbscthumb-phinf.pstatic.net/4776_000_1/20170116183312216_3JCMJ114O.jpg/fe87_094_i1.jpg?type=m4500_4500_fst_n&wm=Y,전통주
맑은술해밀,15,https://dbscthumb-phinf.pstatic.net/4776_000_2/20190726172301804_F1MO9V9DR.jpg/fe87_404_i1.jpg?type=m4500_4500_fst_n&wm=Y,전통주
매실원주15,15,https://dbscthumb-phinf.pstatic.net/4776_000_1/20170522145518281_1S6I647X0.jpg/fe87_145_i1.jpg?type=m4500_4500_fst_n&wm=Y,전통주
매실향기담은술,14,https://dbscthumb-phinf.pstatic.net/4776_000_2/20190726181109433_EPUC6ID06.jpg/fe87_422_i1.jpg?type=m4500_4500_fst_n&wm=Y,전통주
머루이야기,12,https://dbscthumb-phinf.pstatic.net/4776_000_1/20170522181501077_JI6CLLTGF.jpg/fe87_179_i1.jpg?type=m4500_4500_fst_n&wm=Y,전통주
머르드서드라이,13.5,https://dbscthumb-phinf.pstatic.net/4776_000_2/20200824184534918_DANFDJQ84.jpg/fe87_473_i1.jpg?type=m4500_4500_fst_n&wm=Y,전통주
머르드서스위트,12,https://dbscthumb-phinf.pstatic.net/4776_000_2/20200824184853347_6O5E0NMWZ.jpg/fe87_474_i1.jpg?type=m4500_4500_fst_n&wm=Y,전통주
메밀로,45,https://dbscthumb-phinf.pstatic.net/4776_000_2/20190726155150120_99GBPEE9F.jpg/fe87_374_i1.jpg?type=m4500_4500_fst_n&wm=Y,전통주
면천두견주,18,https://dbscthumb-phinf.pstatic.net/4776_000_1/20181013064354490_NF663ZJYG.jpg/fe87_319_i1.jpg?type=m4500_4500_fst_n&wm=Y,전통주
명가원복분자술,16,https://dbscthumb-phinf.pstatic.net/4776_000_1/20170224173331157_XPTTQ0M64.jpg/fe87_041_i1.jpg?type=m4500_4500_fst_n&wm=Y,전통주
명술,20,https://dbscthumb-phinf.pstatic.net/4776_000_1/20170522230644302_0GY7ISA8O.jpg/fe87_224_i1.jpg?type=m4500_4500_fst_n&wm=Y,전통주
명인안동소주22,22,https://dbscthumb-phinf.pstatic.net/4776_000_1/20170522162333535_OCCBZ89PX.jpg/fe87_161_i1.jpg?type=m4500_4500_fst_n&wm=Y,전통주
명인안동소주양반탈,45,https://dbscthumb-phinf.pstatic.net/4776_000_1/20170522161550190_47KL5GJOG.JPG/fe87_160_i1.JPG?type=m4500_4500_fst_n&wm=Y,전통주
명인안동소주호리병,45,https://dbscthumb-phinf.pstatic.net/4776_000_1/20170522160812177_IZHIQMDOY.JPG/fe87_159_i1.JPG?type=m4500_4500_fst_n&wm=Y,전통주
명인홍삼주,12.5,https://dbscthumb-phinf.pstatic.net/4776_000_1/20170522131739870_1VS1L4CXC.jpg/fe87_129_i1.jpg?type=m4500_4500_fst_n&wm=Y,전통주
명작복분자,13,https://dbscthumb-phinf.pstatic.net/4776_000_1/20170522122544936_M8DFBY9V9.jpg/fe87_120_i1.jpg?type=m4500_4500_fst_n&wm=Y,전통주
명품진도홍주,38,https://dbscthumb-phinf.pstatic.net/4776_000_1/20170522141855700_2AIH667Y7.jpg/fe87_139_i1.jpg?type=m4500_4500_fst_n&wm=Y,전통주
모월로,25,https://dbscthumb-phinf.pstatic.net/4776_000_2/20200824193820985_K2MJ9N55G.jpg/fe87_491_i1.jpg?type=m4500_4500_fst_n&wm=Y,전통주
모월연,13,https://dbscthumb-phinf.pstatic.net/4776_000_2/20200824194259734_LEKZXDYCY.jpg/fe87_493_i1.jpg?type=m4500_4500_fst_n&wm=Y,전통주
모월인,41,https://dbscthumb-phinf.pstatic.net/4776_000_2/20200824193546456_PTKIQQ32Y.jpg/fe87_490_i1.jpg?type=m4500_4500_fst_n&wm=Y,전통주
모월청,16,https://dbscthumb-phinf.pstatic.net/4776_000_2/20200824194049194_CXYXL4G4E.jpg/fe87_492_i1.jpg?type=m4500_4500_fst_n&wm=Y,전통주
모을동주소주,43,https://dbscthumb-phinf.pstatic.net/4776_000_2/20200824200249959_SPOX121C8.jpg/fe87_501_i1.jpg?type=m4500_4500_fst_n&wm=Y,전통주
모을동주약주,13,https://dbscthumb-phinf.pstatic.net/4776_000_2/20200824200040621_DUAWP1YP1.jpg/fe87_500_i1.jpg?type=m4500_4500_fst_n&wm=Y,전통주
무주구천동머루와인,12,https://dbscthumb-phinf.pstatic.net/4776_000_1/20170522151516741_Z4KJBKJ0M.jpg/fe87_149_i1.jpg?type=m4500_4500_fst_n&wm=Y,전통주
무주구천동산머루주,16,https://dbscthumb-phinf.pstatic.net/4776_000_1/20170522152040745_5VKW9PGW9.jpg/fe87_150_i1.jpg?type=m4500_4500_fst_n&wm=Y,전통주
문경바람백자25,25,https://dbscthumb-phinf.pstatic.net/4776_000_3/20230323160433750_58QJ651P9.jpg/fe87_263_i1.jpg?type=m4500_4500_fst_n&wm=Y,전통주
문경바람백자40,40,https://dbscthumb-phinf.pstatic.net/4776_000_3/20230323160351296_EKRZC5H1Q.jpg/fe87_262_i1.jpg?type=m4500_4500_fst_n&wm=Y,전통주
문경바람오크,40,https://dbscthumb-phinf.pstatic.net/4776_000_3/20230323160330810_G74A4JD1Q.jpg/fe87_261_i1.jpg?type=m4500_4500_fst_n&wm=Y,전통주
문배술헤리티지23,23,https://dbscthumb-phinf.pstatic.net/4776_000_1/20170522162607000_9U6NN3ZYB.JPG/fe87_162_i1.JPG?type=m4500_4500_fst_n&wm=Y,전통주
문배술헤리티지25,25,https://dbscthumb-phinf.pstatic.net/4776_000_1/20170522163344489_1YI0G715J.jpg/fe87_163_i1.jpg?type=m4500_4500_fst_n&wm=Y,전통주
문배술헤리티지40,40,https://dbscthumb-phinf.pstatic.net/4776_000_1/20170522164125274_3S0UZLNWY.jpg/fe87_164_i1.jpg?type=m4500_4500_fst_n&wm=Y,전통주
미르25,25,https://dbscthumb-phinf.pstatic.net/4776_000_1/20170116183811505_7PS7QO4BZ.jpg/fe87_101_i1.jpg?type=m4500_4500_fst_n&wm=Y,전통주
미르40,40,https://dbscthumb-phinf.pstatic.net/4776_000_1/20170112174944783_LIGF9O86H.jpg/fe87_001_i1.jpg?type=m4500_4500_fst_n&wm=Y,전통주
미소아이스,12,https://dbscthumb-phinf.pstatic.net/4776_000_1/20170113195656055_E6HTARPXC.jpg/fe87_034_i1.jpg?type=m4500_4500_fst_n&wm=Y,전통주
미인약주,15,https://dbscthumb-phinf.pstatic.net/4776_000_1/20181013034743634_M48C9PA6V.jpg/fe87_293_i1.jpg?type=m4500_4500_fst_n&wm=Y,전통주
밤꽃향기,13.5,https://dbscthumb-phinf.pstatic.net/4776_000_1/20181013024252178_Z43EQIDQB.jpg/fe87_285_i1.jpg?type=m4500_4500_fst_n&wm=Y,전통주
방문주약주,15,https://dbscthumb-phinf.pstatic.net/4776_000_2/20190726143600391_ECYP54JP9.jpg/fe87_344_i1.jpg?type=m4500_4500_fst_n&wm=Y,전통주
배도가로아19레드,19,https://dbscthumb-phinf.pstatic.net/4776_000_3/20220323114339292_XF6MY1E7A.png/fe87_534_i1.png?type=m4500_4500_fst_n&wm=Y,전통주
배도가로아40옐로우,40,https://dbscthumb-phinf.pstatic.net/4776_000_1/20170522174311526_THNUY8D9J.jpg/fe87_174_i1.jpg?type=m4500_4500_fst_n&wm=Y,전통주
백련맑은술,12,https://dbscthumb-phinf.pstatic.net/4776_000_1/20170220162000705_KLTUKC2GF.jpg/%EC%8B%A0%ED%8F%89.jpg?type=m4500_4500_fst_n&wm=Y,전통주
백운복분자와인,11,https://dbscthumb-phinf.pstatic.net/4776_000_1/20170522175406242_4G4GK73HN.JPG/fe87_176_i1.JPG?type=m4500_4500_fst_n&wm=Y,전통주
백운복분자주,13,https://dbscthumb-phinf.pstatic.net/4776_000_1/20170522174800230_1UOHVZX7W.JPG/fe87_175_i1.JPG?type=m4500_4500_fst_n&wm=Y,전통주
백이주,35,https://dbscthumb-phinf.pstatic.net/4776_000_3/20220323113956711_9PAKZKGR0.png/fe87_533_i1.png?type=m4500_4500_fst_n&wm=Y,전통주
뱅꼬레레드와인,12,https://dbscthumb-phinf.pstatic.net/4776_000_1/20181012205254131_OZN4S1OAO.jpg/fe87_242_i1.jpg?type=m4500_4500_fst_n&wm=Y,전통주
뱅꼬레로제와인,11.5,https://dbscthumb-phinf.pstatic.net/4776_000_1/20181012210240572_XK8VZYOLZ.jpg/fe87_243_i1.jpg?type=m4500_4500_fst_n&wm=Y,전통주
뱅꼬레아이스와인,12,https://dbscthumb-phinf.pstatic.net/4776_000_1/20181012212604983_WTSBPY7PF.jpg/fe87_245_i1.jpg?type=m4500_4500_fst_n&wm=Y,전통주
뱅꼬레화이트와인,11,https://dbscthumb-phinf.pstatic.net/4776_000_1/20181012211534314_ZPGFI2NWS.jpg/fe87_244_i1.jpg?type=m4500_4500_fst_n&wm=Y,전통주
베베마루캠벨로제,12,https://dbscthumb-phinf.pstatic.net/4776_000_1/20170522203948823_XPSCEDTMP.JPG/fe87_202_i1.JPG?type=m4500_4500_fst_n&wm=Y,전통주
베베마루캠벨로제스위트,10,https://dbscthumb-phinf.pstatic.net/4776_000_1/20170522204813842_X33O0OUFO.JPG/fe87_203_i1.JPG?type=m4500_4500_fst_n&wm=Y,전통주
별바랑,17.5,https://dbscthumb-phinf.pstatic.net/4776_000_2/20200824195506913_4EW1YOOHL.jpg/fe87_498_i1.jpg?type=m4500_4500_fst_n&wm=Y,전통주
병영설성사또,40,https://dbscthumb-phinf.pstatic.net/4776_000_2/20190726152636871_R5UYFLRLP.jpg/fe87_364_i1.jpg?type=m4500_4500_fst_n&wm=Y,전통주
병영소주,40,https://dbscthumb-phinf.pstatic.net/4776_000_1/20170113195350934_1HYPL52K5.jpg/fe87_026_i1.jpg?type=m4500_4500_fst_n&wm=Y,전통주
복분자아락,40,https://dbscthumb-phinf.pstatic.net/4776_000_1/20170524104412274_I99QVMN5H.jpg/fe87_170_i1.jpg?type=m4500_4500_fst_n&wm=Y,전통주
복분자음,12,https://dbscthumb-phinf.pstatic.net/4776_000_1/20170524104616975_CBQ4VJBPS.jpg/fe87_172_i1.jpg?type=m4500_4500_fst_n&wm=Y,전통주
부안참뽕와인,13,https://dbscthumb-phinf.pstatic.net/4776_000_1/20170522153202054_KTKM4P4O2.jpg/fe87_153_i1.jpg?type=m4500_4500_fst_n&wm=Y,전통주
불소곡주,43,https://dbscthumb-phinf.pstatic.net/4776_000_1/20170522120402956_SI6QIFFEE.jpg/fe87_109_i1.jpg?type=m4500_4500_fst_n&wm=Y,전통주
블루베리이야기,12,https://dbscthumb-phinf.pstatic.net/4776_000_1/20170522182136200_1TIF2FFWA.JPG/fe87_180_i1.JPG?type=m4500_4500_fst_n&wm=Y,전통주
산내울복분자주,16,https://dbscthumb-phinf.pstatic.net/4776_000_2/20200824174907198_4NONN08R7.jpg/fe87_451_i1.jpg?type=m4500_4500_fst_n&wm=Y,전통주
산내울사과애주,16,https://dbscthumb-phinf.pstatic.net/4776_000_2/20200824175052305_QC1VFFGHF.jpg/fe87_452_i1.jpg?type=m4500_4500_fst_n&wm=Y,전통주
산내울오미자주,16,https://dbscthumb-phinf.pstatic.net/4776_000_2/20200824174729359_N7W78ZJG0.jpg/fe87_450_i1.jpg?type=m4500_4500_fst_n&wm=Y,전통주
산막대덕주,13,https://dbscthumb-phinf.pstatic.net/4776_000_1/20170522192030937_322OWD9YO.JPG/fe87_189_i1.JPG?type=m4500_4500_fst_n&wm=Y,전통주
삼양춘생약주,15,https://dbscthumb-phinf.pstatic.net/4776_000_1/20181013035930533_I2J6X04GR.jpg/fe87_295_i1.jpg?type=m4500_4500_fst_n&wm=Y,전통주
삼양춘청주,15,https://dbscthumb-phinf.pstatic.net/4776_000_3/20200824211112381_47VMUG3Y8.jpg/fe87_526_i1.jpg?type=m4500_4500_fst_n&wm=Y,전통주
샤토미소랑,12,https://dbscthumb-phinf.pstatic.net/4776_000_2/20190726144753809_O4DAV7GMZ.jpg/fe87_350_i1.jpg?type=m4500_4500_fst_n&wm=Y,전통주
샤토미소레드프리미엄드라이,13,https://dbscthumb-phinf.pstatic.net/4776_000_2/20190726145035725_6S4CC37DU.jpg/fe87_351_i1.jpg?type=m4500_4500_fst_n&wm=Y,전통주
샤토미소스위트,12,https://dbscthumb-phinf.pstatic.net/4776_000_1/20170113195733955_PZD5U0ZWQ.jpg/fe87_036_i1.jpg?type=m4500_4500_fst_n&wm=Y,전통주
샤토미소영동,40,https://dbscthumb-phinf.pstatic.net/4776_000_2/20190726145345007_EIFBX0W2A.jpg/fe87_352_i1.jpg?type=m4500_4500_fst_n&wm=Y,전통주
샹스프랑보아즈,13,https://dbscthumb-phinf.pstatic.net/4776_000_2/20190726142611986_W19AM5ZK0.jpg/fe87_339_i1.jpg?type=m4500_4500_fst_n&wm=Y,전통주
서울의밤,25,https://dbscthumb-phinf.pstatic.net/4776_000_2/20181016191204559_YG8AEQGYD.jpg/fe87_266_i1.jpg?type=m4500_4500_fst_n&wm=Y,전통주
서주16,16,https://dbscthumb-phinf.pstatic.net/4776_000_2/20190726173545918_H7AP76A5L.jpg/fe87_408_i1.jpg?type=m4500_4500_fst_n&wm=Y,전통주
석로주,13,https://dbscthumb-phinf.pstatic.net/4776_000_3/20230323160516038_46I8IFIIY.jpg/fe87_309_i1.jpg?type=m4500_4500_fst_n&wm=Y,전통주
석탄주약주,15,https://dbscthumb-phinf.pstatic.net/4776_000_2/20190726143157722_IOQJC5DGP.jpg/fe87_342_i1.jpg?type=m4500_4500_fst_n&wm=Y,전통주
선운산복분자와인,13,https://dbscthumb-phinf.pstatic.net/4776_000_2/20190726142128458_R9TXCIXD1.jpg/fe87_337_i1.jpg?type=m4500_4500_fst_n&wm=Y,전통주
선운산복분자주,16,https://dbscthumb-phinf.pstatic.net/4776_000_2/20190726141913121_CYKXHFPQT.jpg/fe87_336_i1.jpg?type=m4500_4500_fst_n&wm=Y,전통주
선운산복분자주프리미엄,19,https://dbscthumb-phinf.pstatic.net/4776_000_2/20190729165450101_WFS36KLAQ.jpg/fe87_338_i1.jpg?type=m4500_4500_fst_n&wm=Y,전통주
설궁,30,https://dbscthumb-phinf.pstatic.net/4776_000_1/20170522184214208_7L639XFXD.JPG/fe87_183_i1.JPG?type=m4500_4500_fst_n&wm=Y,전통주
설레온,40,https://dbscthumb-phinf.pstatic.net/4776_000_1/20170522143915441_IPPTR1TKG.jpg/fe87_142_i1.jpg?type=m4500_4500_fst_n&wm=Y,전통주
설련주,16,https://dbscthumb-phinf.pstatic.net/4776_000_2/20200824181416232_QXDXFJ0LD.jpg/fe87_461_i1.jpg?type=m4500_4500_fst_n&wm=Y,전통주
세우리,45,https://dbscthumb-phinf.pstatic.net/4776_000_1/20181012225759997_CK2129JXT.jpg/fe87_254_i1.jpg?type=m4500_4500_fst_n&wm=Y,전통주
세종대왕어주약주,15,https://dbscthumb-phinf.pstatic.net/4776_000_2/20200824170807264_OJ2M0B5P2.jpg/fe87_436_i1.jpg?type=m4500_4500_fst_n&wm=Y,전통주
세종알밤주,6,https://dbscthumb-phinf.pstatic.net/4776_000_1/20170224102143917_X3OALY906.jpg/fe87_078_i1.jpg?type=m4500_4500_fst_n&wm=Y,전통주
세종오가닉,13,https://dbscthumb-phinf.pstatic.net/4776_000_1/20170222182300868_U0V5IFB53.jpg/fe87_079_i1.jpg?type=m4500_4500_fst_n&wm=Y,전통주
소나무와학,43,https://dbscthumb-phinf.pstatic.net/4776_000_1/20170522202048283_VJEL6KHY9.jpg/fe87_199_i1.jpg?type=m4500_4500_fst_n&wm=Y,전통주
소백산청동동주,10,https://dbscthumb-phinf.pstatic.net/4776_000_1/20170116183602133_G2CEPDVMC.jpg/fe87_098_i1.jpg?type=m4500_4500_fst_n&wm=Y,전통주
송이주,13,https://dbscthumb-phinf.pstatic.net/4776_000_1/20181013014529537_VOUXM0UT7.jpg/fe87_278_i1.jpg?type=m4500_4500_fst_n&wm=Y,전통주
송화백일주,38,https://dbscthumb-phinf.pstatic.net/4776_000_2/20190726153119003_6MNBJWRWG.jpg/fe87_366_i1.jpg?type=m4500_4500_fst_n&wm=Y,전통주
순향주,15,https://dbscthumb-phinf.pstatic.net/4776_000_2/20190726182523254_QS6UDE4IH.jpg/fe87_427_i1.jpg?type=m4500_4500_fst_n&wm=Y,전통주
술아국화주,15,https://dbscthumb-phinf.pstatic.net/4776_000_1/20181013071307793_IYQB0A0HG.jpg/fe87_323_i1.jpg?type=m4500_4500_fst_n&wm=Y,전통주
술아매화주,15,https://dbscthumb-phinf.pstatic.net/4776_000_1/20181013065840999_1J1DYQP9R.jpg/fe87_321_i1.jpg?type=m4500_4500_fst_n&wm=Y,전통주
술아순곡주,20,https://dbscthumb-phinf.pstatic.net/4776_000_1/20181013072034509_EAR5K1RIZ.jpg/fe87_324_i1.jpg?type=m4500_4500_fst_n&wm=Y,전통주
술아연화주,15,https://dbscthumb-phinf.pstatic.net/4776_000_1/20181013070614622_4BWJSH46I.jpg/fe87_322_i1.jpg?type=m4500_4500_fst_n&wm=Y,전통주
스타베리오디와인,12,https://dbscthumb-phinf.pstatic.net/4776_000_1/20181012213744881_VGS8HYYWW.jpg/fe87_246_i1.jpg?type=m4500_4500_fst_n&wm=Y,전통주
시나브로드글로리아,12,https://dbscthumb-phinf.pstatic.net/4776_000_2/20190726150503562_RVKZWV96Y.jpg/fe87_356_i1.jpg?type=m4500_4500_fst_n&wm=Y,전통주
시나브로레드드라이,12,https://dbscthumb-phinf.pstatic.net/4776_000_2/20190726145624313_CSKB058I7.jpg/fe87_353_i1.jpg?type=m4500_4500_fst_n&wm=Y,전통주
시나브로레드스위트,12,https://dbscthumb-phinf.pstatic.net/4776_000_2/20190726145910403_89WSJUOPT.jpg/fe87_354_i1.jpg?type=m4500_4500_fst_n&wm=Y,전통주
시나브로로제와인,10,https://dbscthumb-phinf.pstatic.net/4776_000_2/20200824173040335_VW82KACHR.jpg/fe87_444_i1.jpg?type=m4500_4500_fst_n&wm=Y,전통주
시나브로에뚜왈로제스파클링와인,5,https://dbscthumb-phinf.pstatic.net/4776_000_2/20200824172723957_FPBVJDEN8.jpg/fe87_443_i1.jpg?type=m4500_4500_fst_n&wm=Y,전통주
시나브로에뚜왈스파클링,5,https://dbscthumb-phinf.pstatic.net/4776_000_2/20190726150217361_7F93IN9DO.jpg/fe87_355_i1.jpg?type=m4500_4500_fst_n&wm=Y,전통주
시나브로화이트와인,11,https://dbscthumb-phinf.pstatic.net/4776_000_2/20200824172432276_OAHZQ39XO.jpg/fe87_442_i1.jpg?type=m4500_4500_fst_n&wm=Y,전통주
신례명주,50,https://dbscthumb-phinf.pstatic.net/4776_000_2/20190726162400832_9CKAF8BDS.jpg/fe87_385_i1.jpg?type=m4500_4500_fst_n&wm=Y,전통주
신선주,16,https://dbscthumb-phinf.pstatic.net/4776_000_1/20170522203318221_7VH8C6F9C.jpg/fe87_201_i1.jpg?type=m4500_4500_fst_n&wm=Y,전통주
신선주약주,16,https://dbscthumb-phinf.pstatic.net/4776_000_3/20220323115622091_J4DCNLSXN.jpg/fe87_540_i1.jpg?type=m4500_4500_fst_n&wm=Y,전통주
신선주증류주,42,https://dbscthumb-phinf.pstatic.net/4776_000_3/20220323115755079_WIQY3LFXS.jpg/fe87_541_i1.jpg?type=m4500_4500_fst_n&wm=Y,전통주
심플리애플,12,https://dbscthumb-phinf.pstatic.net/4776_000_3/20220323114451213_8THKI406F.jpg/fe87_535_i1.jpg?type=m4500_4500_fst_n&wm=Y,전통주
아황주,17,https://dbscthumb-phinf.pstatic.net/4776_000_1/20181013033514144_YTUSKJLX5.jpg/fe87_291_i1.jpg?type=m4500_4500_fst_n&wm=Y,전통주
안동소주느낌19.8,19.8,https://dbscthumb-phinf.pstatic.net/4776_000_2/20200824180051802_TATIZ2G6M.jpg/fe87_456_i1.jpg?type=m4500_4500_fst_n&wm=Y,전통주
안동소주느낌30,30,https://dbscthumb-phinf.pstatic.net/4776_000_2/20200824180347676_XN6FLDV77.jpg/fe87_457_i1.jpg?type=m4500_4500_fst_n&wm=Y,전통주
안동소주일품17,17,https://dbscthumb-phinf.pstatic.net/4776_000_1/20170522200009206_ND9JGT39T.jpg/fe87_195_i1.jpg?type=m4500_4500_fst_n&wm=Y,전통주
안동소주일품21,21,https://dbscthumb-phinf.pstatic.net/4776_000_1/20170522195747164_MO4OF3JSJ.jpg/fe87_194_i1.jpg?type=m4500_4500_fst_n&wm=Y,전통주
안동소주일품골드,40,https://dbscthumb-phinf.pstatic.net/4776_000_1/20170522194941961_Y6OX65PSX.jpg/fe87_193_i1.jpg?type=m4500_4500_fst_n&wm=Y,전통주
안동소주필Feel,40,https://dbscthumb-phinf.pstatic.net/4776_000_2/20200824180728498_456SSL177.jpg/fe87_458_i1.jpg?type=m4500_4500_fst_n&wm=Y,전통주
애석,15,https://dbscthumb-phinf.pstatic.net/4776_000_2/20190726154845662_OVK3Q32T5.jpg/fe87_373_i1.jpg?type=m4500_4500_fst_n&wm=Y,전통주
애피소드상그리아,3.5,https://dbscthumb-phinf.pstatic.net/4776_000_1/20181012202824469_LOLM44XYG.jpg/fe87_239_i1.jpg?type=m4500_4500_fst_n&wm=Y,전통주
애피소드애플,3.5,https://dbscthumb-phinf.pstatic.net/4776_000_1/20181012201745789_LUKUYPH79.jpg/fe87_238_i1.jpg?type=m4500_4500_fst_n&wm=Y,전통주
애피소드호프,3.5,https://dbscthumb-phinf.pstatic.net/4776_000_1/20181012203639397_LSFQF20N6.jpg/fe87_240_i1.jpg?type=m4500_4500_fst_n&wm=Y,전통주
어우야,16,https://dbscthumb-phinf.pstatic.net/4776_000_2/20190726175031720_5I85E61YF.jpg/fe87_414_i1.jpg?type=m4500_4500_fst_n&wm=Y,전통주
여포의꿈레드드라이,12,https://dbscthumb-phinf.pstatic.net/4776_000_1/20170113195900211_TWJ597247.jpg/fe87_039_i1.jpg?type=m4500_4500_fst_n&wm=Y,전통주
여포의꿈레드스위트,12,https://dbscthumb-phinf.pstatic.net/4776_000_1/20170113195949028_MQXHS76B9.jpg/fe87_040_i1.jpg?type=m4500_4500_fst_n&wm=Y,전통주
여포의꿈화이트,12,https://dbscthumb-phinf.pstatic.net/4776_000_1/20170113195813414_4K9DARKXN.jpg/fe87_038_i1.jpg?type=m4500_4500_fst_n&wm=Y,전통주
연천연주,12,https://dbscthumb-phinf.pstatic.net/4776_000_3/20200824205734849_7W9GPDDFC.jpg/fe87_521_i1.jpg?type=m4500_4500_fst_n&wm=Y,전통주
연천우주,22,https://dbscthumb-phinf.pstatic.net/4776_000_3/20200824205959659_K8MNF9HOH.jpg/fe87_522_i1.jpg?type=m4500_4500_fst_n&wm=Y,전통주
예담은한산소곡주,16,https://dbscthumb-phinf.pstatic.net/4776_000_1/20170522215141906_T7AVCG10T.JPG/fe87_212_i1.JPG?type=m4500_4500_fst_n&wm=Y,전통주
예담은한산소곡화주,41,https://dbscthumb-phinf.pstatic.net/4776_000_1/20170522214355489_JJH569TH0.JPG/fe87_211_i1.JPG?type=m4500_4500_fst_n&wm=Y,전통주
예밀와인레드드라이,13,https://dbscthumb-phinf.pstatic.net/4776_000_2/20190726151335295_EUMQD5TZD.jpg/fe87_359_i1.jpg?type=m4500_4500_fst_n&wm=Y,전통주
예밀와인레드스위트,12,https://dbscthumb-phinf.pstatic.net/4776_000_2/20190726151635198_TH9NUR4AA.jpg/fe87_360_i1.jpg?type=m4500_4500_fst_n&wm=Y,전통주
예밀와인로제,12,https://dbscthumb-phinf.pstatic.net/4776_000_2/20190726151951004_ZB35HZFOU.jpg/fe87_361_i1.jpg?type=m4500_4500_fst_n&wm=Y,전통주
예주,15,https://dbscthumb-phinf.pstatic.net/4776_000_1/20170522202708256_NEGIGMXLM.jpg/fe87_200_i1.jpg?type=m4500_4500_fst_n&wm=Y,전통주
예천주복만월24,24,https://dbscthumb-phinf.pstatic.net/4776_000_2/20190726182238240_8X3H2PP97.jpg/fe87_426_i1.jpg?type=m4500_4500_fst_n&wm=Y,전통주
예천주복만월40,40,https://dbscthumb-phinf.pstatic.net/4776_000_2/20190726144523160_NIMQH610U.jpg/fe87_349_i1.jpg?type=m4500_4500_fst_n&wm=Y,전통주
예천주사월24,24,https://dbscthumb-phinf.pstatic.net/4776_000_2/20190726144156439_7U3EE4DX0.jpg/fe87_347_i1.jpg?type=m4500_4500_fst_n&wm=Y,전통주
예천주사월36.5,36.5,https://dbscthumb-phinf.pstatic.net/4776_000_2/20190726144333888_R4834B6Z9.jpg/fe87_348_i1.jpg?type=m4500_4500_fst_n&wm=Y,전통주
예화,13,https://dbscthumb-phinf.pstatic.net/4776_000_1/20170522144414917_P0SXI4XKQ.jpg/fe87_143_i1.jpg?type=m4500_4500_fst_n&wm=Y,전통주
오디랑,13,https://dbscthumb-phinf.pstatic.net/4776_000_1/20170424210628840_5P6FYK1IO.jpg/fe87_103_i1.jpg?type=m4500_4500_fst_n&wm=Y,전통주
오매락퍽,40,https://dbscthumb-phinf.pstatic.net/4776_000_1/20170522171554324_4LOXY8EMH.JPG/fe87_169_i1.JPG?type=m4500_4500_fst_n&wm=Y,전통주
오메기맑은술,16,https://dbscthumb-phinf.pstatic.net/4776_000_3/20230323160239355_W0Y31HBQS.jpg/fe87_249_i1.jpg?type=m4500_4500_fst_n&wm=Y,전통주
오목대,5,https://dbscthumb-phinf.pstatic.net/4776_000_2/20190726164456398_HJAU7T28E.jpg/fe87_391_i1.jpg?type=m4500_4500_fst_n&wm=Y,전통주
오미로제프리미어와인,12,https://dbscthumb-phinf.pstatic.net/4776_000_1/20181013000735999_9SZB4EFXQ.jpg/fe87_264_i1.jpg?type=m4500_4500_fst_n&wm=Y,전통주
오미시앙스페셜,12,https://dbscthumb-phinf.pstatic.net/4776_000_1/20170116183700517_8Q1V27T4R.jpg/fe87_099_i1.jpg?type=m4500_4500_fst_n&wm=Y,전통주
왕율주,25,https://dbscthumb-phinf.pstatic.net/4776_000_1/20181013025130251_63QGXGGMF.jpg/fe87_286_i1.jpg?type=m4500_4500_fst_n&wm=Y,전통주
우도땅콩전통주,6,https://dbscthumb-phinf.pstatic.net/4776_000_1/20170224110751116_5F3YFOCK0.jpg/fe87_102_i1.jpg?type=m4500_4500_fst_n&wm=Y,전통주
운암1945,12,https://dbscthumb-phinf.pstatic.net/4776_000_3/20220323114919963_MF5CINKGK.jpeg/fe87_537_i1.jpeg?type=m4500_4500_fst_n&wm=Y,전통주
원매프리미엄,20,https://dbscthumb-phinf.pstatic.net/4776_000_1/20170522145940985_OILFJWVTU.jpg/fe87_146_i1.jpg?type=m4500_4500_fst_n&wm=Y,전통주
원조소곡화주,41,https://dbscthumb-phinf.pstatic.net/4776_000_2/20190726140956360_ABATYK7C3.jpg/fe87_332_i1.jpg?type=m4500_4500_fst_n&wm=Y,전통주
원조한산소곡주,16,https://dbscthumb-phinf.pstatic.net/4776_000_2/20190726140724282_YP1WXS9LP.jpg/fe87_331_i1.jpg?type=m4500_4500_fst_n&wm=Y,전통주
유기농이도14,14,https://dbscthumb-phinf.pstatic.net/4776_000_2/20200824171355085_0TJDFN203.jpg/fe87_438_i1.jpg?type=m4500_4500_fst_n&wm=Y,전통주
유기농이도42,42,https://dbscthumb-phinf.pstatic.net/4776_000_1/20170112174958210_LN6IJYND7.jpg/fe87_002_i1.jpg?type=m4500_4500_fst_n&wm=Y,전통주
이강주19,19,https://dbscthumb-phinf.pstatic.net/4776_000_1/20170113195446169_S2NPU1Q01.jpg/fe87_029_i1.jpg?type=m4500_4500_fst_n&wm=Y,전통주
이강주25,25,https://dbscthumb-phinf.pstatic.net/4776_000_1/20170113195446169_S2NPU1Q01.jpg/fe87_029_i1.jpg?type=m4500_4500_fst_n&wm=Y,전통주
이도32,32,https://dbscthumb-phinf.pstatic.net/4776_000_3/20220323115248563_T8SI1G2BM.png/fe87_538_i1.png?type=m4500_4500_fst_n&wm=Y,전통주
이상헌약주,18,https://dbscthumb-phinf.pstatic.net/4776_000_2/20190726181948647_PXZPZ5FQA.jpg/fe87_425_i1.jpg?type=m4500_4500_fst_n&wm=Y,전통주
자두와인레드,12,https://dbscthumb-phinf.pstatic.net/4776_000_1/20170522213000427_1DVRPIY7Y.JPG/fe87_209_i1.JPG?type=m4500_4500_fst_n&wm=Y,전통주
자두와인화이트,12,https://dbscthumb-phinf.pstatic.net/4776_000_1/20170522213606724_T4841TGJL.JPG/fe87_210_i1.JPG?type=m4500_4500_fst_n&wm=Y,전통주
자연송이주,18,https://dbscthumb-phinf.pstatic.net/4776_000_1/20170522185115733_S5Y39H89Q.JPG/fe87_184_i1.JPG?type=m4500_4500_fst_n&wm=Y,전통주
자희향국화주,15,https://dbscthumb-phinf.pstatic.net/4776_000_1/20170116183251521_F0ZXJ0SFZ.jpg/fe87_093_i1.jpg?type=m4500_4500_fst_n&wm=Y,전통주
장수오미자주,16.5,https://dbscthumb-phinf.pstatic.net/4776_000_2/20200824184310218_GOXOSG7KK.jpg/fe87_472_i1.jpg?type=m4500_4500_fst_n&wm=Y,전통주
정고집나주배약주15,15,https://dbscthumb-phinf.pstatic.net/4776_000_2/20190726165625411_J7VFZC232.jpg/fe87_395_i1.jpg?type=m4500_4500_fst_n&wm=Y,전통주
정고집나주배약주9,9,https://dbscthumb-phinf.pstatic.net/4776_000_2/20190726165358423_791OWYJ0H.jpg/fe87_394_i1.jpg?type=m4500_4500_fst_n&wm=Y,전통주
제주고소리술,40,https://dbscthumb-phinf.pstatic.net/4776_000_1/20181012222003982_BRW7WNUMG.jpg/fe87_250_i1.jpg?type=m4500_4500_fst_n&wm=Y,전통주
젤코바스페셜,11.5,https://dbscthumb-phinf.pstatic.net/4776_000_2/20200824194703614_OMOHRS5G3.jpg/fe87_495_i1.jpg?type=m4500_4500_fst_n&wm=Y,전통주
젤코바캠벨와인,13.5,https://dbscthumb-phinf.pstatic.net/4776_000_2/20200824194959153_OU47UL740.jpg/fe87_496_i1.jpg?type=m4500_4500_fst_n&wm=Y,전통주
젤코바프리미엄와인,12,https://dbscthumb-phinf.pstatic.net/4776_000_2/20200824194703614_OMOHRS5G3.jpg/fe87_495_i1.jpg?type=m4500_4500_fst_n&wm=Y,전통주
조선주조사,14,https://dbscthumb-phinf.pstatic.net/4776_000_2/20200824193247816_8Y995EFJ7.jpg/fe87_489_i1.jpg?type=m4500_4500_fst_n&wm=Y,전통주
조은술세종바나나주,4,https://dbscthumb-phinf.pstatic.net/4776_000_1/20170222182300868_U0V5IFB53.jpg/fe87_079_i1.jpg?type=m4500_4500_fst_n&wm=Y,전통주
주몽복분자주,16,https://dbscthumb-phinf.pstatic.net/4776_000_1/20170522190434628_2I8OXAEUQ.JPG/fe87_186_i1.JPG?type=m4500_4500_fst_n&wm=Y,전통주
죽력고,32,https://dbscthumb-phinf.pstatic.net/4776_000_1/20181013062804553_IHQ5WHVTU.png/fe87_316_i1.png?type=m4500_4500_fst_n&wm=Y,전통주
지란지교약주,17,https://dbscthumb-phinf.pstatic.net/4776_000_3/20220323120233200_M3L6LI23U.jpg/fe87_544_i1.jpg?type=m4500_4500_fst_n&wm=Y,전통주
진도홍주루비콘,40,https://dbscthumb-phinf.pstatic.net/4776_000_1/20170522141315093_5FNN973W5.jpg/fe87_138_i1.jpg?type=m4500_4500_fst_n&wm=Y,전통주
진맥소주22,22,https://dbscthumb-phinf.pstatic.net/4776_000_2/20200824185914805_5IFXSQO6J.jpg/fe87_477_i1.jpg?type=m4500_4500_fst_n&wm=Y,전통주
진맥소주40,40,https://dbscthumb-phinf.pstatic.net/4776_000_2/20200824190127315_GY89XV6BA.jpg/fe87_478_i1.jpg?type=m4500_4500_fst_n&wm=Y,전통주
진맥소주53,53,https://dbscthumb-phinf.pstatic.net/4776_000_2/20200824190416247_IVA48LQ5K.jpg/fe87_479_i1.jpg?type=m4500_4500_fst_n&wm=Y,전통주
진심홍삼주19,19,https://dbscthumb-phinf.pstatic.net/4776_000_1/20170522210701643_VAUMYEIOK.jpg/fe87_205_i1.jpg?type=m4500_4500_fst_n&wm=Y,전통주
진쾌남,25,https://dbscthumb-phinf.pstatic.net/4776_000_1/20181013025957349_JQH6G3XKI.jpg/fe87_287_i1.jpg?type=m4500_4500_fst_n&wm=Y,전통주
천년담주,15,https://dbscthumb-phinf.pstatic.net/4776_000_3/20201020150249972_SQT4QBGHP.jpg/fe87_435_i1.jpg?type=m4500_4500_fst_n&wm=Y,전통주
천년주,25,https://dbscthumb-phinf.pstatic.net/4776_000_2/20190726180241574_69KI7JRWC.jpg/fe87_419_i1.jpg?type=m4500_4500_fst_n&wm=Y,전통주
천등산차례주,11,https://dbscthumb-phinf.pstatic.net/4776_000_3/20200824210538609_YDJ847BZW.jpg/fe87_524_i1.jpg?type=m4500_4500_fst_n&wm=Y,전통주
천마몽,38,https://dbscthumb-phinf.pstatic.net/4776_000_1/20170522151013537_4KM6ANWPA.jpg/fe87_148_i1.jpg?type=m4500_4500_fst_n&wm=Y,전통주
천매,30,https://dbscthumb-phinf.pstatic.net/4776_000_1/20170522150429523_YMX0ORLBE.jpg/fe87_147_i1.jpg?type=m4500_4500_fst_n&wm=Y,전통주
천비향오양주약주,16,https://dbscthumb-phinf.pstatic.net/4776_000_3/20230323160456248_FMYELIYZV.jpg/fe87_299_i1.jpg?type=m4500_4500_fst_n&wm=Y,전통주
천비향화주,40,https://dbscthumb-phinf.pstatic.net/4776_000_1/20181013043744508_SLEWHFGMJ.jpg/fe87_300_i1.jpg?type=m4500_4500_fst_n&wm=Y,전통주
천안연미주,13,https://dbscthumb-phinf.pstatic.net/4776_000_1/20170522212440188_6ZAD5HS6S.JPG/fe87_208_i1.JPG?type=m4500_4500_fst_n&wm=Y,전통주
청명주,17,https://dbscthumb-phinf.pstatic.net/4776_000_2/20181015103553540_RYFTUJ2CL.jpg/fe87_230_i1.jpg?type=m4500_4500_fst_n&wm=Y,전통주
청세주,18,https://dbscthumb-phinf.pstatic.net/4776_000_1/20170116183356119_DD8DLHQU1.jpg/fe87_095_i1.jpg?type=m4500_4500_fst_n&wm=Y,전통주
청양둔송구기주,16,https://dbscthumb-phinf.pstatic.net/4776_000_1/20170522160021743_QV1BJ63NG.JPG/fe87_158_i1.JPG?type=m4500_4500_fst_n&wm=Y,전통주
청진주,16,https://dbscthumb-phinf.pstatic.net/4776_000_1/20181013032613794_D0LI605ZY.jpg/fe87_290_i1.jpg?type=m4500_4500_fst_n&wm=Y,전통주
청춘,15,https://dbscthumb-phinf.pstatic.net/4776_000_1/20170522192749529_XXCW7CMWA.JPG/fe87_190_i1.JPG?type=m4500_4500_fst_n&wm=Y,전통주
초선의꿈로제,12,https://dbscthumb-phinf.pstatic.net/4776_000_1/20170224173206862_P8A92ZAY6.jpg/fe87_037_i1.jpg?type=m4500_4500_fst_n&wm=Y,전통주
추사40,40,https://dbscthumb-phinf.pstatic.net/4776_000_1/20181013074004673_41XZS2NSQ.jpg/fe87_327_i1.jpg?type=m4500_4500_fst_n&wm=Y,전통주
추사로제,12,https://dbscthumb-phinf.pstatic.net/4776_000_1/20181013073257168_GTC11D1XB.jpg/fe87_326_i1.jpg?type=m4500_4500_fst_n&wm=Y,전통주
추사백25,25,https://dbscthumb-phinf.pstatic.net/4776_000_3/20220323120323827_ES7BLHUI1.jpg/fe87_545_i1.jpg?type=m4500_4500_fst_n&wm=Y,전통주
추사블루,12,https://dbscthumb-phinf.pstatic.net/4776_000_1/20170522201454730_HR73ADRDZ.JPG/fe87_198_i1.JPG?type=m4500_4500_fst_n&wm=Y,전통주
추사애플와인,12,https://dbscthumb-phinf.pstatic.net/4776_000_1/20170522200853977_IUGDKDS9Q.jpg/fe87_197_i1.jpg?type=m4500_4500_fst_n&wm=Y,전통주
추시와인,12.5,https://dbscthumb-phinf.pstatic.net/4776_000_2/20190726173806814_ASIO0SZQA.jpg/fe87_409_i1.jpg?type=m4500_4500_fst_n&wm=Y,전통주
충주백주,35,https://dbscthumb-phinf.pstatic.net/4776_000_3/20200824210831895_DN05AFD6H.jpg/fe87_525_i1.jpg?type=m4500_4500_fst_n&wm=Y,전통주
컨츄리산머루와인드라이,14,https://dbscthumb-phinf.pstatic.net/4776_000_1/20170113195607818_CKBBLWB0P.jpg/fe87_033_i1.jpg?type=m4500_4500_fst_n&wm=Y,전통주
컨츄리산머루와인스위트,12,https://dbscthumb-phinf.pstatic.net/4776_000_1/20170113195548373_GI339ODO1.jpg/fe87_032_i1.jpg?type=m4500_4500_fst_n&wm=Y,전통주
컨츄리와인캠벨얼리스위트,12,https://dbscthumb-phinf.pstatic.net/4776_000_1/20170113195526868_PIRYE7240.jpg/fe87_031_i1.jpg?type=m4500_4500_fst_n&wm=Y,전통주
코이버펑크머스캣베일리에이,12,https://dbscthumb-phinf.pstatic.net/4776_000_3/20220323120355472_076ZVMJQC.jpg/fe87_546_i1.jpg?type=m4500_4500_fst_n&wm=Y,전통주
코이버펑크샤르도네세미용블랜드,11,https://dbscthumb-phinf.pstatic.net/4776_000_3/20220323120549122_OFO0F3BJ4.jpg/fe87_547_i1.jpg?type=m4500_4500_fst_n&wm=Y,전통주
코이버펑크카베르네소비뇽,12,https://dbscthumb-phinf.pstatic.net/4776_000_3/20220323120648060_0OZSJY8PV.png/fe87_548_i1.png?type=m4500_4500_fst_n&wm=Y,전통주
쿨샷7.5,7.5,https://dbscthumb-phinf.pstatic.net/4776_000_1/20181013003853116_3RPK3G2BM.jpg/fe87_269_i1.jpg?type=m4500_4500_fst_n&wm=Y,전통주
크라테레드와인드라이,11.5,https://dbscthumb-phinf.pstatic.net/4776_000_2/20190726141509375_OUJIB8HHY.jpg/fe87_334_i1.jpg?type=m4500_4500_fst_n&wm=Y,전통주
크라테레드와인스위트,11.5,https://dbscthumb-phinf.pstatic.net/4776_000_2/20190726141144741_RYSQU37Q9.jpg/fe87_333_i1.jpg?type=m4500_4500_fst_n&wm=Y,전통주
크라테로제와인,11.5,https://dbscthumb-phinf.pstatic.net/4776_000_2/20190726141714731_9F3DOO2S1.jpg/fe87_335_i1.jpg?type=m4500_4500_fst_n&wm=Y,전통주
타미앙스,40,https://dbscthumb-phinf.pstatic.net/4776_000_1/20170113194355075_O4LHIF090.jpg/fe87_022_i1.jpg?type=m4500_4500_fst_n&wm=Y,전통주
톡쏘는알밤동동,6,https://dbscthumb-phinf.pstatic.net/4776_000_1/20170112175039444_NV2DZSC7Y.jpg/fe87_006_i1.jpg?type=m4500_4500_fst_n&wm=Y,전통주
톡한잔골드,43,https://dbscthumb-phinf.pstatic.net/4776_000_1/20170522143219238_QN788U01S.JPG/fe87_141_i1.JPG?type=m4500_4500_fst_n&wm=Y,전통주
톡한잔소주,30,https://dbscthumb-phinf.pstatic.net/4776_000_1/20170522142452459_LWT7DC4Z1.JPG/fe87_140_i1.JPG?type=m4500_4500_fst_n&wm=Y,전통주
펀치쌀바나나,4,https://dbscthumb-phinf.pstatic.net/4776_000_1/20170522153822433_8HWKKTZ14.jpg/fe87_154_i1.jpg?type=m4500_4500_fst_n&wm=Y,전통주
평창머루주,16,https://dbscthumb-phinf.pstatic.net/4776_000_1/20170522215927615_YZ094WBM5.JPG/fe87_213_i1.JPG?type=m4500_4500_fst_n&wm=Y,전통주
평창오디주,16,https://dbscthumb-phinf.pstatic.net/4776_000_1/20170522221716015_BM5EFO7FI.JPG/fe87_215_i1.JPG?type=m4500_4500_fst_n&wm=Y,전통주
포엠레드드라이와인,12,https://dbscthumb-phinf.pstatic.net/4776_000_2/20200824173726173_MKQVPNKO9.jpg/fe87_446_i1.jpg?type=m4500_4500_fst_n&wm=Y,전통주
포엠레드스위트와인,12,https://dbscthumb-phinf.pstatic.net/4776_000_2/20200824173442268_9CQJALR6D.jpg/fe87_445_i1.jpg?type=m4500_4500_fst_n&wm=Y,전통주
포엠로제와인,12,https://dbscthumb-phinf.pstatic.net/4776_000_2/20200824174003769_T33S6HEA0.jpg/fe87_447_i1.jpg?type=m4500_4500_fst_n&wm=Y,전통주
포엠화이트와인,12,https://dbscthumb-phinf.pstatic.net/4776_000_2/20200824174227483_8KCO7I0BI.jpg/fe87_448_i1.jpg?type=m4500_4500_fst_n&wm=Y,전통주
풍남문,5,https://dbscthumb-phinf.pstatic.net/4776_000_2/20190726163757079_HCZLQAT4A.jpg/fe87_389_i1.jpg?type=m4500_4500_fst_n&wm=Y,전통주
풍정사계동,25,https://dbscthumb-phinf.pstatic.net/4776_000_1/20170524153220342_2CQL4W1U1.jpg/fe87_219_i1.jpg?type=m4500_4500_fst_n&wm=Y,전통주
풍정사계춘,15,https://dbscthumb-phinf.pstatic.net/4776_000_1/20170522222554203_SMLWR2A4O.JPG/fe87_216_i1.JPG?type=m4500_4500_fst_n&wm=Y,전통주
풍정사계하,18,https://dbscthumb-phinf.pstatic.net/4776_000_1/20170522223226191_16RYYZN21.JPG/fe87_217_i1.JPG?type=m4500_4500_fst_n&wm=Y,전통주
하향주증류주,45,https://dbscthumb-phinf.pstatic.net/4776_000_2/20190726174845291_EVDC4JPCY.jpg/fe87_413_i1.jpg?type=m4500_4500_fst_n&wm=Y,전통주
한비동충하초술,35,https://dbscthumb-phinf.pstatic.net/4776_000_1/20181013010424755_J2YXWSAGI.jpg/fe87_273_i1.jpg?type=m4500_4500_fst_n&wm=Y,전통주
한비무병장수술,35,https://dbscthumb-phinf.pstatic.net/4776_000_1/20181013011116326_L00EPPENK.jpg/fe87_274_i1.jpg?type=m4500_4500_fst_n&wm=Y,전통주
한비쌀소주,40,https://dbscthumb-phinf.pstatic.net/4776_000_1/20181013005033120_QGT38KXX9.jpg/fe87_271_i1.jpg?type=m4500_4500_fst_n&wm=Y,전통주
한비오가피술,35,https://dbscthumb-phinf.pstatic.net/4776_000_1/20181013005750902_TEOHPQH9L.jpg/fe87_272_i1.jpg?type=m4500_4500_fst_n&wm=Y,전통주
한산소곡주,18,https://dbscthumb-phinf.pstatic.net/4776_000_1/20170113200248649_Y8S7WA8MX.jpg/fe87_045_i1.jpg?type=m4500_4500_fst_n&wm=Y,전통주
한스오차드사과와인,11,https://dbscthumb-phinf.pstatic.net/4776_000_1/20181012200838946_H1X4KZ6Q2.jpg/fe87_237_i1.jpg?type=m4500_4500_fst_n&wm=Y,전통주
한시울,40,https://dbscthumb-phinf.pstatic.net/4776_000_2/20190726181333084_9H83F4DYS.png/fe87_423_i1.png?type=m4500_4500_fst_n&wm=Y,전통주
한주,35,https://dbscthumb-phinf.pstatic.net/4776_000_3/20221109173701982_3KVEHLVQD.png/fe87_311_i1.png?type=m4500_4500_fst_n&wm=Y,전통주
해미읍성딸기와인,12,https://dbscthumb-phinf.pstatic.net/4776_000_2/20190726171124818_44OM5L5F8.jpg/fe87_400_i1.jpg?type=m4500_4500_fst_n&wm=Y,전통주
해미읍성매실와인,12,https://dbscthumb-phinf.pstatic.net/4776_000_2/20190726171408115_B0QNE938L.jpg/fe87_401_i1.jpg?type=m4500_4500_fst_n&wm=Y,전통주
해미읍성모과와인,12,https://dbscthumb-phinf.pstatic.net/4776_000_2/20190726171948532_P029U5J8P.jpg/fe87_403_i1.jpg?type=m4500_4500_fst_n&wm=Y,전통주
해미읍성살구와인,12,https://dbscthumb-phinf.pstatic.net/4776_000_2/20190726171656562_DIX9SX4N7.jpg/fe87_402_i1.jpg?type=m4500_4500_fst_n&wm=Y,전통주
해방주18.8,18.8,https://dbscthumb-phinf.pstatic.net/4776_000_2/20190726152829711_K09TW9QOR.jpg/fe87_365_i1.jpg?type=m4500_4500_fst_n&wm=Y,전통주
해방주38,38,https://dbscthumb-phinf.pstatic.net/4776_000_2/20190726175956091_MY38IN53J.jpg/fe87_418_i1.jpg?type=m4500_4500_fst_n&wm=Y,전통주
해파랑,13,https://dbscthumb-phinf.pstatic.net/4776_000_2/20190726175641859_BF9U671OQ.jpg/fe87_417_i1.jpg?type=m4500_4500_fst_n&wm=Y,전통주
행운주,12,https://dbscthumb-phinf.pstatic.net/4776_000_2/20200824182641699_VPT2Q8PSF.jpg/fe87_466_i1.jpg?type=m4500_4500_fst_n&wm=Y,전통주
허니문와인,10,https://dbscthumb-phinf.pstatic.net/4776_000_2/20190726142826916_D1DNI5FVF.jpg/fe87_340_i1.jpg?type=m4500_4500_fst_n&wm=Y,전통주
허니비와인,8,https://dbscthumb-phinf.pstatic.net/4776_000_1/20170522193930712_01OXJVIXW.JPG/fe87_192_i1.JPG?type=m4500_4500_fst_n&wm=Y,전통주
호담산양산삼주,13,https://dbscthumb-phinf.pstatic.net/4776_000_1/20170522230551156_78CSXXRTN.jpg/fe87_223_i1.jpg?type=m4500_4500_fst_n&wm=Y,전통주
혼디주,12,https://dbscthumb-phinf.pstatic.net/4776_000_2/20190726162102298_R3BVYYX0H.jpg/fe87_384_i1.jpg?type=m4500_4500_fst_n&wm=Y,전통주
홍삼명주,14,https://dbscthumb-phinf.pstatic.net/4776_000_1/20170116182749862_W873QRMBB.jpg/fe87_086_i1.jpg?type=m4500_4500_fst_n&wm=Y,전통주
화주,25,https://dbscthumb-phinf.pstatic.net/4776_000_1/20181013015223485_UESTXR3T0.jpg/fe87_279_i1.jpg?type=m4500_4500_fst_n&wm=Y,전통주
황금보리소주17,17,https://dbscthumb-phinf.pstatic.net/4776_000_2/20190726153349837_KZTC5TFDL.jpg/fe87_367_i1.jpg?type=m4500_4500_fst_n&wm=Y,전통주
황금보리소주25,25,https://dbscthumb-phinf.pstatic.net/4776_000_2/20190726153603659_9M5X65VA4.jpg/fe87_368_i1.jpg?type=m4500_4500_fst_n&wm=Y,전통주
황금보리소주40,40,https://dbscthumb-phinf.pstatic.net/4776_000_2/20190726153837107_MBXUFAI9P.jpg/fe87_369_i1.jpg?type=m4500_4500_fst_n&wm=Y,전통주
황칠주,16,https://dbscthumb-phinf.pstatic.net/4776_000_2/20190726175436561_DWMVUOF3U.jpg/fe87_416_i1.jpg?type=m4500_4500_fst_n&wm=Y,전통주
흑돈주,16,https://dbscthumb-phinf.pstatic.net/4776_000_2/20190726175230649_48ESJ082Y.jpg/fe87_415_i1.jpg?type=m4500_4500_fst_n&wm=Y,전통주